season,date,day_of_week,kick_off,kick_off_band,home,away,home_region,away_region,fixture_type,attendance,attendance_source,home_score,away_score,month,bank_holiday,tv,derby,road_km,drive_min,travel_band,home_season_avg,attendance_index,away_season_avg,home_position,home_form_5,matchday,excluded,tm_match_id,school_holiday,in_school_holiday,clash_club,clash,clash_any,wx_temp,wx_feels,wx_precipitation,wx_rain,wx_snowfall,wx_wind,wx_gust,wx_cloud,wx_code,wx_precip_3h,wx_cond,wx_temp_band,wx_wind_band,wx_wet
2019-2020,2019-08-16,Friday,19:45,Fri evening,Aberystwyth Town,Carmarthen Town,Mid,South,Mid-South,336.0,transfermarkt,3.0,2.0,Aug,,0,0,78.9,87,1-2h,317.38461538461536,1.0586524478914203,272.0,,,1,,3224892,Summer,1,,0,0,17.8,16.9,3.1,3.1,0.0,23.6,51.8,100.0,63.0,6.0,Heavy rain,12-17°C,Windy (40-55),1.0
2019-2020,2019-08-16,Friday,19:45,Fri evening,Airbus UK Broughton,Bala Town,North,North,North-North,417.0,transfermarkt,1.0,2.0,Aug,,0,0,57.3,60,1-2h,291.75,1.429305912596401,265.25,,,1,,3224893,Summer,1,,0,0,17.7,16.9,0.1,0.1,0.0,18.4,41.8,39.0,51.0,3.1,Rain,12-17°C,Windy (40-55),1.0
2019-2020,2019-08-16,Friday,19:45,Fri evening,Newtown AFC,Cefn Druids,Mid,North,Mid-North,211.0,transfermarkt,0.0,0.0,Aug,,0,0,65.4,64,1-2h,270.1666666666667,0.7809993830968538,273.1666666666667,,,1,,3261814,Summer,1,,0,0,17.4,16.4,0.3,0.3,0.0,21.8,46.4,100.0,51.0,2.3,Rain,12-17°C,Windy (40-55),1.0
2019-2020,2019-08-16,Friday,20:00,Fri evening,Penybont FC,Barry Town United,South,South,South-South,531.0,transfermarkt,1.0,2.0,Aug,,0,1,32.5,38,<1h,253.07692307692307,2.098176291793313,424.6666666666667,,,1,,3224896,Summer,1,,0,0,17.4,14.9,2.8,2.8,0.0,31.7,58.0,100.0,63.0,9.399999999999999,Heavy rain,12-17°C,Gale (55+),1.0
2019-2020,2019-08-17,Saturday,14:30,Sat afternoon,Connah's Quay Nomads,Cardiff Metropolitan University,North,South,North-South,225.0,transfermarkt,1.0,1.0,Aug,,0,0,255.8,216,>3h,289.6923076923077,0.7766861391396708,256.0,,,1,,3224897,Summer,1,,0,1,18.1,14.3,0.0,0.0,0.0,25.0,45.0,33.0,1.0,0.0,Clear,12-17°C,Windy (40-55),0.0
2019-2020,2019-08-18,Sunday,14:30,Sun afternoon,The New Saints,Caernarfon Town,North,North,North-North,312.0,transfermarkt,1.0,0.0,Aug,,0,0,145.4,108,1-2h,291.0769230769231,1.0718816067653276,644.9230769230769,,,1,,3224895,Summer,1,,0,0,16.3,12.0,0.0,0.0,0.0,26.9,56.2,31.0,1.0,0.2,Drizzle,7-12°C,Gale (55+),0.0
2019-2020,2019-08-23,Friday,19:45,Fri evening,Bala Town,The New Saints,North,North,North-North,,,3.0,1.0,Aug,,0,0,54.3,50,<1h,265.25,,291.0769230769231,,,2,,3226613,Summer,1,,0,0,20.9,21.4,0.0,0.0,0.0,9.0,28.1,80.0,3.0,0.0,"Dry, overcast",Over 17°C,Breezy (25-40),0.0
2019-2020,2019-08-23,Friday,19:45,Fri evening,Barry Town United,Aberystwyth Town,South,Mid,Mid-South,467.0,transfermarkt,3.0,1.0,Aug,,0,0,176.5,161,2-3h,424.6666666666667,1.0996860282574568,317.38461538461536,,,2,,3226614,Summer,1,,0,0,20.7,21.4,0.0,0.0,0.0,9.1,16.6,8.0,0.0,0.0,Clear,Over 17°C,Calm (<25 km/h gusts),0.0
2019-2020,2019-08-23,Friday,19:45,Fri evening,Caernarfon Town,Connah's Quay Nomads,North,North,North-North,642.0,transfermarkt,0.0,0.0,Aug,,0,0,97.5,78,1-2h,644.9230769230769,0.9954675572519084,289.6923076923077,,,2,,3226615,Summer,1,,0,0,19.4,19.4,0.0,0.0,0.0,12.7,27.7,55.0,2.0,0.0,"Dry, overcast",Over 17°C,Breezy (25-40),0.0
2019-2020,2019-08-23,Friday,19:45,Fri evening,Cefn Druids,Airbus UK Broughton,North,North,North-North,385.0,transfermarkt,3.0,1.0,Aug,,0,1,31.4,27,<1h,273.1666666666667,1.4093959731543624,291.75,,,2,,3226616,Summer,1,,0,0,21.2,21.4,0.0,0.0,0.0,9.8,20.9,64.0,2.0,0.0,"Dry, overcast",Over 17°C,Calm (<25 km/h gusts),0.0
2019-2020,2019-08-23,Friday,19:45,Fri evening,Penybont FC,Cardiff Metropolitan University,South,South,South-South,336.0,transfermarkt,1.0,3.0,Aug,,0,1,37.0,43,<1h,253.07692307692307,1.3276595744680852,256.0,,,2,,3226617,Summer,1,,0,0,20.2,20.2,0.0,0.0,0.0,13.0,25.9,14.0,0.0,0.0,Clear,Over 17°C,Breezy (25-40),0.0
2019-2020,2019-08-23,Friday,20:00,Fri evening,Carmarthen Town,Newtown AFC,South,Mid,Mid-South,323.0,transfermarkt,1.0,2.0,Aug,,0,0,131.6,118,1-2h,272.0,1.1875,270.1666666666667,,,2,,3261815,Summer,1,,0,0,18.4,18.6,0.0,0.0,0.0,10.2,18.7,96.0,3.0,0.0,"Dry, overcast",Over 17°C,Calm (<25 km/h gusts),0.0
2019-2020,2019-08-26,Monday,14:30,Midweek,Aberystwyth Town,The New Saints,Mid,North,Mid-North,357.0,transfermarkt,1.0,10.0,Aug,August BH,0,0,118.2,107,1-2h,317.38461538461536,1.1248182258846342,291.0769230769231,,,3,,3226619,Summer,1,,0,0,19.8,20.5,0.0,0.0,0.0,13.7,31.7,3.0,0.0,0.0,Clear,Over 17°C,Breezy (25-40),0.0
2019-2020,2019-08-26,Monday,14:30,Midweek,Barry Town United,Bala Town,South,North,North-South,542.0,transfermarkt,2.0,2.0,Aug,August BH,0,0,225.3,206,>3h,424.6666666666667,1.2762951334379906,265.25,,,3,,3226620,Summer,1,,0,0,20.2,23.1,0.0,0.0,0.0,8.0,23.4,1.0,0.0,0.0,Clear,Over 17°C,Calm (<25 km/h gusts),0.0
2019-2020,2019-08-26,Monday,14:30,Midweek,Caernarfon Town,Cefn Druids,North,North,North-North,604.0,transfermarkt,1.0,1.0,Aug,August BH,0,0,132.9,98,1-2h,644.9230769230769,0.9365458015267176,273.1666666666667,,,3,,3226621,Summer,1,,0,0,19.9,20.7,0.0,0.0,0.0,12.8,29.9,30.0,1.0,0.0,Clear,Over 17°C,Breezy (25-40),0.0
2019-2020,2019-08-26,Monday,14:30,Midweek,Cardiff Metropolitan University,Airbus UK Broughton,South,North,North-South,279.0,transfermarkt,1.0,0.0,Aug,August BH,0,0,240.3,200,>3h,256.0,1.08984375,291.75,,,3,,3226622,Summer,1,,0,0,21.7,23.3,0.0,0.0,0.0,10.6,26.6,13.0,0.0,0.0,Clear,Over 17°C,Breezy (25-40),0.0
2019-2020,2019-08-26,Monday,14:30,Midweek,Connah's Quay Nomads,Carmarthen Town,North,South,North-South,234.0,transfermarkt,1.0,1.0,Aug,August BH,0,0,236.8,203,>3h,289.6923076923077,0.8077535847052576,272.0,,,3,,3226623,Summer,1,,0,0,22.5,24.9,0.0,0.0,0.0,2.8,14.4,96.0,3.0,0.0,"Dry, overcast",Over 17°C,Calm (<25 km/h gusts),0.0
2019-2020,2019-08-26,Monday,14:30,Midweek,Newtown AFC,Penybont FC,Mid,South,Mid-South,326.0,transfermarkt,1.0,1.0,Aug,August BH,0,0,172.5,154,2-3h,270.1666666666667,1.2066625539790252,253.07692307692307,,,3,,3261816,Summer,1,,0,0,24.7,26.0,0.0,0.0,0.0,8.7,20.9,63.0,2.0,0.0,"Dry, overcast",Over 17°C,Calm (<25 km/h gusts),0.0
2019-2020,2019-08-30,Friday,19:45,Fri evening,Bala Town,Connah's Quay Nomads,North,North,North-North,304.0,transfermarkt,0.0,1.0,Aug,,0,0,63.7,67,1-2h,265.25,1.1460885956644675,289.6923076923077,1.0,2.3333333333333335,4,,3226625,Summer,1,,0,1,16.2,14.4,0.0,0.0,0.0,22.0,64.4,93.0,3.0,0.0,"Dry, overcast",12-17°C,Gale (55+),0.0
2019-2020,2019-08-30,Friday,19:45,Fri evening,Carmarthen Town,Barry Town United,South,South,South-South,410.0,transfermarkt,0.0,1.0,Aug,,0,0,109.6,85,1-2h,272.0,1.5073529411764706,424.6666666666667,10.0,0.3333333333333333,4,,3226627,Summer,1,Cardiff City,1,1,16.3,14.5,0.1,0.1,0.0,22.6,53.3,84.0,51.0,0.5,Drizzle,12-17°C,Windy (40-55),0.0
2019-2020,2019-08-30,Friday,19:45,Fri evening,Cefn Druids,Aberystwyth Town,North,Mid,Mid-North,342.0,transfermarkt,1.0,2.0,Aug,,0,0,132.6,120,2-3h,273.1666666666667,1.2519829164124463,317.38461538461536,6.0,1.6666666666666667,4,,3226628,Summer,1,,0,1,16.9,15.2,0.9,0.9,0.0,19.3,52.2,100.0,53.0,0.9,Drizzle,12-17°C,Windy (40-55),0.0
2019-2020,2019-08-30,Friday,19:45,Fri evening,Cardiff Metropolitan University,Newtown AFC,South,Mid,Mid-South,151.0,transfermarkt,1.0,0.0,Aug,,0,0,153.2,143,2-3h,256.0,0.58984375,270.1666666666667,2.0,2.3333333333333335,4,,3261817,Summer,1,Cardiff City,1,1,17.4,16.5,0.0,0.0,0.0,13.7,31.3,39.0,1.0,0.0,Clear,12-17°C,Breezy (25-40),0.0
2019-2020,2019-08-30,Friday,20:00,Fri evening,Airbus UK Broughton,Caernarfon Town,North,North,North-North,397.0,transfermarkt,2.0,3.0,Aug,,0,0,105.2,81,1-2h,291.75,1.3607540702656384,644.9230769230769,12.0,0.0,4,,3226629,Summer,1,,0,1,17.8,15.9,0.0,0.0,0.0,20.3,37.4,100.0,3.0,0.4,Drizzle,12-17°C,Breezy (25-40),0.0
2019-2020,2019-08-31,Saturday,14:30,Sat afternoon,The New Saints,Penybont FC,North,South,North-South,323.0,transfermarkt,2.0,1.0,Aug,,0,0,231.8,192,>3h,291.0769230769231,1.1096723044397463,253.07692307692307,4.0,2.0,4,,3226630,Summer,1,Wrexham,1,1,16.0,12.7,0.0,0.0,0.0,20.7,43.2,29.0,1.0,0.1,Clear,12-17°C,Windy (40-55),0.0
2019-2020,2019-09-07,Saturday,14:30,Sat afternoon,Aberystwyth Town,Airbus UK Broughton,Mid,North,Mid-North,306.0,transfermarkt,1.0,2.0,Sep,,0,0,158.8,137,2-3h,317.38461538461536,0.964129907901115,291.75,6.0,1.5,5,,3226631,,0,Newport County,1,1,16.0,13.5,0.0,0.0,0.0,17.9,41.0,70.0,2.0,0.0,"Dry, overcast",12-17°C,Windy (40-55),0.0
2019-2020,2019-09-07,Saturday,14:30,Sat afternoon,Barry Town United,Caernarfon Town,South,North,North-South,564.0,transfermarkt,0.0,0.0,Sep,,0,0,280.1,248,>3h,424.6666666666667,1.328100470957614,644.9230769230769,1.0,2.5,5,,3226632,,0,Newport County,1,1,17.5,17.2,0.1,0.1,0.0,1.9,11.5,51.0,51.0,0.1,"Dry, overcast",Over 17°C,Calm (<25 km/h gusts),0.0
2019-2020,2019-09-07,Saturday,14:30,Sat afternoon,Carmarthen Town,Cardiff Metropolitan University,South,South,South-South,260.0,transfermarkt,2.0,2.0,Sep,,0,0,108.9,90,1-2h,272.0,0.9558823529411764,256.0,11.0,0.25,5,,3226633,,0,Newport County,1,1,15.8,12.9,0.0,0.0,0.0,19.8,39.6,74.0,2.0,0.0,"Dry, overcast",12-17°C,Breezy (25-40),0.0
2019-2020,2019-09-07,Saturday,14:30,Sat afternoon,Penybont FC,Bala Town,South,North,North-South,186.0,transfermarkt,1.0,6.0,Sep,,0,0,237.8,213,>3h,253.07692307692307,0.7349544072948329,265.25,12.0,0.25,5,,3226634,,0,Newport County,1,1,16.8,14.8,0.0,0.0,0.0,12.9,28.1,93.0,3.0,0.0,"Dry, overcast",12-17°C,Breezy (25-40),0.0
2019-2020,2019-09-10,Tuesday,19:45,Midweek,Connah's Quay Nomads,Cefn Druids,North,North,North-North,207.0,transfermarkt,1.0,0.0,Sep,,0,1,47.3,43,<1h,289.6923076923077,0.7145512480084971,273.1666666666667,5.0,1.5,5,,3226635,,0,,0,0,14.0,11.5,0.0,0.0,0.0,14.3,25.2,100.0,3.0,0.0,"Dry, overcast",7-12°C,Breezy (25-40),0.0
2019-2020,2019-09-10,Tuesday,19:45,Midweek,The New Saints,Newtown AFC,North,Mid,Mid-North,221.0,transfermarkt,2.0,1.0,Sep,,0,0,51.5,50,<1h,291.0769230769231,0.7592494714587738,270.1666666666667,4.0,2.25,5,,3261818,,0,,0,0,12.9,10.0,0.0,0.0,0.0,14.0,27.7,100.0,3.0,0.0,"Dry, overcast",7-12°C,Breezy (25-40),0.0
2019-2020,2019-09-13,Friday,19:45,Fri evening,Connah's Quay Nomads,Aberystwyth Town,North,Mid,Mid-North,223.0,transfermarkt,4.0,1.0,Sep,,0,0,142.6,144,2-3h,289.6923076923077,0.7697822623473182,317.38461538461536,5.0,1.8,6,,3261819,,0,,0,0,13.1,12.3,0.0,0.0,0.0,4.6,15.1,0.0,0.0,0.0,Clear,12-17°C,Calm (<25 km/h gusts),0.0
2019-2020,2019-09-14,Saturday,14:30,Sat afternoon,Airbus UK Broughton,Barry Town United,North,South,North-South,247.0,transfermarkt,0.0,1.0,Sep,,0,0,262.1,216,>3h,291.75,0.8466152527849186,424.6666666666667,10.0,0.6,6,,3261820,,0,Wrexham,1,1,19.5,17.7,0.0,0.0,0.0,11.6,28.1,97.0,3.0,0.0,"Dry, overcast",Over 17°C,Breezy (25-40),0.0
2019-2020,2019-09-14,Saturday,14:30,Sat afternoon,Caernarfon Town,Penybont FC,North,South,North-South,502.0,transfermarkt,3.0,2.0,Sep,,0,0,289.8,254,>3h,644.9230769230769,0.7783874045801527,253.07692307692307,6.0,1.2,6,,3261821,,0,Wrexham,1,1,17.1,14.1,0.0,0.0,0.0,23.4,49.7,44.0,1.0,0.0,"Dry, overcast",12-17°C,Windy (40-55),0.0
2019-2020,2019-09-14,Saturday,14:30,Sat afternoon,Cefn Druids,Carmarthen Town,North,South,North-South,159.0,transfermarkt,3.0,3.0,Sep,,0,0,194.8,170,2-3h,273.1666666666667,0.5820622330689444,272.0,8.0,1.0,6,,3261822,,0,Wrexham,1,1,18.6,16.4,0.0,0.0,0.0,14.0,31.7,97.0,3.0,0.0,"Dry, overcast",12-17°C,Breezy (25-40),0.0
2019-2020,2019-09-14,Saturday,14:30,Sat afternoon,Newtown AFC,Bala Town,Mid,North,Mid-North,272.0,transfermarkt,1.0,0.0,Sep,,0,0,77.9,76,1-2h,270.1666666666667,1.0067859346082664,265.25,9.0,1.0,6,,3261823,,0,Swansea City,1,1,19.0,17.5,0.0,0.0,0.0,12.8,28.4,96.0,3.0,0.0,"Dry, overcast",Over 17°C,Breezy (25-40),0.0
2019-2020,2019-09-16,Monday,20:00,Midweek,Cardiff Metropolitan University,The New Saints,South,North,North-South,497.0,transfermarkt,1.0,1.0,Sep,,0,0,199.7,170,2-3h,256.0,1.94140625,291.0769230769231,4.0,2.2,6,,3261824,,0,,0,0,15.3,14.5,0.0,0.0,0.0,10.9,20.9,93.0,3.0,0.1,"Dry, overcast",12-17°C,Calm (<25 km/h gusts),0.0
2019-2020,2019-09-20,Friday,19:45,Fri evening,Aberystwyth Town,Caernarfon Town,Mid,North,Mid-North,452.0,transfermarkt,2.0,3.0,Sep,,0,0,124.4,119,1-2h,317.38461538461536,1.4241396025206012,644.9230769230769,9.0,0.6,7,,3261825,,0,,0,0,18.2,14.7,0.0,0.0,0.0,21.4,43.6,0.0,0.0,0.0,Clear,12-17°C,Windy (40-55),0.0
2019-2020,2019-09-20,Friday,20:00,Fri evening,Newtown AFC,Connah's Quay Nomads,Mid,North,Mid-North,281.0,transfermarkt,1.0,1.0,Sep,,0,0,106.8,96,1-2h,270.1666666666667,1.040098704503393,289.6923076923077,7.0,1.4,7,,3261826,,0,,0,0,15.7,13.2,0.0,0.0,0.0,14.5,32.8,0.0,0.0,0.0,Clear,12-17°C,Breezy (25-40),0.0
2019-2020,2019-09-21,Saturday,14:30,Sat afternoon,Bala Town,Cardiff Metropolitan University,North,South,North-South,181.0,transfermarkt,1.0,2.0,Sep,,0,0,213.3,202,>3h,265.25,0.6823751178133836,256.0,6.0,1.4,7,,3261827,,0,,0,1,19.6,17.4,0.0,0.0,0.0,19.6,53.6,0.0,0.0,0.0,Clear,Over 17°C,Windy (40-55),0.0
2019-2020,2019-09-21,Saturday,14:30,Sat afternoon,Carmarthen Town,The New Saints,South,North,North-South,322.0,transfermarkt,2.0,6.0,Sep,,0,0,180.4,157,2-3h,272.0,1.1838235294117647,291.0769230769231,10.0,0.6,7,,3261828,,0,"Cardiff City, Newport County",1,1,21.7,19.5,0.0,0.0,0.0,25.1,52.6,74.0,2.0,0.0,"Dry, overcast",Over 17°C,Windy (40-55),0.0
2019-2020,2019-09-21,Saturday,14:30,Sat afternoon,Penybont FC,Airbus UK Broughton,South,North,North-South,257.0,transfermarkt,3.0,1.0,Sep,,0,0,272.5,223,>3h,253.07692307692307,1.0155015197568389,291.75,12.0,0.2,7,,3261829,,0,"Cardiff City, Newport County",1,1,21.7,19.1,0.0,0.0,0.0,26.8,52.9,3.0,0.0,0.0,Clear,Over 17°C,Windy (40-55),0.0
2019-2020,2019-09-22,Sunday,14:30,Sun afternoon,Barry Town United,Cefn Druids,South,North,North-South,501.0,transfermarkt,1.0,0.0,Sep,,0,0,235.2,199,>3h,424.6666666666667,1.1797488226059654,273.1666666666667,3.0,2.2,7,,3261830,,0,,0,0,18.5,17.0,0.0,0.0,0.0,18.5,37.1,71.0,2.0,0.1,"Dry, overcast",12-17°C,Breezy (25-40),0.0
2019-2020,2019-09-27,Friday,19:45,Fri evening,Bala Town,Aberystwyth Town,North,Mid,Mid-North,233.0,transfermarkt,2.0,0.0,Sep,,0,0,79.6,79,1-2h,265.25,0.8784165881244109,317.38461538461536,6.0,0.8,8,,3261831,,0,,0,0,11.5,8.6,0.0,0.0,0.0,17.9,46.1,36.0,1.0,0.1,Clear,7-12°C,Windy (40-55),0.0
2019-2020,2019-09-27,Friday,20:00,Fri evening,Caernarfon Town,Newtown AFC,North,Mid,Mid-North,803.0,transfermarkt,1.0,0.0,Sep,,0,0,132.9,120,2-3h,644.9230769230769,1.2451097328244276,270.1666666666667,6.0,2.2,8,,3261832,,0,,0,0,13.2,10.2,0.1,0.1,0.0,19.3,37.8,69.0,51.0,0.1,"Dry, overcast",7-12°C,Breezy (25-40),0.0
2019-2020,2019-09-28,Saturday,14:30,Sat afternoon,Airbus UK Broughton,Carmarthen Town,North,South,North-South,234.0,transfermarkt,1.0,0.0,Sep,,0,0,220.9,188,>3h,291.75,0.8020565552699229,272.0,12.0,0.6,8,,3261833,,0,Wrexham,1,1,17.1,16.1,0.1,0.1,0.0,14.3,45.4,76.0,51.0,0.5,Drizzle,12-17°C,Windy (40-55),0.0
2019-2020,2019-09-28,Saturday,14:30,Sat afternoon,The New Saints,Barry Town United,North,South,North-South,286.0,transfermarkt,0.0,1.0,Sep,,0,0,221.4,185,>3h,291.0769230769231,0.9825581395348836,424.6666666666667,2.0,2.6,8,,3261835,,0,Wrexham,1,1,15.9,12.7,0.1,0.1,0.0,24.1,50.8,100.0,51.0,0.5,Drizzle,12-17°C,Windy (40-55),0.0
2019-2020,2019-09-29,Sunday,14:30,Sun afternoon,Connah's Quay Nomads,Penybont FC,North,South,North-South,281.0,transfermarkt,3.0,1.0,Sep,,0,0,288.3,239,>3h,289.6923076923077,0.9699946893255444,253.07692307692307,6.0,2.2,8,,3261836,,0,,0,0,13.2,9.0,1.2,1.2,0.0,32.9,57.2,100.0,55.0,2.7,Rain,7-12°C,Gale (55+),1.0
2019-2020,2019-10-04,Friday,19:45,Fri evening,Caernarfon Town,The New Saints,North,North,North-North,951.0,transfermarkt,1.0,0.0,Oct,,0,0,143.5,105,1-2h,644.9230769230769,1.474594465648855,291.0769230769231,5.0,2.6,9,,3261837,,0,,0,0,12.5,11.1,0.0,0.0,0.0,11.6,24.8,28.0,1.0,0.0,Clear,7-12°C,Calm (<25 km/h gusts),0.0
2019-2020,2019-10-04,Friday,19:45,Fri evening,Penybont FC,Aberystwyth Town,South,Mid,Mid-South,254.0,transfermarkt,1.0,1.0,Oct,,0,0,147.2,139,2-3h,253.07692307692307,1.003647416413374,317.38461538461536,11.0,0.6,9,,3261839,,0,,0,0,13.8,13.9,0.0,0.0,0.0,5.2,18.4,99.0,3.0,0.0,"Dry, overcast",12-17°C,Calm (<25 km/h gusts),0.0
2019-2020,2019-10-04,Friday,20:00,Fri evening,Cefn Druids,Bala Town,North,North,North-North,247.0,transfermarkt,0.0,3.0,Oct,,0,0,43.1,47,<1h,273.1666666666667,0.9042098840756558,265.25,9.0,0.4,9,,3261838,,0,,0,0,10.7,9.6,0.0,0.0,0.0,7.2,15.5,32.0,1.0,0.0,Clear,7-12°C,Calm (<25 km/h gusts),0.0
2019-2020,2019-10-05,Saturday,14:30,Sat afternoon,Airbus UK Broughton,Cardiff Metropolitan University,North,South,North-South,238.0,transfermarkt,1.0,1.0,Oct,,0,0,239.9,200,>3h,291.75,0.8157669237360754,256.0,10.0,1.2,9,,3261840,,0,,0,1,14.1,12.0,0.0,0.0,0.0,15.8,35.3,86.0,3.0,0.0,"Dry, overcast",7-12°C,Breezy (25-40),0.0
2019-2020,2019-10-05,Saturday,14:30,Sat afternoon,Carmarthen Town,Connah's Quay Nomads,South,North,North-South,227.0,transfermarkt,1.0,2.0,Oct,,0,0,235.6,203,>3h,272.0,0.8345588235294118,289.6923076923077,12.0,0.4,9,,3261841,,0,"Newport County, Swansea City",1,1,13.8,12.0,0.4,0.4,0.0,18.7,34.6,100.0,51.0,0.5,Drizzle,7-12°C,Breezy (25-40),0.0
2019-2020,2019-10-05,Saturday,14:30,Sat afternoon,Newtown AFC,Barry Town United,Mid,South,Mid-South,272.0,transfermarkt,2.0,3.0,Oct,,0,0,162.1,147,2-3h,270.1666666666667,1.0067859346082664,424.6666666666667,7.0,0.8,9,,3261842,,0,"Newport County, Swansea City",1,1,13.4,11.8,0.1,0.1,0.0,14.5,31.3,100.0,51.0,0.2,Drizzle,7-12°C,Breezy (25-40),0.0
2019-2020,2019-10-11,Friday,19:45,Fri evening,Cefn Druids,Newtown AFC,North,Mid,Mid-North,315.0,transfermarkt,1.0,2.0,Oct,,0,0,66.0,63,1-2h,273.1666666666667,1.1531421598535692,270.1666666666667,10.0,0.2,10,,3261843,,0,,0,0,11.1,8.2,0.0,0.0,0.0,15.1,32.0,100.0,3.0,0.0,"Dry, overcast",7-12°C,Breezy (25-40),0.0
2019-2020,2019-10-12,Saturday,14:30,Sat afternoon,Aberystwyth Town,Cardiff Metropolitan University,Mid,South,Mid-South,323.0,transfermarkt,2.0,2.0,Oct,,0,0,164.5,157,2-3h,317.38461538461536,1.017692680562288,256.0,9.0,0.2,10,,3261844,,0,,0,0,14.4,12.9,0.0,0.0,0.0,11.6,35.6,100.0,3.0,0.0,"Dry, overcast",12-17°C,Breezy (25-40),0.0
2019-2020,2019-10-12,Saturday,14:30,Sat afternoon,Bala Town,Carmarthen Town,North,South,North-South,241.0,transfermarkt,2.0,1.0,Oct,,0,0,156.6,164,2-3h,265.25,0.9085768143261076,272.0,6.0,1.8,10,,3261845,,0,,0,0,11.8,9.9,0.7,0.7,0.0,12.0,34.6,100.0,53.0,1.2999999999999998,Rain,7-12°C,Breezy (25-40),1.0
2019-2020,2019-10-12,Saturday,14:30,Sat afternoon,The New Saints,Airbus UK Broughton,North,North,North-North,271.0,transfermarkt,6.0,2.0,Oct,,0,1,41.8,34,<1h,291.0769230769231,0.9310253699788584,291.75,6.0,1.4,10,,3261848,,0,,0,0,13.5,10.9,0.0,0.0,0.0,14.5,35.6,100.0,3.0,0.0,"Dry, overcast",7-12°C,Breezy (25-40),0.0
2019-2020,2019-10-15,Tuesday,19:45,Midweek,Connah's Quay Nomads,Caernarfon Town,North,North,North-North,334.0,transfermarkt,4.0,2.0,Oct,,0,0,98.9,81,1-2h,289.6923076923077,1.152947424322889,644.9230769230769,4.0,2.6,10,,3261847,,0,Wrexham,1,1,11.9,9.9,0.0,0.0,0.0,13.3,24.5,99.0,3.0,0.0,"Dry, overcast",7-12°C,Calm (<25 km/h gusts),0.0
2019-2020,2019-10-18,Friday,19:45,Fri evening,Cefn Druids,Caernarfon Town,North,North,North-North,322.0,transfermarkt,3.0,1.0,Oct,,0,0,134.9,101,1-2h,273.1666666666667,1.1787675411836485,644.9230769230769,10.0,0.2,11,,3268770,,0,,0,1,9.1,5.1,0.1,0.1,0.0,22.0,45.7,93.0,51.0,0.1,"Dry, overcast",2-7°C,Windy (40-55),0.0
2019-2020,2019-10-18,Friday,20:00,Fri evening,Carmarthen Town,Aberystwyth Town,South,Mid,Mid-South,213.0,transfermarkt,0.0,0.0,Oct,,0,0,77.0,87,1-2h,272.0,0.7830882352941176,317.38461538461536,12.0,0.2,11,,3268771,,0,Cardiff City,1,1,10.2,6.8,0.0,0.0,0.0,17.7,37.8,46.0,1.0,0.2,Drizzle,2-7°C,Breezy (25-40),0.0
2019-2020,2019-10-19,Saturday,14:30,Sat afternoon,Airbus UK Broughton,Newtown AFC,North,Mid,Mid-North,242.0,transfermarkt,2.0,0.0,Oct,,0,0,92.1,80,1-2h,291.75,0.829477292202228,270.1666666666667,10.0,0.8,11,,3268772,,0,,0,1,12.5,10.7,0.0,0.0,0.0,10.0,24.1,94.0,3.0,0.0,"Dry, overcast",7-12°C,Calm (<25 km/h gusts),0.0
2019-2020,2019-10-19,Saturday,14:30,Sat afternoon,Bala Town,Barry Town United,North,South,North-South,243.0,transfermarkt,1.0,1.0,Oct,,0,0,224.6,205,>3h,265.25,0.9161168708765316,424.6666666666667,4.0,1.8,11,,3268773,,0,,0,1,10.4,8.3,0.0,0.0,0.0,10.8,29.9,73.0,2.0,0.2,Drizzle,7-12°C,Breezy (25-40),0.0
2019-2020,2019-10-19,Saturday,14:30,Sat afternoon,Cardiff Metropolitan University,Connah's Quay Nomads,South,North,North-South,224.0,transfermarkt,0.0,1.0,Oct,,0,0,254.9,216,>3h,256.0,0.875,289.6923076923077,6.0,1.4,11,,3268774,,0,Newport County,1,1,13.1,10.0,0.0,0.0,0.0,14.8,31.0,54.0,2.0,0.0,"Dry, overcast",7-12°C,Breezy (25-40),0.0
2019-2020,2019-10-19,Saturday,14:30,Sat afternoon,Penybont FC,The New Saints,South,North,North-South,198.0,transfermarkt,2.0,3.0,Oct,,0,0,231.9,193,>3h,253.07692307692307,0.782370820668693,291.0769230769231,11.0,0.8,11,,3268775,,0,Newport County,1,1,12.5,9.1,0.0,0.0,0.0,17.0,34.6,45.0,1.0,0.0,"Dry, overcast",7-12°C,Breezy (25-40),0.0
2019-2020,2019-10-25,Friday,19:45,Fri evening,Aberystwyth Town,Connah's Quay Nomads,Mid,North,Mid-North,276.0,transfermarkt,1.0,1.0,Oct,,0,0,142.0,144,2-3h,317.38461538461536,0.8696073679108096,289.6923076923077,10.0,0.6,12,,3268776,,0,,0,0,11.5,10.9,1.9,1.9,0.0,6.5,32.0,100.0,61.0,12.6,Heavy rain,7-12°C,Breezy (25-40),1.0
2019-2020,2019-10-25,Friday,19:45,Fri evening,Newtown AFC,Cardiff Metropolitan University,Mid,South,Mid-South,193.0,transfermarkt,1.0,0.0,Oct,,0,0,150.8,144,2-3h,270.1666666666667,0.7143738433066008,256.0,7.0,0.8,12,,3268777,,0,,0,0,13.6,12.4,2.8,2.8,0.0,15.0,60.1,100.0,63.0,5.699999999999999,Heavy rain,12-17°C,Gale (55+),1.0
2019-2020,2019-10-25,Friday,19:45,Fri evening,The New Saints,Bala Town,North,North,North-North,311.0,transfermarkt,1.0,0.0,Oct,,0,0,54.7,51,<1h,291.0769230769231,1.068446088794926,265.25,3.0,1.8,12,,3268778,,0,,0,0,11.9,10.9,3.3,3.3,0.0,9.4,33.8,100.0,63.0,8.899999999999999,Heavy rain,7-12°C,Breezy (25-40),1.0
2019-2020,2019-10-26,Saturday,14:30,Sat afternoon,Barry Town United,Airbus UK Broughton,South,North,North-South,422.0,transfermarkt,2.0,0.0,Oct,,0,0,262.0,216,>3h,424.6666666666667,0.9937205651491364,291.75,3.0,2.6,12,,3268779,,0,,0,0,13.9,12.1,0.2,0.2,0.0,17.0,26.6,100.0,51.0,2.2,Rain,12-17°C,Breezy (25-40),1.0
2019-2020,2019-10-26,Saturday,14:30,Sat afternoon,Caernarfon Town,Carmarthen Town,North,South,North-South,462.0,transfermarkt,2.0,0.0,Oct,,0,0,202.1,204,>3h,644.9230769230769,0.716364503816794,272.0,5.0,1.8,12,,3268780,,0,,0,0,8.3,6.1,0.0,0.0,0.0,7.5,18.7,96.0,3.0,0.1,"Dry, overcast",2-7°C,Calm (<25 km/h gusts),0.0
2019-2020,2019-10-27,Sunday,14:30,Sun afternoon,Penybont FC,Cefn Druids,South,North,North-South,147.0,transfermarkt,2.0,3.0,Oct,,0,0,245.7,206,>3h,253.07692307692307,0.5808510638297872,273.1666666666667,11.0,0.8,12,,3268781,,0,Swansea City,1,1,10.7,8.5,0.0,0.0,0.0,6.1,16.2,86.0,3.0,0.0,"Dry, overcast",7-12°C,Calm (<25 km/h gusts),0.0
2019-2020,2019-11-01,Friday,19:45,Fri evening,Bala Town,Newtown AFC,North,Mid,Mid-North,201.0,transfermarkt,4.0,0.0,Nov,,0,0,77.5,76,1-2h,265.25,0.7577756833176249,270.1666666666667,5.0,2.0,13,,3268782,October half-term,1,,0,0,12.6,11.1,1.9,1.9,0.0,15.7,43.2,100.0,61.0,2.0,Rain,7-12°C,Windy (40-55),1.0
2019-2020,2019-11-01,Friday,19:45,Fri evening,Cardiff Metropolitan University,Penybont FC,South,South,South-South,352.0,transfermarkt,1.0,1.0,Nov,,0,1,40.1,43,<1h,256.0,1.375,253.07692307692307,6.0,1.0,13,,3268783,October half-term,1,,0,0,13.8,12.1,0.7,0.7,0.0,17.8,43.6,100.0,53.0,2.5,Rain,12-17°C,Windy (40-55),1.0
2019-2020,2019-11-01,Friday,20:00,Fri evening,Connah's Quay Nomads,The New Saints,North,North,North-North,379.0,transfermarkt,1.0,1.0,Nov,,0,0,57.9,50,<1h,289.6923076923077,1.3082846521508231,291.0769230769231,2.0,2.6,13,,3268784,October half-term,1,,0,0,12.5,10.1,1.2,1.2,0.0,19.8,35.3,100.0,55.0,2.0,Rain,7-12°C,Breezy (25-40),1.0
2019-2020,2019-11-02,Saturday,14:30,Sat afternoon,Airbus UK Broughton,Aberystwyth Town,North,Mid,Mid-North,245.0,transfermarkt,1.0,5.0,Nov,,0,0,158.7,137,2-3h,291.75,0.8397600685518424,317.38461538461536,9.0,1.4,13,,3268785,October half-term,1,Wrexham,1,1,9.1,7.0,0.7,0.7,0.0,9.7,18.0,96.0,53.0,1.7,Rain,2-7°C,Calm (<25 km/h gusts),1.0
2019-2020,2019-11-02,Saturday,14:30,Sat afternoon,Caernarfon Town,Barry Town United,North,South,North-South,815.0,transfermarkt,4.0,1.0,Nov,,0,0,279.4,247,>3h,644.9230769230769,1.2637166030534353,424.6666666666667,5.0,1.8,13,,3268786,October half-term,1,Wrexham,1,1,10.6,8.7,0.1,0.1,0.0,9.4,27.4,22.0,51.0,0.5,Drizzle,7-12°C,Breezy (25-40),0.0
2019-2020,2019-11-02,Saturday,14:30,Sat afternoon,Carmarthen Town,Cefn Druids,South,North,North-South,191.0,transfermarkt,1.0,2.0,Nov,,0,0,194.2,171,2-3h,272.0,0.7022058823529411,273.1666666666667,12.0,0.2,13,,3268787,October half-term,1,"Cardiff City, Newport County",1,1,10.1,6.9,0.3,0.3,0.0,17.8,33.5,100.0,51.0,0.6000000000000001,Drizzle,2-7°C,Breezy (25-40),0.0
2019-2020,2019-11-08,Friday,19:45,Fri evening,Newtown AFC,Caernarfon Town,Mid,North,Mid-North,303.0,transfermarkt,3.0,1.0,Nov,,0,0,132.9,120,2-3h,270.1666666666667,1.121529919802591,644.9230769230769,8.0,1.2,14,,3268788,,0,,0,0,1.7,-1.4,0.0,0.0,0.0,6.3,14.8,6.0,0.0,0.0,Clear,Under 2°C,Calm (<25 km/h gusts),0.0
2019-2020,2019-11-08,Friday,20:00,Fri evening,Aberystwyth Town,Bala Town,Mid,North,Mid-North,587.0,transfermarkt,0.0,5.0,Nov,,0,0,78.8,79,1-2h,317.38461538461536,1.849491032476975,265.25,9.0,1.4,14,,3268789,,0,,0,0,2.6,-0.2,0.0,0.0,0.0,5.8,15.5,48.0,1.0,0.0,"Dry, overcast",Under 2°C,Calm (<25 km/h gusts),0.0
2019-2020,2019-11-09,Saturday,14:30,Sat afternoon,Airbus UK Broughton,Penybont FC,North,South,North-South,195.0,transfermarkt,1.0,2.0,Nov,,0,0,272.5,223,>3h,291.75,0.6683804627249358,253.07692307692307,10.0,0.8,14,,3268790,,0,,0,0,3.5,-1.1,0.3,0.3,0.0,18.8,38.2,100.0,51.0,2.0,Rain,Under 2°C,Breezy (25-40),1.0
2019-2020,2019-11-10,Sunday,14:30,Sun afternoon,Barry Town United,Connah's Quay Nomads,South,North,North-South,430.0,transfermarkt,0.0,4.0,Nov,,0,0,276.7,231,>3h,424.6666666666667,1.0125588697017267,289.6923076923077,2.0,2.0,14,,3268793,,0,Cardiff City,1,1,8.1,4.7,0.0,0.0,0.0,13.2,36.4,14.0,0.0,0.0,Clear,2-7°C,Breezy (25-40),0.0
2019-2020,2019-11-15,Friday,19:45,Fri evening,Connah's Quay Nomads,Newtown AFC,North,Mid,Mid-North,223.0,transfermarkt,3.0,1.0,Nov,,0,0,108.0,96,1-2h,289.6923076923077,0.7697822623473182,270.1666666666667,1.0,2.2,15,,3280397,,0,,0,0,6.9,2.6,0.0,0.0,0.0,19.8,36.7,20.0,1.0,0.0,Clear,2-7°C,Breezy (25-40),0.0
2019-2020,2019-11-15,Friday,19:45,Fri evening,The New Saints,Aberystwyth Town,North,Mid,Mid-North,202.0,transfermarkt,2.0,0.0,Nov,,0,0,118.1,106,1-2h,291.0769230769231,0.6939746300211416,317.38461538461536,4.0,2.0,15,,3280398,,0,,0,0,5.8,1.0,0.0,0.0,0.0,22.7,46.1,36.0,1.0,0.0,Clear,Under 2°C,Windy (40-55),0.0
2019-2020,2019-11-15,Friday,20:00,Fri evening,Bala Town,Airbus UK Broughton,North,North,North-North,238.0,transfermarkt,1.0,0.0,Nov,,0,0,55.7,60,1-2h,265.25,0.8972667295004713,291.75,4.0,2.0,15,,3280399,,0,,0,0,5.3,1.3,0.1,0.1,0.0,19.2,48.2,44.0,51.0,0.1,"Dry, overcast",Under 2°C,Windy (40-55),0.0
2019-2020,2019-11-16,Saturday,14:30,Sat afternoon,Cardiff Metropolitan University,Carmarthen Town,South,South,South-South,193.0,transfermarkt,0.0,3.0,Nov,,0,0,111.8,89,1-2h,256.0,0.75390625,272.0,6.0,0.6,15,,3280400,,0,,0,0,8.0,6.1,0.0,0.0,0.0,3.4,11.2,100.0,3.0,0.0,"Dry, overcast",2-7°C,Calm (<25 km/h gusts),0.0
2019-2020,2019-11-16,Saturday,14:30,Sat afternoon,Cefn Druids,Barry Town United,North,South,North-South,270.0,transfermarkt,1.0,0.0,Nov,,0,0,235.9,198,>3h,273.1666666666667,0.9884075655887736,424.6666666666667,8.0,1.8,15,,3280401,,0,,0,0,7.3,4.3,0.0,0.0,0.0,12.5,25.9,99.0,3.0,0.0,"Dry, overcast",2-7°C,Breezy (25-40),0.0
2019-2020,2019-11-22,Friday,20:00,Fri evening,Barry Town United,Penybont FC,South,South,South-South,402.0,transfermarkt,3.0,0.0,Nov,,0,1,32.6,38,<1h,424.6666666666667,0.9466248037676608,253.07692307692307,4.0,0.8,10,,3261846,,0,,0,0,9.1,5.0,0.3,0.3,0.0,23.0,40.3,100.0,51.0,0.8,Drizzle,2-7°C,Windy (40-55),0.0
2019-2020,2019-11-23,Saturday,14:30,Sat afternoon,Cardiff Metropolitan University,Cefn Druids,South,North,North-South,122.0,transfermarkt,2.0,1.0,Nov,,0,0,213.4,183,>3h,256.0,0.4765625,273.1666666666667,7.0,0.4,8,,3261834,,0,"Newport County, Swansea City",1,1,8.6,5.4,0.5,0.5,0.0,18.7,37.1,100.0,53.0,1.0,Rain,2-7°C,Breezy (25-40),1.0
2019-2020,2019-11-29,Friday,19:45,Fri evening,Aberystwyth Town,Cefn Druids,Mid,North,Mid-North,268.0,transfermarkt,1.0,3.0,Nov,,0,0,132.0,120,2-3h,317.38461538461536,0.8444013572467282,273.1666666666667,9.0,1.0,16,,3280403,,0,Swansea City,1,1,3.3,-0.5,0.0,0.0,0.0,13.6,26.3,0.0,0.0,0.0,Clear,Under 2°C,Breezy (25-40),0.0
2019-2020,2019-11-29,Friday,20:00,Fri evening,Caernarfon Town,Cardiff Metropolitan University,North,South,North-South,610.0,transfermarkt,2.0,1.0,Nov,,0,0,268.1,244,>3h,644.9230769230769,0.9458492366412214,256.0,5.0,1.2,16,,3280404,,0,,0,1,1.1,-2.2,0.0,0.0,0.0,8.2,15.8,0.0,0.0,0.0,Clear,Under 2°C,Calm (<25 km/h gusts),0.0
2019-2020,2019-11-30,Saturday,14:30,Sat afternoon,Airbus UK Broughton,The New Saints,North,North,North-North,271.0,transfermarkt,0.0,12.0,Nov,,0,1,42.0,34,<1h,291.75,0.9288774635818338,291.0769230769231,10.0,0.6,16,,3280405,,0,,0,0,3.1,-0.5,0.0,0.0,0.0,12.1,25.9,100.0,3.0,0.0,"Dry, overcast",Under 2°C,Breezy (25-40),0.0
2019-2020,2019-11-30,Saturday,14:30,Sat afternoon,Barry Town United,Newtown AFC,South,Mid,Mid-South,280.0,transfermarkt,0.0,1.0,Nov,,0,0,162.8,148,2-3h,424.6666666666667,0.6593406593406593,270.1666666666667,3.0,1.2,16,,3280406,,0,,0,0,7.5,2.1,0.0,0.0,0.0,27.3,49.0,99.0,3.0,0.0,"Dry, overcast",2-7°C,Windy (40-55),0.0
2019-2020,2019-11-30,Saturday,14:30,Sat afternoon,Carmarthen Town,Bala Town,South,North,North-South,247.0,transfermarkt,0.0,3.0,Nov,,0,0,153.9,164,2-3h,272.0,0.9080882352941176,265.25,12.0,0.8,16,,3280407,,0,,0,0,6.9,2.1,0.0,0.0,0.0,22.0,42.8,95.0,3.0,0.0,"Dry, overcast",2-7°C,Windy (40-55),0.0
2019-2020,2019-11-30,Saturday,14:30,Sat afternoon,Penybont FC,Connah's Quay Nomads,South,North,North-South,192.0,transfermarkt,0.0,0.0,Nov,,0,0,287.2,239,>3h,253.07692307692307,0.7586626139817629,289.6923076923077,11.0,0.8,16,,3280408,,0,,0,0,6.3,0.9,0.0,0.0,0.0,26.8,50.0,100.0,3.0,0.0,"Dry, overcast",Under 2°C,Windy (40-55),0.0
2019-2020,2019-12-03,Tuesday,19:45,Midweek,Cefn Druids,Cardiff Metropolitan University,North,South,North-South,218.0,transfermarkt,2.0,1.0,Dec,,0,0,213.8,182,>3h,273.1666666666667,0.7980475899938987,256.0,6.0,2.4,14,,3268791,,0,,0,0,2.8,-0.2,0.0,0.0,0.0,7.8,16.6,1.0,0.0,0.0,Clear,Under 2°C,Calm (<25 km/h gusts),0.0
2019-2020,2019-12-03,Tuesday,19:45,Midweek,The New Saints,Carmarthen Town,North,South,North-South,201.0,transfermarkt,1.0,0.0,Dec,,0,0,180.2,157,2-3h,291.0769230769231,0.6905391120507399,272.0,2.0,2.6,14,,3268792,,0,,0,0,3.1,0.0,0.0,0.0,0.0,9.0,19.1,2.0,0.0,0.0,Clear,Under 2°C,Calm (<25 km/h gusts),0.0
2019-2020,2019-12-13,Friday,19:45,Fri evening,Caernarfon Town,Airbus UK Broughton,North,North,North-North,437.0,transfermarkt,5.0,0.0,Dec,,0,0,103.5,78,1-2h,644.9230769230769,0.6776001908396947,291.75,5.0,1.8,17,,3280409,,0,,0,0,6.2,1.4,0.1,0.1,0.0,20.5,48.6,100.0,51.0,0.6,Drizzle,Under 2°C,Windy (40-55),0.0
2019-2020,2019-12-13,Friday,19:45,Fri evening,Cefn Druids,Connah's Quay Nomads,North,North,North-North,276.0,transfermarkt,2.0,0.0,Dec,,0,1,46.0,43,<1h,273.1666666666667,1.010372178157413,289.6923076923077,6.0,2.4,17,,3280410,,0,,0,0,4.4,-0.8,0.1,0.1,0.0,22.1,53.3,96.0,51.0,0.2,Drizzle,Under 2°C,Windy (40-55),0.0
2019-2020,2019-12-13,Friday,20:00,Fri evening,Barry Town United,The New Saints,South,North,North-South,274.0,transfermarkt,1.0,4.0,Dec,,0,0,221.4,185,>3h,424.6666666666667,0.6452119309262166,291.0769230769231,5.0,0.6,17,,3280411,,0,,0,0,7.5,3.5,1.8,1.8,0.0,19.6,43.9,100.0,61.0,2.2,Rain,2-7°C,Windy (40-55),1.0
2019-2020,2019-12-14,Saturday,14:30,Sat afternoon,Cardiff Metropolitan University,Aberystwyth Town,South,Mid,Mid-South,162.0,transfermarkt,1.0,2.0,Dec,,0,0,166.9,156,2-3h,256.0,0.6328125,317.38461538461536,7.0,0.8,17,,3280413,,0,"Newport County, Swansea City",1,1,7.0,1.5,0.0,0.0,0.0,23.6,53.6,14.0,0.0,0.0,Clear,Under 2°C,Windy (40-55),0.0
2019-2020,2019-12-14,Saturday,14:30,Sat afternoon,Newtown AFC,Carmarthen Town,Mid,South,Mid-South,218.0,transfermarkt,1.0,0.0,Dec,,0,0,131.5,119,1-2h,270.1666666666667,0.8069093152375076,272.0,8.0,1.8,17,,3280414,,0,"Newport County, Swansea City",1,1,4.5,-1.8,0.0,0.0,0.0,29.1,73.1,39.0,1.0,0.1,Clear,Under 2°C,Gale (55+),0.0
2019-2020,2019-12-17,Tuesday,19:45,Midweek,Bala Town,Penybont FC,North,South,North-South,118.0,transfermarkt,4.0,0.0,Dec,,0,0,235.0,212,>3h,265.25,0.4448633364750236,253.07692307692307,3.0,2.4,17,,3280412,,0,,0,0,2.8,-0.3,0.0,0.0,0.0,9.2,24.5,63.0,2.0,0.0,"Dry, overcast",Under 2°C,Calm (<25 km/h gusts),0.0
2019-2020,2019-12-20,Friday,19:45,Fri evening,Aberystwyth Town,Barry Town United,Mid,South,Mid-South,243.0,transfermarkt,0.0,1.0,Dec,,0,0,175.8,159,2-3h,317.38461538461536,0.7656325739214737,424.6666666666667,9.0,1.2,18,,3280415,Christmas,1,,0,0,5.6,2.5,0.0,0.0,0.0,12.2,23.4,25.0,1.0,0.0,Clear,2-7°C,Calm (<25 km/h gusts),0.0
2019-2020,2019-12-20,Friday,19:45,Fri evening,Connah's Quay Nomads,Bala Town,North,North,North-North,297.0,transfermarkt,2.0,1.0,Dec,,0,0,63.6,67,1-2h,289.6923076923077,1.0252257036643655,265.25,3.0,1.6,18,,3280416,Christmas,1,,0,0,5.5,2.0,0.0,0.0,0.0,13.3,25.6,93.0,3.0,0.1,"Dry, overcast",Under 2°C,Breezy (25-40),0.0
2019-2020,2019-12-20,Friday,20:00,Fri evening,The New Saints,Cardiff Metropolitan University,North,South,North-South,232.0,transfermarkt,1.0,2.0,Dec,,0,0,199.3,169,2-3h,291.0769230769231,0.7970401691331923,256.0,1.0,2.6,18,,3280417,Christmas,1,,0,0,4.1,0.6,0.0,0.0,0.0,12.6,26.3,0.0,0.0,0.0,Clear,Under 2°C,Breezy (25-40),0.0
2019-2020,2019-12-21,Saturday,14:30,Sat afternoon,Airbus UK Broughton,Cefn Druids,North,North,North-North,242.0,transfermarkt,1.0,1.0,Dec,,0,1,31.5,27,<1h,291.75,0.829477292202228,273.1666666666667,11.0,0.0,18,,3280418,Christmas,1,,0,1,7.8,4.8,0.0,0.0,0.0,13.9,27.7,8.0,0.0,0.0,Clear,2-7°C,Breezy (25-40),0.0
2019-2020,2019-12-21,Saturday,14:30,Sat afternoon,Carmarthen Town,Caernarfon Town,South,North,North-South,285.0,transfermarkt,0.0,1.0,Dec,,0,0,199.4,204,>3h,272.0,1.0477941176470589,644.9230769230769,12.0,0.6,18,,3280419,Christmas,1,Cardiff City,1,1,8.0,5.2,0.3,0.3,0.0,14.1,39.2,100.0,51.0,0.4,Drizzle,2-7°C,Breezy (25-40),0.0
2019-2020,2019-12-21,Saturday,14:30,Sat afternoon,Penybont FC,Newtown AFC,South,Mid,Mid-South,162.0,transfermarkt,0.0,2.0,Dec,,0,0,175.4,154,2-3h,253.07692307692307,0.6401215805471124,270.1666666666667,11.0,1.0,18,,3280420,Christmas,1,Cardiff City,1,1,8.5,5.5,0.0,0.0,0.0,14.5,26.6,100.0,3.0,0.3,Drizzle,2-7°C,Breezy (25-40),0.0
2019-2020,2019-12-26,Thursday,14:30,Midweek,Barry Town United,Cardiff Metropolitan University,South,South,South-South,355.0,transfermarkt,1.0,1.0,Dec,Christmas/New Year,0,1,17.8,30,<1h,424.6666666666667,0.8359497645211931,256.0,5.0,1.2,19,,3280421,Christmas,1,Cardiff City,1,1,9.5,5.4,0.0,0.0,0.0,24.6,43.2,100.0,3.0,0.30000000000000004,Drizzle,2-7°C,Windy (40-55),0.0
2019-2020,2019-12-26,Thursday,14:30,Midweek,Carmarthen Town,Penybont FC,South,South,South-South,336.0,transfermarkt,3.0,2.0,Dec,Christmas/New Year,0,0,77.1,63,1-2h,272.0,1.2352941176470589,253.07692307692307,12.0,0.6,19,,3280422,Christmas,1,Cardiff City,1,1,8.6,6.4,0.0,0.0,0.0,10.6,18.7,92.0,3.0,0.8999999999999999,Drizzle,2-7°C,Calm (<25 km/h gusts),0.0
2019-2020,2019-12-26,Thursday,14:30,Midweek,Cefn Druids,The New Saints,North,North,North-North,290.0,transfermarkt,0.0,5.0,Dec,Christmas/New Year,0,1,15.9,16,<1h,273.1666666666667,1.0616229408175717,291.0769230769231,6.0,2.0,19,,3280423,Christmas,1,Wrexham,1,1,4.7,2.0,0.1,0.1,0.0,8.5,24.8,100.0,51.0,1.4000000000000001,Rain,Under 2°C,Calm (<25 km/h gusts),1.0
2019-2020,2019-12-26,Thursday,14:30,Midweek,Connah's Quay Nomads,Airbus UK Broughton,North,North,North-North,296.0,transfermarkt,2.0,1.0,Dec,Christmas/New Year,0,1,18.2,23,<1h,289.6923076923077,1.021773765268189,291.75,2.0,2.0,19,,3280424,Christmas,1,Wrexham,1,1,5.5,1.9,0.3,0.3,0.0,15.3,31.0,100.0,51.0,1.6,Rain,Under 2°C,Breezy (25-40),1.0
2019-2020,2019-12-26,Thursday,14:30,Midweek,Newtown AFC,Aberystwyth Town,Mid,Mid,Mid-Mid,293.0,transfermarkt,0.0,0.0,Dec,Christmas/New Year,0,0,68.2,66,1-2h,270.1666666666667,1.0845157310302282,317.38461538461536,7.0,2.4,19,,3280425,Christmas,1,Cardiff City,1,1,5.6,4.0,0.7,0.7,0.0,2.5,9.4,99.0,53.0,1.2,Rain,2-7°C,Calm (<25 km/h gusts),1.0
2019-2020,2019-12-26,Thursday,17:15,Midweek,Caernarfon Town,Bala Town,North,North,North-North,842.0,transfermarkt,1.0,2.0,Dec,Christmas/New Year,0,0,74.4,66,1-2h,644.9230769230769,1.3055820610687023,265.25,5.0,2.4,19,,3280426,Christmas,1,Wrexham,1,1,7.5,4.6,0.1,0.1,0.0,13.9,38.5,85.0,51.0,0.5,Drizzle,2-7°C,Breezy (25-40),0.0
2019-2020,2019-12-30,Monday,19:45,Midweek,Bala Town,Caernarfon Town,North,North,North-North,589.0,transfermarkt,3.0,0.0,Dec,,0,0,74.4,67,1-2h,265.25,2.220546654099906,644.9230769230769,3.0,2.4,20,,3280427,Christmas,1,,0,0,8.0,5.4,0.0,0.0,0.0,14.4,42.8,100.0,3.0,0.0,"Dry, overcast",2-7°C,Windy (40-55),0.0
2019-2020,2019-12-30,Monday,19:45,Midweek,Cardiff Metropolitan University,Barry Town United,South,South,South-South,502.0,transfermarkt,0.0,1.0,Dec,,0,1,17.8,29,<1h,256.0,1.9609375,424.6666666666667,8.0,0.8,20,,3280428,Christmas,1,,0,0,6.9,4.3,0.0,0.0,0.0,10.8,21.2,76.0,2.0,0.0,"Dry, overcast",2-7°C,Calm (<25 km/h gusts),0.0
2019-2020,2019-12-30,Monday,19:45,Midweek,The New Saints,Cefn Druids,North,North,North-North,391.0,transfermarkt,2.0,1.0,Dec,,0,1,15.0,17,<1h,291.0769230769231,1.3432875264270612,273.1666666666667,1.0,2.4,20,,3280429,Christmas,1,,0,0,6.6,4.9,0.0,0.0,0.0,4.1,10.1,100.0,3.0,0.0,"Dry, overcast",2-7°C,Calm (<25 km/h gusts),0.0
2019-2020,2019-12-30,Monday,19:45,Midweek,Aberystwyth Town,Newtown AFC,Mid,Mid,Mid-Mid,283.0,transfermarkt,1.0,2.0,Dec,,0,0,68.3,66,1-2h,317.38461538461536,0.8916626272418808,270.1666666666667,9.0,0.8,20,,3280430,Christmas,1,,0,0,8.4,6.4,0.0,0.0,0.0,9.8,19.1,100.0,3.0,0.0,"Dry, overcast",2-7°C,Calm (<25 km/h gusts),0.0
2019-2020,2019-12-30,Monday,19:45,Midweek,Airbus UK Broughton,Connah's Quay Nomads,North,North,North-North,506.0,transfermarkt,0.0,4.0,Dec,,0,1,16.3,22,<1h,291.75,1.7343616109682949,289.6923076923077,10.0,0.2,20,,3280431,Christmas,1,,0,0,8.5,6.7,0.0,0.0,0.0,6.8,16.9,100.0,3.0,0.0,"Dry, overcast",2-7°C,Calm (<25 km/h gusts),0.0
2019-2020,2020-01-01,Wednesday,14:30,Midweek,Penybont FC,Carmarthen Town,South,South,South-South,305.0,transfermarkt,1.0,1.0,Jan,Christmas/New Year,0,0,76.8,62,1-2h,253.07692307692307,1.2051671732522795,272.0,12.0,0.2,20,,3280432,Christmas,1,Newport County,1,1,6.8,3.8,0.0,0.0,0.0,13.6,25.9,100.0,3.0,0.0,"Dry, overcast",2-7°C,Breezy (25-40),0.0
2019-2020,2020-01-04,Saturday,14:30,Sat afternoon,Penybont FC,Caernarfon Town,South,North,North-South,241.0,transfermarkt,0.0,0.0,Jan,,0,0,292.7,255,>3h,253.07692307692307,0.9522796352583588,644.9230769230769,11.0,0.4,15,,3280402,,0,,0,1,7.8,4.1,0.0,0.0,0.0,17.6,34.9,100.0,3.0,0.0,"Dry, overcast",2-7°C,Breezy (25-40),0.0
2019-2020,2020-01-10,Friday,19:45,Fri evening,Caernarfon Town,Aberystwyth Town,North,Mid,Mid-North,621.0,transfermarkt,0.0,3.0,Jan,,0,0,125.1,119,1-2h,644.9230769230769,0.962905534351145,317.38461538461536,5.0,1.4,21,,3280433,,0,,0,0,8.1,1.8,0.0,0.0,0.0,32.6,65.5,100.0,3.0,0.0,"Dry, overcast",Under 2°C,Gale (55+),0.0
2019-2020,2020-01-10,Friday,20:00,Fri evening,Newtown AFC,The New Saints,Mid,North,Mid-North,366.0,transfermarkt,0.0,2.0,Jan,,0,0,51.6,50,<1h,270.1666666666667,1.3547193090684762,291.0769230769231,6.0,2.6,21,,3280437,,0,,0,0,5.5,1.1,0.0,0.0,0.0,19.2,40.7,96.0,3.0,0.0,"Dry, overcast",Under 2°C,Windy (40-55),0.0
2019-2020,2020-01-11,Saturday,14:30,Sat afternoon,Carmarthen Town,Airbus UK Broughton,South,North,North-South,249.0,transfermarkt,2.0,2.0,Jan,,0,0,221.0,188,>3h,272.0,0.9154411764705882,291.75,11.0,0.8,21,,3280434,,0,,0,0,9.7,3.9,0.3,0.3,0.0,37.1,71.3,100.0,51.0,0.9000000000000001,Drizzle,2-7°C,Gale (55+),0.0
2019-2020,2020-01-11,Saturday,14:30,Sat afternoon,Cefn Druids,Penybont FC,North,South,North-South,213.0,transfermarkt,2.0,3.0,Jan,,0,0,246.3,205,>3h,273.1666666666667,0.7797437461866992,253.07692307692307,7.0,1.4,21,,3280435,,0,,0,0,10.4,5.4,0.1,0.1,0.0,30.6,64.8,100.0,51.0,0.4,Drizzle,2-7°C,Gale (55+),0.0
2019-2020,2020-01-11,Saturday,14:30,Sat afternoon,Connah's Quay Nomads,Barry Town United,North,South,North-South,267.0,transfermarkt,2.0,0.0,Jan,,0,0,277.9,231,>3h,289.6923076923077,0.921667551779076,424.6666666666667,2.0,2.0,21,,3280436,,0,,0,0,12.2,8.4,0.0,0.0,0.0,23.1,43.2,93.0,3.0,0.0,"Dry, overcast",7-12°C,Windy (40-55),0.0
2019-2020,2020-01-12,Sunday,14:30,Sun afternoon,Cardiff Metropolitan University,Bala Town,South,North,North-South,169.0,transfermarkt,1.0,0.0,Jan,,0,0,215.7,202,>3h,256.0,0.66015625,265.25,8.0,0.8,21,,3280438,,0,Cardiff City,1,1,8.9,4.3,0.0,0.0,0.0,22.7,44.6,34.0,1.0,0.0,Clear,2-7°C,Windy (40-55),0.0
2019-2020,2020-01-17,Friday,20:00,Fri evening,Aberystwyth Town,Penybont FC,Mid,South,Mid-South,252.0,transfermarkt,1.0,0.0,Jan,,0,0,147.7,140,2-3h,317.38461538461536,0.7939893359185652,253.07692307692307,9.0,1.4,22,,3280439,,0,,0,0,5.8,1.6,0.0,0.0,0.0,16.3,30.2,45.0,1.0,0.1,"Dry, overcast",Under 2°C,Breezy (25-40),0.0
2019-2020,2020-01-17,Friday,20:00,Fri evening,Bala Town,Cefn Druids,North,North,North-North,275.0,transfermarkt,1.0,2.0,Jan,,0,0,42.8,47,<1h,265.25,1.0367577756833175,273.1666666666667,3.0,1.8,22,,3280440,,0,,0,0,2.5,-1.4,0.0,0.0,0.0,14.1,35.6,97.0,3.0,0.0,"Dry, overcast",Under 2°C,Breezy (25-40),0.0
2019-2020,2020-01-17,Friday,20:00,Fri evening,Barry Town United,Carmarthen Town,South,South,South-South,397.0,transfermarkt,7.0,1.0,Jan,,0,0,109.9,85,1-2h,424.6666666666667,0.934850863422292,272.0,4.0,1.4,22,,3280441,,0,,0,0,5.3,0.9,0.0,0.0,0.0,19.1,40.7,25.0,1.0,1.4,Rain,Under 2°C,Windy (40-55),1.0
2019-2020,2020-01-17,Friday,20:00,Fri evening,Cardiff Metropolitan University,Caernarfon Town,South,North,North-South,165.0,transfermarkt,2.0,0.0,Jan,,0,0,270.5,244,>3h,256.0,0.64453125,644.9230769230769,8.0,1.4,22,,3280442,,0,,0,0,3.9,0.5,0.0,0.0,0.0,11.4,25.9,33.0,1.0,0.0,Clear,Under 2°C,Breezy (25-40),0.0
2019-2020,2020-01-17,Friday,20:00,Fri evening,Newtown AFC,Airbus UK Broughton,Mid,North,Mid-North,285.0,transfermarkt,0.0,0.0,Jan,,0,0,92.2,81,1-2h,270.1666666666667,1.054904380012338,291.75,8.0,2.0,22,,3280443,,0,,0,0,4.2,0.5,0.0,0.0,0.0,14.0,29.9,42.0,1.0,0.0,"Dry, overcast",Under 2°C,Breezy (25-40),0.0
2019-2020,2020-01-18,Saturday,17:15,Sat evening,The New Saints,Connah's Quay Nomads,North,North,North-North,463.0,transfermarkt,2.0,1.0,Jan,,0,0,56.4,49,<1h,291.0769230769231,1.590644820295983,289.6923076923077,1.0,2.4,22,,3280444,,0,Wrexham,1,1,3.9,0.7,0.0,0.0,0.0,7.7,19.4,95.0,3.0,0.0,"Dry, overcast",Under 2°C,Calm (<25 km/h gusts),0.0
2019-2020,2020-02-07,Friday,,,Penybont FC,Carmarthen Town,South,South,South-South,286.0,transfermarkt,1.0,2.0,Feb,,0,0,76.8,62,1-2h,253.07692307692307,1.1300911854103344,272.0,10.0,1.0,23,,4163730,,0,,0,0,8.0,3.2,0.3,0.3,0.0,25.0,51.8,100.0,51.0,0.3,Drizzle,2-7°C,Windy (40-55),0.0
2019-2020,2020-02-07,Friday,19:45,Fri evening,The New Saints,Newtown AFC,North,Mid,Mid-North,341.0,transfermarkt,1.0,2.0,Feb,,0,0,51.5,50,<1h,291.0769230769231,1.1715116279069766,270.1666666666667,1.0,2.4,23,,4163728,,0,,0,0,6.1,1.8,0.0,0.0,0.0,20.0,41.0,100.0,3.0,0.0,"Dry, overcast",Under 2°C,Windy (40-55),0.0
2019-2020,2020-02-07,Friday,19:45,Fri evening,Airbus UK Broughton,Cefn Druids,North,North,North-North,267.0,transfermarkt,2.0,3.0,Feb,,0,1,31.5,27,<1h,291.75,0.9151670951156812,273.1666666666667,12.0,0.6,23,,4163729,,0,,0,0,6.6,1.7,0.0,0.0,0.0,23.1,43.2,48.0,1.0,0.0,"Dry, overcast",Under 2°C,Windy (40-55),0.0
2019-2020,2020-02-07,Friday,20:00,Fri evening,Caernarfon Town,Bala Town,North,North,North-North,510.0,transfermarkt,1.0,2.0,Feb,,0,0,74.4,66,1-2h,644.9230769230769,0.7907919847328244,265.25,6.0,0.2,23,,4163731,,0,,0,0,9.3,3.5,0.0,0.0,0.0,34.3,68.8,100.0,3.0,0.1,"Dry, overcast",2-7°C,Gale (55+),0.0
2019-2020,2020-02-08,Saturday,14:30,Sat afternoon,Barry Town United,Connah's Quay Nomads,South,North,North-South,462.0,transfermarkt,0.0,1.0,Feb,,0,0,276.7,231,>3h,424.6666666666667,1.0879120879120878,289.6923076923077,4.0,2.0,23,,4163732,,0,"Newport County, Swansea City",1,1,9.9,4.6,0.1,0.1,0.0,26.4,47.5,27.0,51.0,0.1,Clear,2-7°C,Windy (40-55),0.0
2019-2020,2020-02-08,Saturday,14:30,Sat afternoon,Cardiff Metropolitan University,Aberystwyth Town,South,Mid,Mid-South,,,3.0,1.0,Feb,,0,0,166.9,156,2-3h,256.0,,317.38461538461536,8.0,2.0,23,,4163733,,0,"Newport County, Swansea City",1,1,9.3,4.1,0.2,0.2,0.0,25.1,51.1,43.0,51.0,0.2,Drizzle,2-7°C,Windy (40-55),0.0
2019-2020,2020-02-14,Friday,19:45,Fri evening,Connah's Quay Nomads,Caernarfon Town,North,North,North-North,308.0,transfermarkt,4.0,0.0,Feb,,0,0,98.9,81,1-2h,289.6923076923077,1.063197026022305,644.9230769230769,2.0,2.4,24,,4163734,,0,,0,0,7.9,5.0,0.0,0.0,0.0,11.8,27.7,99.0,3.0,0.0,"Dry, overcast",2-7°C,Breezy (25-40),0.0
2019-2020,2020-02-14,Friday,19:45,Fri evening,Aberystwyth Town,Airbus UK Broughton,Mid,North,Mid-North,201.0,transfermarkt,5.0,3.0,Feb,,0,0,158.8,137,2-3h,317.38461538461536,0.6333010179350461,291.75,9.0,1.4,24,,4163735,,0,,0,0,9.4,6.2,0.0,0.0,0.0,18.7,37.1,99.0,3.0,0.1,"Dry, overcast",2-7°C,Breezy (25-40),0.0
2019-2020,2020-02-14,Friday,20:00,Fri evening,Bala Town,The New Saints,North,North,North-North,257.0,transfermarkt,1.0,1.0,Feb,,0,0,54.3,50,<1h,265.25,0.9688972667295004,291.0769230769231,3.0,1.8,24,,4163736,,0,,0,0,7.6,3.7,0.0,0.0,0.0,22.5,58.0,100.0,3.0,0.0,"Dry, overcast",2-7°C,Gale (55+),0.0
2019-2020,2020-02-21,Friday,19:45,Fri evening,Aberystwyth Town,Penybont FC,Mid,South,Mid-South,242.0,transfermarkt,0.0,1.0,Feb,,0,0,147.7,140,2-3h,317.38461538461536,0.7624818225884634,253.07692307692307,9.0,1.8,25,,4163740,February half-term,1,,0,0,9.1,4.1,0.7,0.7,0.0,30.2,61.6,100.0,53.0,2.2,Rain,2-7°C,Gale (55+),1.0
2019-2020,2020-02-21,Friday,20:00,Fri evening,Connah's Quay Nomads,The New Saints,North,North,North-North,492.0,transfermarkt,1.0,0.0,Feb,,0,0,57.9,50,<1h,289.6923076923077,1.6983536909187469,291.0769230769231,1.0,2.4,25,,4163741,February half-term,1,,0,0,9.5,3.3,0.2,0.2,0.0,36.0,63.4,99.0,51.0,0.8,Drizzle,2-7°C,Gale (55+),0.0
2019-2020,2020-02-22,Saturday,14:30,Sat afternoon,Barry Town United,Caernarfon Town,South,North,North-South,,,1.0,1.0,Feb,,0,0,280.1,248,>3h,424.6666666666667,,644.9230769230769,4.0,1.4,25,,4163742,February half-term,1,"Newport County, Swansea City",1,1,10.7,3.5,0.0,0.0,0.0,44.6,79.2,100.0,3.0,0.0,"Dry, overcast",2-7°C,Gale (55+),0.0
2019-2020,2020-02-22,Saturday,14:30,Sat afternoon,Newtown AFC,Bala Town,Mid,North,Mid-North,222.0,transfermarkt,1.0,2.0,Feb,,0,0,77.9,76,1-2h,270.1666666666667,0.8217149907464527,265.25,5.0,1.6,25,,4163743,February half-term,1,"Newport County, Swansea City",1,1,8.5,2.8,0.1,0.1,0.0,30.6,73.1,100.0,51.0,0.1,"Dry, overcast",2-7°C,Gale (55+),0.0
2019-2020,2020-02-22,Saturday,14:30,Sat afternoon,Cardiff Metropolitan University,Airbus UK Broughton,South,North,North-South,,,1.0,1.0,Feb,,0,0,240.3,200,>3h,256.0,,291.75,7.0,2.0,25,,4163744,February half-term,1,"Newport County, Swansea City",1,1,10.5,3.7,0.1,0.1,0.0,41.2,80.6,100.0,51.0,0.1,"Dry, overcast",2-7°C,Gale (55+),0.0
2019-2020,2020-02-22,Saturday,14:30,Sat afternoon,Carmarthen Town,Cefn Druids,South,North,North-South,229.0,transfermarkt,1.0,0.0,Feb,,0,0,194.2,171,2-3h,272.0,0.8419117647058824,273.1666666666667,11.0,1.6,25,,4163745,February half-term,1,"Newport County, Swansea City",1,1,9.4,4.1,0.0,0.0,0.0,29.1,58.0,100.0,3.0,0.2,Drizzle,2-7°C,Gale (55+),0.0
2019-2020,2020-03-06,Friday,19:45,Fri evening,Caernarfon Town,Newtown AFC,North,Mid,Mid-North,585.0,transfermarkt,3.0,1.0,Mar,,0,0,132.9,120,2-3h,644.9230769230769,0.9070849236641222,270.1666666666667,7.0,0.2,26,,4163746,,0,,0,0,5.9,2.5,0.2,0.2,0.0,11.3,24.1,43.0,51.0,0.2,Drizzle,2-7°C,Calm (<25 km/h gusts),0.0
2019-2020,2020-03-06,Friday,19:45,Fri evening,Bala Town,Connah's Quay Nomads,North,North,North-North,303.0,transfermarkt,2.0,2.0,Mar,,0,0,63.7,67,1-2h,265.25,1.1423185673892555,289.6923076923077,3.0,1.4,26,,4163747,,0,,0,0,3.0,0.1,0.0,0.0,0.0,8.0,25.2,64.0,2.0,0.0,"Dry, overcast",Under 2°C,Breezy (25-40),0.0
2019-2020,2020-03-06,Friday,19:45,Fri evening,Cefn Druids,Aberystwyth Town,North,Mid,Mid-North,241.0,footballwebpages (club page),2.0,2.0,Mar,,0,0,132.6,120,2-3h,273.1666666666667,0.8822452715070164,317.38461538461536,8.0,1.2,26,,4163748,,0,,0,0,4.2,1.1,0.0,0.0,0.0,7.9,19.8,28.0,1.0,0.0,Clear,Under 2°C,Calm (<25 km/h gusts),0.0
2019-2020,2020-03-06,Friday,19:45,Fri evening,Penybont FC,Cardiff Metropolitan University,South,South,South-South,195.0,transfermarkt,2.0,0.0,Mar,,0,1,37.0,43,<1h,253.07692307692307,0.770516717325228,256.0,11.0,1.4,26,,4163749,,0,,0,0,5.7,1.6,0.0,0.0,0.0,17.1,34.2,91.0,3.0,0.2,Drizzle,Under 2°C,Breezy (25-40),0.0
2019-2020,2020-03-06,Friday,20:00,Fri evening,The New Saints,Barry Town United,North,South,North-South,230.0,transfermarkt,2.0,2.0,Mar,,0,0,221.4,185,>3h,291.0769230769231,0.7901691331923889,424.6666666666667,2.0,1.4,26,,4163750,,0,,0,0,2.4,-0.9,0.0,0.0,0.0,8.4,16.9,49.0,1.0,0.0,"Dry, overcast",Under 2°C,Calm (<25 km/h gusts),0.0
2019-2020,2020-03-07,Saturday,14:30,Sat afternoon,Carmarthen Town,Airbus UK Broughton,South,North,North-South,244.0,transfermarkt,1.0,3.0,Mar,,0,0,221.0,188,>3h,272.0,0.8970588235294118,291.75,11.0,1.6,26,,4163776,,0,"Newport County, Swansea City",1,1,9.7,5.3,0.2,0.2,0.0,27.4,55.1,91.0,51.0,0.4,Drizzle,2-7°C,Gale (55+),0.0
2020-2021,2020-09-12,Saturday,14:30,Sat afternoon,Aberystwyth Town,Cardiff Metropolitan University,Mid,South,Mid-South,,,2.0,3.0,Sep,,0,0,164.5,157,2-3h,,,,,,1,behind closed doors,3466213,,0,Cardiff City,1,1,15.9,13.9,0.0,0.0,0.0,15.4,36.7,39.0,1.0,0.1,Clear,12-17°C,Breezy (25-40),0.0
2020-2021,2020-09-12,Saturday,14:30,Sat afternoon,Barry Town United,The New Saints,South,North,North-South,,,0.0,3.0,Sep,,0,0,221.4,185,>3h,,,,,,1,behind closed doors,3466214,,0,Cardiff City,1,1,17.5,15.0,0.0,0.0,0.0,20.7,39.6,81.0,3.0,0.0,"Dry, overcast",12-17°C,Breezy (25-40),0.0
2020-2021,2020-09-12,Saturday,14:30,Sat afternoon,Caernarfon Town,Penybont FC,North,South,North-South,,,1.0,1.0,Sep,,0,0,289.8,254,>3h,,,,,,1,behind closed doors,3466215,,0,,0,1,15.0,11.9,0.0,0.0,0.0,21.9,47.5,75.0,2.0,0.0,"Dry, overcast",7-12°C,Windy (40-55),0.0
2020-2021,2020-09-12,Saturday,14:30,Sat afternoon,Flint Town United,Newtown AFC,North,Mid,Mid-North,,,1.0,0.0,Sep,,0,0,108.3,94,1-2h,,,,,,1,behind closed doors,3466216,,0,,0,1,16.5,13.3,0.0,0.0,0.0,17.9,32.4,94.0,3.0,0.0,"Dry, overcast",12-17°C,Breezy (25-40),0.0
2020-2021,2020-09-12,Saturday,14:30,Sat afternoon,Connah's Quay Nomads,Bala Town,North,North,North-North,,,1.0,1.0,Sep,,0,0,63.6,67,1-2h,,,,,,1,behind closed doors,3466218,,0,,0,1,16.5,13.3,0.0,0.0,0.0,17.9,32.4,94.0,3.0,0.0,"Dry, overcast",12-17°C,Breezy (25-40),0.0
2020-2021,2020-09-15,Tuesday,19:45,Midweek,Cardiff Metropolitan University,Haverfordwest County,South,South,South-South,,,0.0,0.0,Sep,,0,0,158.6,125,2-3h,,,,,,2,behind closed doors,3468027,,0,,0,0,19.8,20.3,0.0,0.0,0.0,12.6,23.4,92.0,3.0,0.0,"Dry, overcast",Over 17°C,Calm (<25 km/h gusts),0.0
2020-2021,2020-09-15,Tuesday,19:45,Midweek,Newtown AFC,Caernarfon Town,Mid,North,Mid-North,,,2.0,3.0,Sep,,0,0,132.9,120,2-3h,,,,,,2,behind closed doors,3468028,,0,,0,0,18.1,18.5,0.0,0.0,0.0,9.0,16.9,100.0,3.0,0.2,Drizzle,Over 17°C,Calm (<25 km/h gusts),0.0
2020-2021,2020-09-15,Tuesday,19:45,Midweek,Penybont FC,Aberystwyth Town,South,Mid,Mid-South,,,1.0,1.0,Sep,,0,0,147.2,139,2-3h,,,,,,2,behind closed doors,3468029,,0,,0,0,16.8,16.8,0.0,0.0,0.0,12.7,31.3,16.0,0.0,0.0,Clear,12-17°C,Breezy (25-40),0.0
2020-2021,2020-09-18,Friday,19:45,Fri evening,Aberystwyth Town,Flint Town United,Mid,North,Mid-North,,,3.0,1.0,Sep,,0,0,141.5,143,2-3h,,,,,,3,behind closed doors,3468033,,0,,0,0,16.4,13.4,0.0,0.0,0.0,20.3,40.3,0.0,0.0,0.0,Clear,12-17°C,Windy (40-55),0.0
2020-2021,2020-09-19,Saturday,14:30,Sat afternoon,Barry Town United,Caernarfon Town,South,North,North-South,,,3.0,1.0,Sep,,0,0,280.1,248,>3h,,,,,,3,behind closed doors,3468034,,0,"Newport County, Swansea City",1,1,20.0,15.8,0.0,0.0,0.0,32.7,59.8,94.0,3.0,0.0,"Dry, overcast",12-17°C,Gale (55+),0.0
2020-2021,2020-09-19,Saturday,19:45,Sat evening,Haverfordwest County,Newtown AFC,South,Mid,Mid-South,,,2.0,2.0,Sep,,0,0,180.1,155,2-3h,,,,,,3,behind closed doors,3468035,,0,"Newport County, Swansea City",1,1,16.5,15.8,0.0,0.0,0.0,10.9,21.6,97.0,3.0,0.0,"Dry, overcast",12-17°C,Calm (<25 km/h gusts),0.0
2020-2021,2020-09-20,Sunday,14:30,Sun afternoon,Bala Town,Cefn Druids,North,North,North-North,,,2.0,1.0,Sep,,0,0,42.8,47,<1h,,,,,,3,behind closed doors,3468036,,0,,0,0,16.2,14.9,0.0,0.0,0.0,13.0,36.0,3.0,0.0,0.0,Clear,12-17°C,Breezy (25-40),0.0
2020-2021,2020-09-20,Sunday,14:30,Sun afternoon,Connah's Quay Nomads,Penybont FC,North,South,North-South,,,1.0,0.0,Sep,,0,0,288.3,239,>3h,,,,,,3,behind closed doors,3468037,,0,,0,0,16.8,15.3,0.0,0.0,0.0,12.7,26.3,22.0,1.0,0.0,Clear,12-17°C,Breezy (25-40),0.0
2020-2021,2020-09-20,Sunday,14:30,Sun afternoon,The New Saints,Cardiff Metropolitan University,North,South,North-South,,,2.0,0.0,Sep,,0,0,199.3,169,2-3h,,,,,,3,behind closed doors,3468038,,0,,0,0,16.1,14.5,0.0,0.0,0.0,11.8,27.0,32.0,1.0,0.0,Clear,12-17°C,Breezy (25-40),0.0
2020-2021,2020-09-23,Wednesday,19:45,Midweek,Cefn Druids,Flint Town United,North,North,North-North,,,1.0,2.0,Sep,,0,1,48.4,41,<1h,,,,,,2,behind closed doors,3468030,,0,,0,0,10.1,7.7,0.0,0.0,0.0,9.3,24.1,100.0,3.0,0.0,"Dry, overcast",7-12°C,Calm (<25 km/h gusts),0.0
2020-2021,2020-09-25,Friday,19:45,Fri evening,Newtown AFC,Aberystwyth Town,Mid,Mid,Mid-Mid,,,1.0,1.0,Sep,,0,0,68.2,66,1-2h,,,,11.0,0.3333333333333333,4,behind closed doors,3468047,,0,,0,0,9.4,5.8,0.0,0.0,0.0,17.7,40.7,40.0,1.0,0.0,"Dry, overcast",2-7°C,Windy (40-55),0.0
2020-2021,2020-09-26,Saturday,14:30,Sat afternoon,Cefn Druids,Cardiff Metropolitan University,North,South,North-South,,,1.0,1.0,Sep,,0,0,213.8,182,>3h,,,,,,4,behind closed doors,3468048,,0,,0,1,10.1,4.9,0.0,0.0,0.0,25.0,55.8,77.0,2.0,0.0,"Dry, overcast",2-7°C,Gale (55+),0.0
2020-2021,2020-09-26,Saturday,17:45,Sat evening,Flint Town United,Barry Town United,North,South,North-South,,,0.0,1.0,Sep,,0,0,278.2,229,>3h,,,,2.0,2.0,4,behind closed doors,3468050,,0,,0,1,11.5,7.2,0.0,0.0,0.0,20.7,38.2,90.0,3.0,0.0,"Dry, overcast",7-12°C,Breezy (25-40),0.0
2020-2021,2020-09-27,Sunday,14:30,Sun afternoon,Penybont FC,Bala Town,South,North,North-South,,,1.0,5.0,Sep,,0,0,237.8,213,>3h,,,,10.0,0.6666666666666666,4,behind closed doors,3468049,,0,,0,0,14.9,12.7,0.0,0.0,0.0,10.9,28.8,60.0,2.0,0.0,"Dry, overcast",12-17°C,Breezy (25-40),0.0
2020-2021,2020-09-27,Sunday,14:30,Sun afternoon,Caernarfon Town,The New Saints,North,North,North-North,,,0.0,4.0,Sep,,0,0,143.5,105,1-2h,,,,8.0,1.3333333333333333,4,behind closed doors,3468051,,0,,0,0,12.7,11.3,0.0,0.0,0.0,4.1,18.0,80.0,3.0,0.0,"Dry, overcast",7-12°C,Calm (<25 km/h gusts),0.0
2020-2021,2020-09-27,Sunday,14:30,Sun afternoon,Haverfordwest County,Connah's Quay Nomads,South,North,North-South,,,1.0,4.0,Sep,,0,0,284.1,240,>3h,,,,,,4,behind closed doors,3468052,,0,,0,0,12.8,10.3,0.0,0.0,0.0,11.3,27.0,55.0,2.0,0.0,"Dry, overcast",7-12°C,Breezy (25-40),0.0
2020-2021,2020-09-29,Tuesday,19:45,Midweek,Newtown AFC,Cefn Druids,Mid,North,Mid-North,,,4.0,1.0,Sep,,0,0,65.4,64,1-2h,,,,9.0,0.5,5,behind closed doors,3468053,,0,,0,0,11.3,10.3,0.0,0.0,0.0,5.4,15.1,100.0,3.0,0.0,"Dry, overcast",7-12°C,Calm (<25 km/h gusts),0.0
2020-2021,2020-09-30,Wednesday,19:45,Midweek,Barry Town United,Haverfordwest County,South,South,South-South,,,2.0,1.0,Sep,,0,0,156.7,121,2-3h,,,,4.0,2.0,5,behind closed doors,3468054,,0,,0,0,13.5,11.1,0.0,0.0,0.0,19.1,34.9,53.0,2.0,0.2,Drizzle,7-12°C,Breezy (25-40),0.0
2020-2021,2020-09-30,Wednesday,19:45,Midweek,Caernarfon Town,Flint Town United,North,North,North-North,,,2.0,1.0,Sep,,0,0,91.7,71,1-2h,,,,9.0,1.0,5,behind closed doors,3468055,,0,,0,0,11.9,10.7,0.7,0.7,0.0,10.7,26.3,100.0,53.0,1.7,Rain,7-12°C,Breezy (25-40),1.0
2020-2021,2020-09-30,Wednesday,19:45,Midweek,Connah's Quay Nomads,Aberystwyth Town,North,Mid,Mid-North,,,2.0,0.0,Sep,,0,0,142.6,144,2-3h,,,,4.0,2.3333333333333335,5,behind closed doors,3468056,,0,,0,0,12.3,11.6,0.1,0.1,0.0,7.4,13.3,88.0,51.0,1.3000000000000003,Rain,7-12°C,Calm (<25 km/h gusts),1.0
2020-2021,2020-09-30,Wednesday,19:45,Midweek,Cardiff Metropolitan University,Penybont FC,South,South,South-South,,,0.0,1.0,Sep,,0,1,40.1,43,<1h,,,,9.0,1.25,5,behind closed doors,3468057,,0,,0,0,12.6,10.8,0.0,0.0,0.0,14.8,35.6,51.0,2.0,0.5,Drizzle,7-12°C,Breezy (25-40),0.0
2020-2021,2020-10-03,Saturday,14:30,Sat afternoon,Aberystwyth Town,Barry Town United,Mid,South,Mid-South,,,1.0,2.0,Oct,,0,0,175.8,159,2-3h,,,,8.0,1.0,6,behind closed doors,3468058,,0,"Newport County, Swansea City",1,1,11.8,9.7,1.0,1.0,0.0,16.9,34.6,100.0,55.0,2.3,Rain,7-12°C,Breezy (25-40),1.0
2020-2021,2020-10-03,Saturday,14:30,Sat afternoon,Bala Town,Haverfordwest County,North,South,North-South,,,1.0,2.0,Oct,,0,0,181.6,175,2-3h,,,,4.0,2.3333333333333335,6,behind closed doors,3468059,,0,Wrexham,1,1,10.3,7.6,1.2,1.2,0.0,18.6,46.8,100.0,55.0,3.5,Rain,7-12°C,Windy (40-55),1.0
2020-2021,2020-10-03,Saturday,14:30,Sat afternoon,Cefn Druids,Connah's Quay Nomads,North,North,North-North,,,0.0,5.0,Oct,,0,1,46.0,43,<1h,,,,12.0,0.25,6,behind closed doors,3468060,,0,Wrexham,1,1,10.5,6.8,1.6,1.6,0.0,23.7,50.0,100.0,61.0,3.0,Rain,2-7°C,Windy (40-55),1.0
2020-2021,2020-10-03,Saturday,14:30,Sat afternoon,Penybont FC,Newtown AFC,South,Mid,Mid-South,,,2.0,1.0,Oct,,0,0,175.4,154,2-3h,,,,11.0,1.0,6,behind closed doors,3468061,,0,"Newport County, Swansea City",1,1,12.2,8.6,1.0,1.0,0.0,25.0,48.6,100.0,55.0,2.4,Rain,7-12°C,Windy (40-55),1.0
2020-2021,2020-10-03,Saturday,14:30,Sat afternoon,The New Saints,Flint Town United,North,North,North-North,,,10.0,0.0,Oct,,0,0,58.8,48,<1h,,,,3.0,3.0,6,behind closed doors,3468062,,0,Wrexham,1,1,10.6,6.6,1.6,1.6,0.0,25.8,52.6,100.0,61.0,2.9,Rain,2-7°C,Windy (40-55),1.0
2020-2021,2020-10-03,Saturday,17:15,Sat evening,Cardiff Metropolitan University,Caernarfon Town,South,North,North-South,,,0.0,3.0,Oct,,0,0,270.5,244,>3h,,,,10.0,1.0,6,behind closed doors,3468063,,0,"Newport County, Swansea City",1,1,11.8,9.4,0.9,0.9,0.0,15.9,37.8,100.0,53.0,3.5,Rain,7-12°C,Breezy (25-40),1.0
2020-2021,2020-10-06,Tuesday,19:45,Midweek,Barry Town United,Cardiff Metropolitan University,South,South,South-South,,,1.0,0.0,Oct,,0,1,17.8,30,<1h,,,,3.0,2.4,7,behind closed doors,3468064,,0,,0,0,12.7,9.3,0.0,0.0,0.0,22.2,54.0,29.0,1.0,0.2,Drizzle,7-12°C,Windy (40-55),0.0
2020-2021,2020-10-06,Tuesday,19:45,Midweek,Cefn Druids,Aberystwyth Town,North,Mid,Mid-North,,,0.0,4.0,Oct,,0,0,132.6,120,2-3h,,,,12.0,0.2,7,behind closed doors,3468065,,0,,0,0,10.2,7.1,0.0,0.0,0.0,16.4,36.7,22.0,1.0,0.2,Drizzle,7-12°C,Breezy (25-40),0.0
2020-2021,2020-10-06,Tuesday,19:45,Midweek,Connah's Quay Nomads,Caernarfon Town,North,North,North-North,,,3.0,1.0,Oct,,0,0,98.9,81,1-2h,,,,2.0,2.6,7,behind closed doors,3468066,,0,,0,0,11.3,7.7,0.1,0.1,0.0,21.6,42.1,65.0,51.0,0.30000000000000004,Drizzle,7-12°C,Windy (40-55),0.0
2020-2021,2020-10-06,Tuesday,19:45,Midweek,Haverfordwest County,Penybont FC,South,South,South-South,,,0.0,4.0,Oct,,0,0,123.9,98,1-2h,,,,10.0,1.0,7,behind closed doors,3468067,,0,,0,0,11.8,8.2,0.0,0.0,0.0,21.8,42.8,33.0,1.0,0.9,Drizzle,7-12°C,Windy (40-55),0.0
2020-2021,2020-10-06,Tuesday,19:45,Midweek,The New Saints,Newtown AFC,North,Mid,Mid-North,,,2.0,0.0,Oct,,0,0,51.5,50,<1h,,,,3.0,3.0,7,behind closed doors,3468068,,0,,0,0,10.3,7.3,0.0,0.0,0.0,16.4,36.7,14.0,0.0,0.1,Clear,7-12°C,Breezy (25-40),0.0
2020-2021,2020-10-09,Friday,19:45,Fri evening,Caernarfon Town,Cefn Druids,North,North,North-North,,,1.0,2.0,Oct,,0,0,132.9,98,1-2h,,,,5.0,1.2,8,behind closed doors,3468070,,0,,0,0,8.7,5.2,0.0,0.0,0.0,14.0,34.6,26.0,1.0,0.0,Clear,2-7°C,Breezy (25-40),0.0
2020-2021,2020-10-10,Saturday,14:30,Sat afternoon,Cardiff Metropolitan University,Connah's Quay Nomads,South,North,North-South,,,1.0,2.0,Oct,,0,0,254.9,216,>3h,,,,10.0,0.2,8,behind closed doors,3468071,,0,,0,0,13.3,9.1,0.0,0.0,0.0,23.8,49.3,33.0,1.0,0.0,Clear,7-12°C,Windy (40-55),0.0
2020-2021,2020-10-10,Saturday,14:30,Sat afternoon,Flint Town United,Haverfordwest County,North,South,North-South,,,0.0,2.0,Oct,,0,0,244.2,238,>3h,,,,8.0,0.6,8,behind closed doors,3468072,,0,,0,0,11.1,6.7,1.3,1.3,0.0,28.7,59.0,81.0,61.0,1.7000000000000002,Rain,2-7°C,Gale (55+),1.0
2020-2021,2020-10-10,Saturday,14:30,Sat afternoon,Newtown AFC,Barry Town United,Mid,South,Mid-South,,,1.0,1.0,Oct,,0,0,162.1,147,2-3h,,,,10.0,1.0,8,behind closed doors,3468073,,0,,0,0,11.1,7.7,0.2,0.2,0.0,20.9,43.2,50.0,51.0,0.7,Drizzle,7-12°C,Windy (40-55),0.0
2020-2021,2020-10-10,Saturday,14:30,Sat afternoon,Penybont FC,The New Saints,South,North,North-South,,,0.0,4.0,Oct,,0,0,231.9,193,>3h,,,,4.0,1.8,8,behind closed doors,3468074,,0,,0,0,12.6,7.6,0.0,0.0,0.0,29.5,58.0,48.0,1.0,0.0,"Dry, overcast",7-12°C,Gale (55+),0.0
2020-2021,2020-10-10,Saturday,17:15,Sat evening,Bala Town,Aberystwyth Town,North,Mid,Mid-North,,,5.0,2.0,Oct,,0,0,79.6,79,1-2h,,,,8.0,1.75,8,behind closed doors,3468075,,0,,0,0,9.9,7.2,0.6,0.6,0.0,17.1,50.0,100.0,53.0,1.6,Rain,7-12°C,Windy (40-55),1.0
2020-2021,2020-10-13,Tuesday,19:45,Midweek,The New Saints,Connah's Quay Nomads,North,North,North-North,,,1.0,0.0,Oct,,0,0,56.4,49,<1h,,,,2.0,3.0,2,behind closed doors,3468031,,0,,0,0,9.8,6.1,0.1,0.1,0.0,21.6,43.9,100.0,51.0,0.4,Drizzle,2-7°C,Windy (40-55),0.0
2020-2021,2020-10-14,Wednesday,19:45,Midweek,Bala Town,Barry Town United,North,South,North-South,,,4.0,0.0,Oct,,0,0,224.6,205,>3h,,,,5.0,2.0,2,behind closed doors,3468032,,0,,0,0,9.3,7.4,0.0,0.0,0.0,11.6,29.2,99.0,3.0,0.0,"Dry, overcast",7-12°C,Breezy (25-40),0.0
2020-2021,2020-10-16,Friday,19:45,Fri evening,Aberystwyth Town,The New Saints,Mid,North,Mid-North,,,2.0,2.0,Oct,,0,0,118.2,107,1-2h,,,,7.0,0.8,9,behind closed doors,3468076,,0,,0,0,10.1,8.1,0.1,0.1,0.0,8.7,16.9,100.0,51.0,0.1,"Dry, overcast",7-12°C,Calm (<25 km/h gusts),0.0
2020-2021,2020-10-17,Saturday,14:30,Sat afternoon,Cardiff Metropolitan University,Flint Town United,South,North,North-South,,,2.0,1.0,Oct,,0,0,257.2,215,>3h,,,,11.0,0.2,9,behind closed doors,3468077,,0,"Newport County, Swansea City",1,1,10.8,8.1,0.0,0.0,0.0,12.8,28.8,89.0,3.0,0.0,"Dry, overcast",7-12°C,Breezy (25-40),0.0
2020-2021,2020-10-17,Saturday,14:30,Sat afternoon,Cefn Druids,Penybont FC,North,South,North-South,,,0.0,2.0,Oct,,0,0,246.3,205,>3h,,,,12.0,0.8,9,behind closed doors,3468078,,0,,0,1,8.8,6.6,0.0,0.0,0.0,7.1,19.4,100.0,3.0,0.0,"Dry, overcast",2-7°C,Calm (<25 km/h gusts),0.0
2020-2021,2020-10-17,Saturday,14:30,Sat afternoon,Haverfordwest County,Caernarfon Town,South,North,North-South,,,1.0,1.0,Oct,,0,0,226.3,215,>3h,,,,8.0,1.2,9,behind closed doors,3468079,,0,"Newport County, Swansea City",1,1,12.4,9.6,0.0,0.0,0.0,13.4,28.8,91.0,3.0,0.0,"Dry, overcast",7-12°C,Breezy (25-40),0.0
2020-2021,2020-10-17,Saturday,14:30,Sat afternoon,Newtown AFC,Bala Town,Mid,North,Mid-North,,,0.0,2.0,Oct,,0,0,77.9,76,1-2h,,,,10.0,1.0,9,behind closed doors,3468080,,0,"Newport County, Swansea City",1,1,9.0,7.0,0.0,0.0,0.0,7.1,19.8,100.0,3.0,0.0,"Dry, overcast",2-7°C,Calm (<25 km/h gusts),0.0
2020-2021,2020-10-17,Saturday,17:15,Sat evening,Barry Town United,Connah's Quay Nomads,South,North,North-South,,,0.0,0.0,Oct,,0,0,276.7,231,>3h,,,,4.0,2.0,9,behind closed doors,3468081,,0,"Newport County, Swansea City",1,1,11.6,8.7,0.0,0.0,0.0,14.7,28.8,85.0,3.0,0.0,"Dry, overcast",7-12°C,Breezy (25-40),0.0
2020-2021,2020-10-20,Tuesday,19:45,Midweek,Flint Town United,Bala Town,North,North,North-North,,,1.0,2.0,Oct,,0,0,63.2,65,1-2h,,,,11.0,0.0,7,behind closed doors,3468069,,0,,0,0,13.5,10.5,0.0,0.0,0.0,20.0,36.4,80.0,3.0,0.0,"Dry, overcast",7-12°C,Breezy (25-40),0.0
2020-2021,2020-10-24,Saturday,17:15,Sat evening,The New Saints,Haverfordwest County,North,South,North-South,,,3.0,2.0,Oct,,0,0,228.7,194,>3h,,,,1.0,2.6,10,behind closed doors,3468086,,0,,0,1,10.4,8.9,2.8,2.8,0.0,9.2,41.4,100.0,63.0,5.5,Heavy rain,7-12°C,Windy (40-55),1.0
2020-2021,2020-10-31,Saturday,17:15,Sat evening,Haverfordwest County,Bala Town,South,North,North-South,,,1.0,1.0,Oct,,0,0,180.8,175,2-3h,,,,8.0,1.4,17,behind closed doors,3475289,October half-term,1,"Newport County, Swansea City",1,1,10.4,5.4,0.0,0.0,0.0,27.1,55.4,99.0,3.0,0.1,"Dry, overcast",2-7°C,Gale (55+),0.0
2020-2021,2020-11-07,Saturday,17:15,Sat evening,Bala Town,The New Saints,North,North,North-North,,,1.0,1.0,Nov,,0,0,54.3,50,<1h,,,,2.0,2.6,5,behind closed doors,3468949,,0,,0,0,10.7,8.6,0.0,0.0,0.0,13.8,37.8,100.0,3.0,0.0,"Dry, overcast",7-12°C,Breezy (25-40),0.0
2020-2021,2020-11-13,Friday,19:45,Fri evening,Caernarfon Town,Connah's Quay Nomads,North,North,North-North,,,1.0,2.0,Nov,,0,0,97.5,78,1-2h,,,,6.0,1.4,13,behind closed doors,3475241,,0,,0,0,9.7,5.2,0.0,0.0,0.0,22.7,47.2,87.0,3.0,0.0,"Dry, overcast",2-7°C,Windy (40-55),0.0
2020-2021,2020-11-13,Friday,19:45,Fri evening,Cardiff Metropolitan University,Aberystwyth Town,South,Mid,Mid-South,,,1.0,1.0,Nov,,0,0,166.9,156,2-3h,,,,9.0,0.6,13,behind closed doors,3475242,,0,,0,0,10.2,7.4,0.0,0.0,0.0,14.7,28.1,99.0,3.0,0.0,"Dry, overcast",7-12°C,Breezy (25-40),0.0
2020-2021,2020-11-14,Saturday,14:30,Sat afternoon,Bala Town,Penybont FC,North,South,North-South,,,4.0,1.0,Nov,,0,0,235.0,212,>3h,,,,3.0,2.2,13,behind closed doors,3475243,,0,,0,0,12.5,9.1,0.1,0.1,0.0,25.3,66.2,100.0,51.0,0.4,Drizzle,7-12°C,Gale (55+),0.0
2020-2021,2020-11-14,Saturday,14:30,Sat afternoon,Newtown AFC,Flint Town United,Mid,North,Mid-North,,,3.0,2.0,Nov,,0,0,109.2,95,1-2h,,,,10.0,0.8,13,behind closed doors,3475245,,0,,0,0,13.8,11.0,0.1,0.1,0.0,23.6,59.8,100.0,51.0,0.5,Drizzle,7-12°C,Gale (55+),0.0
2020-2021,2020-11-14,Saturday,17:15,Sat evening,The New Saints,Barry Town United,North,South,North-South,,,2.0,1.0,Nov,,0,0,221.4,185,>3h,,,,1.0,2.2,13,behind closed doors,3496443,,0,,0,0,12.6,9.6,1.1,1.1,0.0,23.1,73.4,100.0,55.0,1.7000000000000002,Rain,7-12°C,Gale (55+),1.0
2020-2021,2020-11-20,Friday,19:45,Fri evening,Connah's Quay Nomads,Cefn Druids,North,North,North-North,,,2.0,1.0,Nov,,0,1,47.3,43,<1h,,,,3.0,2.0,14,behind closed doors,3475268,,0,,0,0,11.3,9.1,0.0,0.0,0.0,14.5,26.6,99.0,3.0,0.0,"Dry, overcast",7-12°C,Breezy (25-40),0.0
2020-2021,2020-11-21,Saturday,14:30,Sat afternoon,Barry Town United,Newtown AFC,South,Mid,Mid-South,,,0.0,0.0,Nov,,0,0,162.8,148,2-3h,,,,4.0,1.0,14,behind closed doors,3475269,,0,"Newport County, Swansea City",1,1,12.1,8.3,0.0,0.0,0.0,25.9,51.1,100.0,3.0,0.0,"Dry, overcast",7-12°C,Windy (40-55),0.0
2020-2021,2020-11-21,Saturday,14:30,Sat afternoon,Cardiff Metropolitan University,The New Saints,South,North,North-South,,,0.0,1.0,Nov,,0,0,199.7,170,2-3h,,,,10.0,0.8,14,behind closed doors,3475270,,0,"Newport County, Swansea City",1,1,11.5,7.5,0.1,0.1,0.0,27.4,55.4,100.0,51.0,0.2,Drizzle,7-12°C,Gale (55+),0.0
2020-2021,2020-11-21,Saturday,14:30,Sat afternoon,Haverfordwest County,Flint Town United,South,North,North-South,,,0.0,3.0,Nov,,0,0,286.4,239,>3h,,,,9.0,1.0,14,behind closed doors,3475271,,0,"Newport County, Swansea City",1,1,11.4,8.5,0.3,0.3,0.0,21.3,40.0,100.0,51.0,0.6000000000000001,Drizzle,7-12°C,Breezy (25-40),0.0
2020-2021,2020-11-27,Friday,19:45,Fri evening,Bala Town,Newtown AFC,North,Mid,Mid-North,,,3.0,1.0,Nov,,0,0,77.5,76,1-2h,,,,3.0,2.2,15,behind closed doors,3475273,,0,,0,0,2.4,-0.8,0.0,0.0,0.0,7.6,19.4,95.0,3.0,0.0,"Dry, overcast",Under 2°C,Calm (<25 km/h gusts),0.0
2020-2021,2020-11-28,Saturday,13:30,Sat lunch,Connah's Quay Nomads,Barry Town United,North,South,North-South,,,3.0,1.0,Nov,,0,0,277.9,231,>3h,,,,3.0,2.0,15,behind closed doors,3475275,,0,,0,1,7.0,3.7,0.1,0.1,0.0,15.7,23.4,100.0,51.0,0.2,Drizzle,2-7°C,Calm (<25 km/h gusts),0.0
2020-2021,2020-11-28,Saturday,14:30,Sat afternoon,Caernarfon Town,Haverfordwest County,North,South,North-South,,,1.0,4.0,Nov,,0,0,227.1,215,>3h,,,,6.0,0.8,15,behind closed doors,3475274,,0,,0,1,9.8,8.4,0.0,0.0,0.0,4.0,14.0,38.0,1.0,0.0,Clear,7-12°C,Calm (<25 km/h gusts),0.0
2020-2021,2020-11-28,Saturday,14:30,Sat afternoon,Flint Town United,Cardiff Metropolitan University,North,South,North-South,,,0.0,1.0,Nov,,0,0,256.1,214,>3h,,,,11.0,0.6,15,behind closed doors,3475276,,0,,0,1,7.2,3.9,0.1,0.1,0.0,15.8,28.4,100.0,51.0,0.30000000000000004,Drizzle,2-7°C,Breezy (25-40),0.0
2020-2021,2020-11-28,Saturday,14:30,Sat afternoon,The New Saints,Aberystwyth Town,North,Mid,Mid-North,,,4.0,1.0,Nov,,0,0,118.1,106,1-2h,,,,1.0,2.2,15,behind closed doors,3475278,,0,,0,1,5.8,3.5,0.1,0.1,0.0,7.6,15.8,100.0,51.0,0.4,Drizzle,2-7°C,Calm (<25 km/h gusts),0.0
2020-2021,2020-11-29,Sunday,14:30,Sun afternoon,Penybont FC,Cefn Druids,South,North,North-South,,,1.0,1.0,Nov,,0,0,245.7,206,>3h,,,,5.0,1.8,15,behind closed doors,3475277,,0,,0,0,9.2,7.4,0.0,0.0,0.0,7.9,17.6,57.0,2.0,0.0,"Dry, overcast",7-12°C,Calm (<25 km/h gusts),0.0
2020-2021,2020-12-01,Tuesday,19:45,Midweek,Caernarfon Town,Bala Town,North,North,North-North,,,1.0,1.0,Dec,,0,0,74.4,66,1-2h,,,,8.0,0.2,19,behind closed doors,3475298,,0,Wrexham,1,1,8.0,5.8,0.0,0.0,0.0,8.4,15.5,100.0,3.0,0.0,"Dry, overcast",2-7°C,Calm (<25 km/h gusts),0.0
2020-2021,2020-12-01,Tuesday,19:45,Midweek,Cardiff Metropolitan University,Newtown AFC,South,Mid,Mid-South,,,2.0,1.0,Dec,,0,0,153.2,143,2-3h,,,,7.0,1.4,19,behind closed doors,3475299,,0,Cardiff City,1,1,6.8,4.3,0.0,0.0,0.0,5.5,14.4,99.0,3.0,0.0,"Dry, overcast",2-7°C,Calm (<25 km/h gusts),0.0
2020-2021,2020-12-01,Tuesday,19:45,Midweek,Connah's Quay Nomads,Flint Town United,North,North,North-North,,,2.0,0.0,Dec,,0,1,5.4,12,<1h,,,,2.0,2.0,19,behind closed doors,3475301,,0,Wrexham,1,1,6.9,5.0,0.0,0.0,0.0,4.4,7.6,100.0,3.0,0.0,"Dry, overcast",2-7°C,Calm (<25 km/h gusts),0.0
2020-2021,2020-12-01,Tuesday,19:45,Midweek,Haverfordwest County,Aberystwyth Town,South,Mid,Mid-South,,,2.0,0.0,Dec,,0,0,103.9,99,1-2h,,,,7.0,1.0,19,behind closed doors,3475302,,0,Cardiff City,1,1,4.0,1.0,0.0,0.0,0.0,10.0,12.6,79.0,2.0,0.0,"Dry, overcast",Under 2°C,Calm (<25 km/h gusts),0.0
2020-2021,2020-12-02,Wednesday,19:45,Midweek,Cefn Druids,The New Saints,North,North,North-North,,,0.0,4.0,Dec,,0,1,15.9,16,<1h,,,,12.0,0.8,19,behind closed doors,3475300,,0,,0,0,4.1,0.6,0.0,0.0,0.0,11.4,23.4,40.0,1.0,0.0,"Dry, overcast",Under 2°C,Calm (<25 km/h gusts),0.0
2020-2021,2020-12-04,Friday,19:45,Fri evening,Aberystwyth Town,Connah's Quay Nomads,Mid,North,Mid-North,,,1.0,3.0,Dec,,0,0,142.0,144,2-3h,,,,9.0,0.4,16,behind closed doors,3475279,,0,,0,0,5.3,2.7,0.9,0.9,0.0,8.5,35.3,100.0,53.0,2.9,Rain,2-7°C,Breezy (25-40),1.0
2020-2021,2020-12-05,Saturday,14:30,Sat afternoon,Haverfordwest County,Cefn Druids,South,North,North-South,,,1.0,1.0,Dec,,0,0,242.6,207,>3h,,,,5.0,1.4,1,behind closed doors,3466217,,0,"Newport County, Swansea City",1,1,5.1,0.6,0.1,0.1,0.0,18.9,40.7,65.0,51.0,0.1,"Dry, overcast",Under 2°C,Windy (40-55),0.0
2020-2021,2020-12-05,Saturday,14:15,Sat afternoon,Penybont FC,Caernarfon Town,South,North,North-South,,,6.0,0.0,Dec,,0,0,292.7,255,>3h,,,,6.0,1.4,14,behind closed doors,3475272,,0,"Newport County, Swansea City",1,1,6.0,0.1,0.0,0.0,0.0,29.8,54.7,61.0,2.0,0.1,"Dry, overcast",Under 2°C,Windy (40-55),0.0
2020-2021,2020-12-05,Saturday,14:30,Sat afternoon,Barry Town United,Flint Town United,South,North,North-South,,,6.0,3.0,Dec,,0,0,279.0,230,>3h,,,,5.0,0.4,16,behind closed doors,3475281,,0,"Newport County, Swansea City",1,1,6.9,0.5,0.1,0.1,0.0,33.5,59.8,60.0,51.0,0.30000000000000004,Drizzle,Under 2°C,Gale (55+),0.0
2020-2021,2020-12-05,Saturday,14:30,Sat afternoon,Cardiff Metropolitan University,Bala Town,South,North,North-South,,,1.0,1.0,Dec,,0,0,215.7,202,>3h,,,,7.0,2.0,16,behind closed doors,3475282,,0,"Newport County, Swansea City",1,1,6.3,1.0,0.2,0.2,0.0,26.2,54.4,76.0,51.0,0.30000000000000004,Drizzle,Under 2°C,Windy (40-55),0.0
2020-2021,2020-12-08,Tuesday,19:45,Midweek,Cefn Druids,Caernarfon Town,North,North,North-North,,,1.0,2.0,Dec,,0,0,134.9,101,1-2h,,,,12.0,0.4,16,behind closed doors,3475280,,0,,0,1,5.3,0.7,0.2,0.2,0.0,21.1,43.6,91.0,51.0,0.8999999999999999,Drizzle,Under 2°C,Windy (40-55),0.0
2020-2021,2020-12-09,Wednesday,19:45,Midweek,Aberystwyth Town,Bala Town,Mid,North,Mid-North,,,1.0,2.0,Dec,,0,0,78.8,79,1-2h,,,,10.0,0.4,14,behind closed doors,3475267,,0,,0,0,6.7,2.3,0.5,0.5,0.0,21.7,43.6,100.0,53.0,1.1,Rain,2-7°C,Windy (40-55),1.0
2020-2021,2020-12-12,Saturday,14:30,Sat afternoon,Bala Town,Cardiff Metropolitan University,North,South,North-South,,,4.0,1.0,Dec,,0,0,213.3,202,>3h,,,,3.0,2.2,10,behind closed doors,3468083,,0,,0,1,6.1,2.8,0.1,0.1,0.0,16.0,40.7,95.0,51.0,0.30000000000000004,Drizzle,2-7°C,Windy (40-55),0.0
2020-2021,2020-12-12,Saturday,16:30,Sat evening,Connah's Quay Nomads,The New Saints,North,North,North-North,,,2.0,0.0,Dec,,0,0,57.9,50,<1h,,,,3.0,3.0,11,behind closed doors,3475233,,0,,0,1,7.0,2.4,0.0,0.0,0.0,22.5,42.1,37.0,1.0,0.2,Drizzle,2-7°C,Windy (40-55),0.0
2020-2021,2020-12-12,Saturday,14:30,Sat afternoon,Caernarfon Town,Barry Town United,North,South,North-South,,,2.0,0.0,Dec,,0,0,279.4,247,>3h,,,,8.0,0.8,12,behind closed doors,3475236,,0,,0,1,7.2,3.6,0.4,0.4,0.0,16.4,36.4,65.0,51.0,0.6000000000000001,Drizzle,2-7°C,Breezy (25-40),0.0
2020-2021,2020-12-12,Saturday,14:30,Sat afternoon,Cefn Druids,Haverfordwest County,North,South,North-South,,,4.0,1.0,Dec,,0,0,243.2,207,>3h,,,,12.0,0.4,13,behind closed doors,3475244,,0,,0,1,6.8,2.7,0.0,0.0,0.0,18.3,38.2,22.0,1.0,0.0,Clear,2-7°C,Breezy (25-40),0.0
2020-2021,2020-12-15,Tuesday,19:45,Midweek,Aberystwyth Town,Caernarfon Town,Mid,North,Mid-North,,,1.0,2.0,Dec,,0,0,124.4,119,1-2h,,,,10.0,0.2,20,behind closed doors,3475303,,0,,0,0,8.1,4.7,0.0,0.0,0.0,16.5,33.1,100.0,3.0,0.0,"Dry, overcast",2-7°C,Breezy (25-40),0.0
2020-2021,2020-12-15,Tuesday,19:45,Midweek,Flint Town United,Cefn Druids,North,North,North-North,,,1.0,2.0,Dec,,0,1,47.7,41,<1h,,,,12.0,0.6,20,behind closed doors,3475305,,0,,0,0,5.7,2.6,0.0,0.0,0.0,11.2,27.0,94.0,3.0,0.0,"Dry, overcast",2-7°C,Breezy (25-40),0.0
2020-2021,2020-12-15,Tuesday,19:45,Midweek,Newtown AFC,The New Saints,Mid,North,Mid-North,,,0.0,4.0,Dec,,0,0,51.6,50,<1h,,,,10.0,0.8,20,behind closed doors,3475307,,0,,0,0,6.8,3.6,0.0,0.0,0.0,14.2,34.9,100.0,3.0,0.0,"Dry, overcast",2-7°C,Breezy (25-40),0.0
2020-2021,2020-12-15,Tuesday,19:45,Midweek,Penybont FC,Cardiff Metropolitan University,South,South,South-South,,,1.0,0.0,Dec,,0,1,37.0,43,<1h,,,,6.0,1.4,20,behind closed doors,3475308,,0,,0,0,7.3,4.2,0.0,0.0,0.0,13.5,23.4,100.0,3.0,0.0,"Dry, overcast",2-7°C,Calm (<25 km/h gusts),0.0
2020-2021,2020-12-16,Wednesday,19:45,Midweek,Haverfordwest County,Barry Town United,South,South,South-South,,,2.0,1.0,Dec,,0,0,156.4,120,2-3h,,,,7.0,1.4,20,behind closed doors,3475306,,0,Cardiff City,1,1,6.6,3.7,0.0,0.0,0.0,10.3,18.7,22.0,1.0,0.0,Clear,2-7°C,Calm (<25 km/h gusts),0.0
2020-2021,2020-12-18,Friday,19:45,Fri evening,Caernarfon Town,Newtown AFC,North,Mid,Mid-North,,,1.0,1.0,Dec,,0,0,132.9,120,2-3h,,,,6.0,2.0,17,behind closed doors,3475285,,0,,0,0,11.2,6.4,0.4,0.4,0.0,31.7,72.4,100.0,51.0,2.0,Rain,2-7°C,Gale (55+),1.0
2020-2021,2020-12-19,Saturday,14:30,Sat afternoon,Barry Town United,Cefn Druids,South,North,North-South,,,4.0,1.0,Dec,,0,0,235.2,199,>3h,,,,6.0,0.8,17,behind closed doors,3475286,,0,"Newport County, Swansea City",1,1,10.6,6.7,0.0,0.0,0.0,21.0,38.5,68.0,2.0,0.30000000000000004,Drizzle,2-7°C,Breezy (25-40),0.0
2020-2021,2020-12-19,Saturday,14:30,Sat afternoon,Connah's Quay Nomads,Cardiff Metropolitan University,North,South,North-South,,,3.0,1.0,Dec,,0,0,255.8,216,>3h,,,,2.0,3.0,17,behind closed doors,3475287,,0,,0,1,9.6,5.4,0.0,0.0,0.0,20.6,40.3,16.0,0.0,0.0,Clear,2-7°C,Windy (40-55),0.0
2020-2021,2020-12-19,Saturday,14:30,Sat afternoon,The New Saints,Penybont FC,North,South,North-South,,,2.0,1.0,Dec,,0,0,231.8,192,>3h,,,,1.0,2.4,17,behind closed doors,3475290,,0,,0,1,8.5,3.8,0.1,0.1,0.0,24.1,50.4,36.0,51.0,0.2,Drizzle,2-7°C,Windy (40-55),0.0
2020-2021,2020-12-19,Saturday,16:30,Sat evening,Flint Town United,Aberystwyth Town,North,Mid,Mid-North,,,3.0,0.0,Dec,,0,0,142.2,142,2-3h,,,,12.0,0.6,17,behind closed doors,3475288,,0,,0,1,9.2,5.0,0.0,0.0,0.0,19.4,37.4,70.0,2.0,0.0,"Dry, overcast",2-7°C,Breezy (25-40),0.0
2020-2021,2021-03-02,Tuesday,20:00,Midweek,Newtown AFC,Penybont FC,Mid,South,Mid-South,,,2.0,0.0,Mar,,0,0,172.5,154,2-3h,,,,11.0,0.4,16,behind closed doors,3475284,,0,Cardiff City,1,1,1.6,-1.5,0.0,0.0,0.0,7.4,13.0,30.0,1.0,0.0,Clear,Under 2°C,Calm (<25 km/h gusts),0.0
2020-2021,2021-03-06,Saturday,14:30,Sat afternoon,Connah's Quay Nomads,Newtown AFC,North,Mid,Mid-North,,,2.0,1.0,Mar,,0,0,108.0,96,1-2h,,,,2.0,3.0,10,behind closed doors,3468082,,0,,0,1,5.2,1.6,0.0,0.0,0.0,6.9,18.0,94.0,3.0,0.0,"Dry, overcast",Under 2°C,Calm (<25 km/h gusts),0.0
2020-2021,2021-03-06,Saturday,14:30,Sat afternoon,Cefn Druids,Barry Town United,North,South,North-South,,,0.0,1.0,Mar,,0,0,235.9,198,>3h,,,,11.0,1.4,10,behind closed doors,3468084,,0,,0,1,4.2,0.7,0.0,0.0,0.0,6.4,19.8,91.0,3.0,0.0,"Dry, overcast",Under 2°C,Calm (<25 km/h gusts),0.0
2020-2021,2021-03-06,Saturday,14:30,Sat afternoon,Caernarfon Town,Aberystwyth Town,North,Mid,Mid-North,,,2.0,2.0,Mar,,0,0,125.1,119,1-2h,,,,5.0,2.0,10,behind closed doors,3468087,,0,,0,1,6.4,3.2,0.0,0.0,0.0,5.3,17.3,32.0,1.0,0.0,Clear,2-7°C,Calm (<25 km/h gusts),0.0
2020-2021,2021-03-06,Saturday,14:30,Sat afternoon,Haverfordwest County,Cardiff Metropolitan University,South,South,South-South,,,1.0,0.0,Mar,,0,0,155.7,125,2-3h,,,,7.0,2.0,12,behind closed doors,3475238,,0,Swansea City,1,1,5.6,1.7,0.0,0.0,0.0,10.5,26.3,100.0,3.0,0.0,"Dry, overcast",Under 2°C,Breezy (25-40),0.0
2020-2021,2021-03-06,Saturday,14:30,Sat afternoon,Flint Town United,Penybont FC,North,South,North-South,,,0.0,1.0,Mar,,0,0,288.6,237,>3h,,,,10.0,0.6,21,behind closed doors,3475313,,0,,0,1,5.2,1.6,0.0,0.0,0.0,6.9,18.0,94.0,3.0,0.0,"Dry, overcast",Under 2°C,Calm (<25 km/h gusts),0.0
2020-2021,2021-03-06,Saturday,17:00,Sat evening,The New Saints,Bala Town,North,North,North-North,,,0.0,0.0,Mar,,0,0,54.7,51,<1h,,,,1.0,2.4,21,behind closed doors,3475314,,0,,0,1,4.1,0.7,0.0,0.0,0.0,5.1,15.5,94.0,3.0,0.0,"Dry, overcast",Under 2°C,Calm (<25 km/h gusts),0.0
2020-2021,2021-03-09,Tuesday,19:45,Midweek,Aberystwyth Town,Haverfordwest County,Mid,South,Mid-South,,,2.0,1.0,Mar,,0,0,103.9,98,1-2h,,,,12.0,0.2,18,behind closed doors,3475291,,0,Newport County,1,1,7.1,2.4,0.0,0.0,0.0,22.5,45.7,100.0,3.0,0.0,"Dry, overcast",2-7°C,Windy (40-55),0.0
2020-2021,2021-03-09,Tuesday,19:45,Midweek,Flint Town United,Connah's Quay Nomads,North,North,North-North,,,0.0,1.0,Mar,,0,1,5.3,12,<1h,,,,11.0,0.6,18,behind closed doors,3475293,,0,,0,1,7.6,3.8,0.0,0.0,0.0,14.8,27.4,100.0,3.0,0.0,"Dry, overcast",2-7°C,Breezy (25-40),0.0
2020-2021,2021-03-09,Tuesday,19:45,Midweek,Barry Town United,Penybont FC,South,South,South-South,,,0.0,1.0,Mar,,0,1,32.6,38,<1h,,,,4.0,1.8,19,behind closed doors,3475297,,0,Newport County,1,1,7.2,3.6,0.0,0.0,0.0,14.0,23.0,100.0,3.0,0.0,"Dry, overcast",2-7°C,Calm (<25 km/h gusts),0.0
2020-2021,2021-03-09,Tuesday,19:45,Midweek,Cefn Druids,Newtown AFC,North,Mid,Mid-North,,,2.0,4.0,Mar,,0,0,66.0,63,1-2h,,,,12.0,1.2,21,behind closed doors,3475309,,0,,0,1,6.3,1.5,0.0,0.0,0.0,20.0,42.1,100.0,3.0,0.0,"Dry, overcast",Under 2°C,Windy (40-55),0.0
2020-2021,2021-03-13,Saturday,14:30,Sat afternoon,Flint Town United,Caernarfon Town,North,North,North-North,,,0.0,2.0,Mar,,0,0,92.9,73,1-2h,,,,11.0,0.6,11,behind closed doors,3475230,,0,Wrexham,1,1,5.6,-0.5,0.1,0.1,0.0,28.9,62.3,82.0,51.0,0.30000000000000004,Drizzle,Under 2°C,Gale (55+),0.0
2020-2021,2021-03-13,Saturday,14:30,Sat afternoon,Penybont FC,Connah's Quay Nomads,South,North,North-South,,,0.0,0.0,Mar,,0,0,287.2,239,>3h,,,,4.0,1.8,12,behind closed doors,3475239,,0,Cardiff City,1,1,6.3,-0.6,0.0,0.0,0.0,32.3,62.6,64.0,2.0,0.0,"Dry, overcast",Under 2°C,Gale (55+),0.0
2020-2021,2021-03-13,Saturday,14:30,Sat afternoon,Cefn Druids,Bala Town,North,North,North-North,,,1.0,3.0,Mar,,0,0,43.1,47,<1h,,,,12.0,1.2,12,behind closed doors,3475240,,0,Wrexham,1,1,5.8,-0.3,0.1,0.1,0.0,27.0,60.8,70.0,51.0,0.4,Drizzle,Under 2°C,Gale (55+),0.0
2020-2021,2021-03-13,Saturday,17:15,Sat evening,Haverfordwest County,The New Saints,South,North,North-South,,,2.0,1.0,Mar,,0,0,228.8,194,>3h,,,,7.0,1.4,16,behind closed doors,3475283,,0,Cardiff City,1,1,6.0,-0.3,0.0,0.0,0.0,29.0,58.0,28.0,1.0,0.8,Drizzle,Under 2°C,Gale (55+),0.0
2020-2021,2021-03-13,Saturday,14:30,Sat afternoon,Newtown AFC,Cardiff Metropolitan University,Mid,South,Mid-South,,,4.0,1.0,Mar,,0,0,150.8,144,2-3h,,,,8.0,1.4,18,behind closed doors,3475294,,0,Cardiff City,1,1,5.7,0.2,0.5,0.1,0.28,24.9,65.2,94.0,73.0,0.9,Snow,Under 2°C,Gale (55+),0.0
2020-2021,2021-03-13,Saturday,14:30,Sat afternoon,Barry Town United,Aberystwyth Town,South,Mid,Mid-South,,,1.0,0.0,Mar,,0,0,176.5,161,2-3h,,,,5.0,1.2,21,behind closed doors,3475310,,0,Cardiff City,1,1,7.1,-0.1,0.0,0.0,0.0,35.5,66.2,53.0,2.0,0.1,"Dry, overcast",Under 2°C,Gale (55+),0.0
2020-2021,2021-03-16,Tuesday,19:45,Midweek,The New Saints,Cefn Druids,North,North,North-North,,,5.0,0.0,Mar,,0,1,15.0,17,<1h,,,,2.0,1.4,18,behind closed doors,3475295,,0,Wrexham,1,1,7.7,3.6,0.0,0.0,0.0,18.9,38.2,80.0,3.0,0.0,"Dry, overcast",2-7°C,Breezy (25-40),0.0
2020-2021,2021-03-16,Tuesday,19:45,Midweek,Penybont FC,Barry Town United,South,South,South-South,,,1.0,0.0,Mar,,0,1,32.5,38,<1h,,,,5.0,1.4,18,behind closed doors,3475296,,0,Cardiff City,1,1,9.3,5.9,0.0,0.0,0.0,15.3,31.3,0.0,0.0,0.0,Clear,2-7°C,Breezy (25-40),0.0
2020-2021,2021-03-16,Tuesday,19:45,Midweek,Bala Town,Connah's Quay Nomads,North,North,North-North,,,1.0,3.0,Mar,,0,0,63.7,67,1-2h,,,,3.0,2.2,20,behind closed doors,3475304,,0,Wrexham,1,1,6.9,3.8,0.0,0.0,0.0,13.2,38.9,78.0,2.0,0.0,"Dry, overcast",2-7°C,Breezy (25-40),0.0
2020-2021,2021-03-20,Saturday,14:30,Sat afternoon,Penybont FC,Flint Town United,South,North,North-South,,,1.0,2.0,Mar,,0,0,289.5,238,>3h,,,,4.0,2.0,10,behind closed doors,3468085,,0,"Newport County, Swansea City",1,1,9.5,6.3,0.0,0.0,0.0,16.0,30.6,100.0,3.0,0.1,"Dry, overcast",2-7°C,Breezy (25-40),0.0
2020-2021,2021-03-20,Saturday,14:30,Sat afternoon,Cardiff Metropolitan University,Cefn Druids,South,North,North-South,,,0.0,0.0,Mar,,0,0,213.4,183,>3h,,,,9.0,0.0,11,behind closed doors,3475232,,0,"Newport County, Swansea City",1,1,11.2,9.8,0.1,0.1,0.0,2.8,12.6,100.0,51.0,0.2,Drizzle,7-12°C,Calm (<25 km/h gusts),0.0
2020-2021,2021-03-20,Saturday,14:30,Sat afternoon,Aberystwyth Town,Newtown AFC,Mid,Mid,Mid-Mid,,,1.0,0.0,Mar,,0,0,68.3,66,1-2h,,,,11.0,0.8,12,behind closed doors,3475235,,0,"Newport County, Swansea City",1,1,9.8,7.7,0.0,0.0,0.0,10.4,25.6,100.0,3.0,0.0,"Dry, overcast",7-12°C,Breezy (25-40),0.0
2020-2021,2021-03-20,Saturday,14:45,Sat afternoon,Bala Town,Caernarfon Town,North,North,North-North,,,1.0,2.0,Mar,,0,0,74.4,67,1-2h,,,,3.0,2.0,18,behind closed doors,3475292,,0,,0,1,10.3,7.8,0.0,0.0,0.0,12.1,30.2,100.0,3.0,0.0,"Dry, overcast",7-12°C,Breezy (25-40),0.0
2020-2021,2021-03-20,Saturday,14:30,Sat afternoon,Connah's Quay Nomads,Haverfordwest County,North,South,North-South,,,2.0,0.0,Mar,,0,0,244.6,240,>3h,,,,1.0,2.6,21,behind closed doors,3475312,,0,,0,1,9.0,5.3,0.0,0.0,0.0,20.0,36.7,100.0,3.0,0.1,"Dry, overcast",2-7°C,Breezy (25-40),0.0
2020-2021,2021-03-27,Saturday,14:30,Sat afternoon,Aberystwyth Town,Penybont FC,Mid,South,Mid-South,,,1.0,1.0,Mar,,0,0,147.7,140,2-3h,,,,9.0,1.4,11,behind closed doors,3475229,Easter,1,,0,1,9.9,5.0,0.0,0.0,0.0,22.2,50.8,69.0,2.0,0.0,"Dry, overcast",2-7°C,Windy (40-55),0.0
2020-2021,2021-03-27,Saturday,14:30,Sat afternoon,Barry Town United,Bala Town,South,North,North-South,,,6.0,2.0,Mar,,0,0,225.3,206,>3h,,,,5.0,1.8,11,behind closed doors,3475231,Easter,1,,0,1,9.2,4.5,0.0,0.0,0.0,22.4,41.8,99.0,3.0,0.0,"Dry, overcast",2-7°C,Windy (40-55),0.0
2020-2021,2021-03-27,Saturday,14:30,Sat afternoon,Newtown AFC,Haverfordwest County,Mid,South,Mid-South,,,0.0,3.0,Mar,,0,0,179.9,156,2-3h,,,,8.0,1.8,11,behind closed doors,3475234,Easter,1,,0,1,8.2,3.2,0.0,0.0,0.0,20.9,49.3,81.0,3.0,0.0,"Dry, overcast",2-7°C,Windy (40-55),0.0
2020-2021,2021-03-27,Saturday,14:30,Sat afternoon,Flint Town United,The New Saints,North,North,North-North,,,0.0,6.0,Mar,,0,0,58.2,48,<1h,,,,11.0,1.2,12,behind closed doors,3475237,Easter,1,Wrexham,1,1,8.6,3.4,0.0,0.0,0.0,22.5,40.0,100.0,3.0,0.0,"Dry, overcast",2-7°C,Breezy (25-40),0.0
2020-2021,2021-03-27,Saturday,14:45,Sat afternoon,Caernarfon Town,Cardiff Metropolitan University,North,South,North-South,,,3.0,2.0,Mar,,0,0,268.1,244,>3h,,,,7.0,2.2,21,behind closed doors,3475311,Easter,1,Wrexham,1,1,8.4,2.6,0.0,0.0,0.0,27.7,56.9,98.0,3.0,0.0,"Dry, overcast",2-7°C,Gale (55+),0.0
2020-2021,2021-04-02,Friday,17:00,Fri evening,Aberystwyth Town,Cefn Druids,Mid,North,Mid-North,,,3.0,1.0,Apr,,0,0,132.0,120,2-3h,,,,9.0,1.6,22,behind closed doors,3475315,Easter,1,Cardiff City,1,1,12.0,8.9,0.0,0.0,0.0,11.8,30.6,0.0,0.0,0.0,Clear,7-12°C,Breezy (25-40),0.0
2020-2021,2021-04-02,Friday,17:00,Fri evening,Bala Town,Flint Town United,North,North,North-North,,,5.0,0.0,Apr,,0,0,63.3,65,1-2h,,,,3.0,0.8,22,behind closed doors,3475316,Easter,1,,0,1,9.9,6.9,0.0,0.0,0.0,10.7,31.7,0.0,0.0,0.0,Clear,2-7°C,Breezy (25-40),0.0
2020-2021,2021-04-02,Friday,17:00,Fri evening,Cardiff Metropolitan University,Barry Town United,South,South,South-South,,,1.0,2.0,Apr,,0,1,17.8,29,<1h,,,,10.0,0.2,22,behind closed doors,3475317,Easter,1,Cardiff City,1,1,10.3,5.7,0.0,0.0,0.0,20.7,44.3,0.0,0.0,0.0,Clear,2-7°C,Windy (40-55),0.0
2020-2021,2021-04-02,Friday,17:00,Fri evening,Newtown AFC,Connah's Quay Nomads,Mid,North,Mid-North,,,1.0,5.0,Apr,,0,0,106.8,96,1-2h,,,,9.0,1.2,22,behind closed doors,3475318,Easter,1,Cardiff City,1,1,9.7,6.3,0.0,0.0,0.0,13.5,33.1,1.0,0.0,0.0,Clear,2-7°C,Breezy (25-40),0.0
2020-2021,2021-04-02,Friday,17:00,Fri evening,Penybont FC,Haverfordwest County,South,South,South-South,,,2.0,0.0,Apr,,0,0,123.6,98,1-2h,,,,5.0,1.6,22,behind closed doors,3475319,Easter,1,Cardiff City,1,1,11.0,7.0,0.0,0.0,0.0,16.8,35.6,0.0,0.0,0.0,Clear,2-7°C,Breezy (25-40),0.0
2020-2021,2021-04-02,Friday,17:00,Fri evening,The New Saints,Caernarfon Town,North,North,North-North,,,4.0,1.0,Apr,,0,0,145.4,108,1-2h,,,,2.0,2.0,22,behind closed doors,3475320,Easter,1,,0,1,9.6,6.1,0.0,0.0,0.0,12.7,28.4,4.0,0.0,0.0,Clear,2-7°C,Breezy (25-40),0.0
2020-2021,2021-04-09,Friday,19:45,Fri evening,Aberystwyth Town,Newtown AFC,Mid,Mid,Mid-Mid,,,1.0,2.0,Apr,,0,0,68.3,66,1-2h,,,,8.0,2.0,23,behind closed doors,4168269,,0,,0,0,6.5,3.7,0.0,0.0,0.0,6.8,23.0,27.0,1.0,0.0,Clear,2-7°C,Calm (<25 km/h gusts),0.0
2020-2021,2021-04-10,Saturday,14:30,Sat afternoon,Caernarfon Town,Barry Town United,North,South,North-South,,,0.0,1.0,Apr,,0,0,279.4,247,>3h,,,,6.0,2.0,23,behind closed doors,4168270,,0,Wrexham,1,1,6.2,1.8,0.3,0.2,0.07,14.7,34.2,54.0,71.0,0.4,Snow,Under 2°C,Breezy (25-40),0.0
2020-2021,2021-04-10,Saturday,14:30,Sat afternoon,Connah's Quay Nomads,Penybont FC,North,South,North-South,,,0.0,2.0,Apr,,0,0,288.3,239,>3h,,,,1.0,2.6,23,behind closed doors,4168271,,0,Wrexham,1,1,6.5,2.4,0.0,0.0,0.0,12.1,26.3,28.0,1.0,0.1,Clear,2-7°C,Breezy (25-40),0.0
2020-2021,2021-04-10,Saturday,14:30,Sat afternoon,Flint Town United,Cardiff Metropolitan University,North,South,North-South,,,2.0,0.0,Apr,,0,0,256.1,214,>3h,,,,11.0,0.6,23,behind closed doors,4168272,,0,Wrexham,1,1,6.5,2.4,0.0,0.0,0.0,12.1,26.3,28.0,1.0,0.1,Clear,2-7°C,Breezy (25-40),0.0
2020-2021,2021-04-10,Saturday,14:30,Sat afternoon,Cefn Druids,Haverfordwest County,North,South,North-South,,,2.0,1.0,Apr,,0,0,243.2,207,>3h,,,,12.0,0.2,23,behind closed doors,4168273,,0,Wrexham,1,1,6.4,2.4,0.0,0.0,0.0,9.4,24.5,57.0,2.0,0.1,"Dry, overcast",2-7°C,Calm (<25 km/h gusts),0.0
2020-2021,2021-04-10,Saturday,17:15,Sat evening,Bala Town,The New Saints,North,North,North-North,,,0.0,1.0,Apr,,0,0,54.3,50,<1h,,,,3.0,1.2,23,behind closed doors,4168274,,0,Wrexham,1,1,5.0,0.4,0.0,0.0,0.0,14.8,37.1,42.0,1.0,0.1,"Dry, overcast",Under 2°C,Breezy (25-40),0.0
2020-2021,2021-04-13,Tuesday,19:45,Midweek,Cardiff Metropolitan University,Newtown AFC,South,Mid,Mid-South,,,2.0,2.0,Apr,,0,0,153.2,143,2-3h,,,,11.0,0.2,24,behind closed doors,4168302,,0,Newport County,1,1,8.6,7.0,0.0,0.0,0.0,3.4,11.9,90.0,3.0,0.4,Drizzle,2-7°C,Calm (<25 km/h gusts),0.0
2020-2021,2021-04-13,Tuesday,19:45,Midweek,Haverfordwest County,Aberystwyth Town,South,Mid,Mid-South,,,1.0,0.0,Apr,,0,0,103.9,99,1-2h,,,,7.0,1.2,24,behind closed doors,4168303,,0,Newport County,1,1,8.6,5.9,0.0,0.0,0.0,8.3,19.8,1.0,0.0,0.0,Clear,2-7°C,Calm (<25 km/h gusts),0.0
2020-2021,2021-04-13,Tuesday,19:45,Midweek,Flint Town United,Cefn Druids,North,North,North-North,,,5.0,0.0,Apr,,0,1,47.7,41,<1h,,,,11.0,1.2,24,behind closed doors,4168304,,0,,0,1,7.8,4.5,0.0,0.0,0.0,10.7,26.3,20.0,1.0,0.0,Clear,2-7°C,Breezy (25-40),0.0
2020-2021,2021-04-13,Tuesday,19:45,Midweek,Barry Town United,The New Saints,South,North,North-South,,,0.0,6.0,Apr,,0,0,221.4,185,>3h,,,,4.0,2.4,24,behind closed doors,4168305,,0,Newport County,1,1,9.3,7.2,0.0,0.0,0.0,7.0,16.9,79.0,2.0,0.0,"Dry, overcast",7-12°C,Calm (<25 km/h gusts),0.0
2020-2021,2021-04-13,Tuesday,19:45,Midweek,Penybont FC,Bala Town,South,North,North-South,,,2.0,3.0,Apr,,0,0,237.8,213,>3h,,,,5.0,2.0,24,behind closed doors,4168306,,0,Newport County,1,1,8.4,6.3,0.0,0.0,0.0,7.3,18.4,48.0,1.0,0.0,"Dry, overcast",2-7°C,Calm (<25 km/h gusts),0.0
2020-2021,2021-04-13,Tuesday,19:45,Midweek,Caernarfon Town,Connah's Quay Nomads,North,North,North-North,,,1.0,6.0,Apr,,0,0,97.5,78,1-2h,,,,7.0,1.8,24,behind closed doors,4168307,,0,,0,1,8.4,6.9,0.0,0.0,0.0,2.5,11.2,9.0,0.0,2.0,Rain,2-7°C,Calm (<25 km/h gusts),1.0
2020-2021,2021-04-16,Friday,19:45,Fri evening,Aberystwyth Town,Flint Town United,Mid,North,Mid-North,,,0.0,1.0,Apr,,0,0,141.5,143,2-3h,,,,9.0,1.4,25,behind closed doors,4168308,,0,,0,0,9.3,6.9,0.0,0.0,0.0,4.8,22.7,98.0,3.0,0.0,"Dry, overcast",2-7°C,Calm (<25 km/h gusts),0.0
2020-2021,2021-04-17,Saturday,17:15,Sat evening,Cefn Druids,Cardiff Metropolitan University,North,South,North-South,,,1.0,2.0,Apr,,0,0,213.8,182,>3h,,,,12.0,0.8,25,behind closed doors,4168309,,0,,0,1,11.4,8.4,0.0,0.0,0.0,6.6,19.4,34.0,1.0,0.0,Clear,7-12°C,Calm (<25 km/h gusts),0.0
2020-2021,2021-04-17,Saturday,17:15,Sat evening,Newtown AFC,Haverfordwest County,Mid,South,Mid-South,,,5.0,1.0,Apr,,0,0,179.9,156,2-3h,,,,8.0,0.8,25,behind closed doors,4168310,,0,"Newport County, Swansea City",1,1,11.5,8.8,0.0,0.0,0.0,5.2,18.7,4.0,0.0,0.0,Clear,7-12°C,Calm (<25 km/h gusts),0.0
2020-2021,2021-04-17,Saturday,17:15,Sat evening,Connah's Quay Nomads,Barry Town United,North,South,North-South,,,1.0,0.0,Apr,,0,0,277.9,231,>3h,,,,2.0,2.4,25,behind closed doors,4168311,,0,,0,1,12.8,9.1,0.0,0.0,0.0,11.2,24.1,94.0,3.0,0.0,"Dry, overcast",7-12°C,Calm (<25 km/h gusts),0.0
2020-2021,2021-04-17,Saturday,17:15,Sat evening,Bala Town,Caernarfon Town,North,North,North-North,,,5.0,2.0,Apr,,0,0,74.4,67,1-2h,,,,3.0,1.2,25,behind closed doors,4168312,,0,,0,1,11.2,8.5,0.0,0.0,0.0,5.6,19.8,19.0,0.0,0.0,Clear,7-12°C,Calm (<25 km/h gusts),0.0
2020-2021,2021-04-17,Saturday,17:15,Sat evening,The New Saints,Penybont FC,North,South,North-South,,,1.0,0.0,Apr,,0,0,231.8,192,>3h,,,,2.0,3.0,25,behind closed doors,4168313,,0,,0,1,11.4,8.3,0.0,0.0,0.0,7.1,19.4,33.0,1.0,0.0,Clear,7-12°C,Calm (<25 km/h gusts),0.0
2020-2021,2021-04-20,Tuesday,19:45,Midweek,Barry Town United,Penybont FC,South,South,South-South,,,3.0,3.0,Apr,,0,1,32.6,38,<1h,,,,4.0,1.8,26,behind closed doors,4168323,,0,"Newport County, Swansea City",1,1,14.6,13.7,0.0,0.0,0.0,2.1,9.4,70.0,2.0,0.0,"Dry, overcast",12-17°C,Calm (<25 km/h gusts),0.0
2020-2021,2021-04-20,Tuesday,19:45,Midweek,Caernarfon Town,The New Saints,North,North,North-North,,,0.0,2.0,Apr,,0,0,143.5,105,1-2h,,,,7.0,0.6,26,behind closed doors,4168324,,0,,0,1,10.4,7.2,0.0,0.0,0.0,11.8,29.2,95.0,3.0,0.0,"Dry, overcast",7-12°C,Breezy (25-40),0.0
2020-2021,2021-04-20,Tuesday,19:45,Midweek,Connah's Quay Nomads,Bala Town,North,North,North-North,,,2.0,0.0,Apr,,0,0,63.6,67,1-2h,,,,2.0,2.4,26,behind closed doors,4168325,,0,,0,1,9.6,6.3,0.0,0.0,0.0,13.0,27.4,98.0,3.0,0.0,"Dry, overcast",2-7°C,Breezy (25-40),0.0
2020-2021,2021-04-20,Tuesday,19:45,Midweek,Cardiff Metropolitan University,Haverfordwest County,South,South,South-South,,,6.0,1.0,Apr,,0,0,158.6,125,2-3h,,,,11.0,0.8,26,behind closed doors,4168326,,0,"Newport County, Swansea City",1,1,14.4,13.1,0.0,0.0,0.0,3.3,7.9,71.0,2.0,0.0,"Dry, overcast",12-17°C,Calm (<25 km/h gusts),0.0
2020-2021,2021-04-20,Tuesday,19:45,Midweek,Flint Town United,Newtown AFC,North,Mid,Mid-North,,,0.0,2.0,Apr,,0,0,108.3,94,1-2h,,,,10.0,1.8,26,behind closed doors,4168327,,0,,0,1,9.6,6.3,0.0,0.0,0.0,13.0,27.4,98.0,3.0,0.0,"Dry, overcast",2-7°C,Breezy (25-40),0.0
2020-2021,2021-04-20,Tuesday,19:45,Midweek,Cefn Druids,Aberystwyth Town,North,Mid,Mid-North,,,0.0,3.0,Apr,,0,0,132.6,120,2-3h,,,,12.0,0.8,26,behind closed doors,4168328,,0,,0,1,9.6,6.1,0.0,0.0,0.0,12.5,31.7,100.0,3.0,0.0,"Dry, overcast",2-7°C,Breezy (25-40),0.0
2020-2021,2021-04-23,Friday,19:45,Fri evening,Aberystwyth Town,Cardiff Metropolitan University,Mid,South,Mid-South,,,1.0,1.0,Apr,,0,0,164.5,157,2-3h,,,,9.0,1.2,27,behind closed doors,4169685,,0,,0,0,15.6,12.2,0.0,0.0,0.0,12.8,32.4,94.0,3.0,0.0,"Dry, overcast",12-17°C,Breezy (25-40),0.0
2020-2021,2021-04-24,Saturday,14:30,Sat afternoon,Newtown AFC,Cefn Druids,Mid,North,Mid-North,,,5.0,0.0,Apr,,0,0,65.4,64,1-2h,,,,8.0,2.0,27,behind closed doors,4169686,,0,Cardiff City,1,1,14.7,11.3,0.0,0.0,0.0,18.7,42.1,16.0,0.0,0.0,Clear,7-12°C,Windy (40-55),0.0
2020-2021,2021-04-24,Saturday,14:30,Sat afternoon,Haverfordwest County,Flint Town United,South,North,North-South,,,0.0,0.0,Apr,,0,0,286.4,239,>3h,,,,7.0,0.6,27,behind closed doors,4169687,,0,Cardiff City,1,1,16.5,12.9,0.0,0.0,0.0,22.9,47.2,0.0,0.0,0.0,Clear,12-17°C,Windy (40-55),0.0
2020-2021,2021-04-24,Saturday,14:30,Sat afternoon,Bala Town,Barry Town United,North,South,North-South,,,1.0,0.0,Apr,,0,0,224.6,205,>3h,,,,3.0,1.8,27,behind closed doors,4169688,,0,Wrexham,1,1,14.0,11.1,0.0,0.0,0.0,18.0,46.4,0.0,0.0,0.0,Clear,7-12°C,Windy (40-55),0.0
2020-2021,2021-04-24,Saturday,14:30,Sat afternoon,Penybont FC,Caernarfon Town,South,North,North-South,,,2.0,0.0,Apr,,0,0,292.7,255,>3h,,,,5.0,1.4,27,behind closed doors,4169689,,0,Cardiff City,1,1,16.0,11.0,0.0,0.0,0.0,30.0,58.7,13.0,0.0,0.0,Clear,7-12°C,Gale (55+),0.0
2020-2021,2021-04-24,Saturday,17:15,Sat evening,The New Saints,Connah's Quay Nomads,North,North,North-North,,,1.0,4.0,Apr,,0,0,56.4,49,<1h,,,,1.0,3.0,27,behind closed doors,4169690,,0,Wrexham,1,1,14.7,10.5,0.0,0.0,0.0,15.9,37.1,0.0,0.0,0.0,Clear,7-12°C,Breezy (25-40),0.0
2020-2021,2021-04-27,Tuesday,19:45,Midweek,Haverfordwest County,Cardiff Metropolitan University,South,South,South-South,,,0.0,2.0,Apr,,0,0,155.7,125,2-3h,,,,7.0,0.8,28,behind closed doors,4169691,,0,Newport County,1,1,9.1,5.9,0.0,0.0,0.0,13.5,27.7,51.0,2.0,0.0,"Dry, overcast",2-7°C,Breezy (25-40),0.0
2020-2021,2021-04-27,Tuesday,19:45,Midweek,Newtown AFC,Flint Town United,Mid,North,Mid-North,,,1.0,0.0,Apr,,0,0,109.2,95,1-2h,,,,6.0,2.6,28,behind closed doors,4169692,,0,Newport County,1,1,8.7,6.6,0.0,0.0,0.0,5.7,18.4,100.0,3.0,0.30000000000000004,Drizzle,2-7°C,Calm (<25 km/h gusts),0.0
2020-2021,2021-04-27,Tuesday,19:45,Midweek,Aberystwyth Town,Cefn Druids,Mid,North,Mid-North,,,5.0,1.0,Apr,,0,0,132.0,120,2-3h,,,,10.0,0.8,28,behind closed doors,4169693,,0,Newport County,1,1,10.1,7.4,0.0,0.0,0.0,9.2,26.3,99.0,3.0,0.0,"Dry, overcast",7-12°C,Breezy (25-40),0.0
2020-2021,2021-04-27,Tuesday,19:45,Midweek,Penybont FC,Barry Town United,South,South,South-South,,,2.0,0.0,Apr,,0,1,32.5,38,<1h,,,,4.0,1.4,28,behind closed doors,4169694,,0,Newport County,1,1,11.5,8.1,0.0,0.0,0.0,12.3,27.4,80.0,3.0,0.0,"Dry, overcast",7-12°C,Breezy (25-40),0.0
2020-2021,2021-04-27,Tuesday,19:45,Midweek,The New Saints,Caernarfon Town,North,North,North-North,,,0.0,0.0,Apr,,0,0,145.4,108,1-2h,,,,2.0,2.4,28,behind closed doors,4169695,,0,,0,1,9.6,6.3,0.0,0.0,0.0,9.4,22.0,99.0,3.0,0.0,"Dry, overcast",2-7°C,Calm (<25 km/h gusts),0.0
2020-2021,2021-04-27,Tuesday,19:45,Midweek,Bala Town,Connah's Quay Nomads,North,North,North-North,,,2.0,1.0,Apr,,0,0,63.7,67,1-2h,,,,3.0,1.8,28,behind closed doors,4169696,,0,,0,1,8.5,5.6,0.0,0.0,0.0,9.2,23.8,70.0,2.0,0.0,"Dry, overcast",2-7°C,Calm (<25 km/h gusts),0.0
2020-2021,2021-04-30,Friday,19:45,Fri evening,Cardiff Metropolitan University,Aberystwyth Town,South,Mid,Mid-South,,,5.0,1.0,Apr,,0,0,166.9,156,2-3h,,,,10.0,2.2,29,behind closed doors,4170415,,0,,0,0,7.3,4.7,0.0,0.0,0.0,6.9,19.4,97.0,3.0,0.7,Drizzle,2-7°C,Calm (<25 km/h gusts),0.0
2020-2021,2021-04-30,Friday,19:45,Fri evening,Cefn Druids,Newtown AFC,North,Mid,Mid-North,,,0.0,7.0,Apr,,0,0,66.0,63,1-2h,,,,12.0,0.0,29,behind closed doors,4170416,,0,,0,0,6.8,3.4,0.2,0.2,0.0,9.4,27.0,44.0,51.0,0.5,Drizzle,2-7°C,Breezy (25-40),0.0
2020-2021,2021-05-01,Saturday,14:30,Sat afternoon,Flint Town United,Haverfordwest County,North,South,North-South,,,2.0,0.0,May,,0,0,244.2,238,>3h,,,,11.0,1.4,29,behind closed doors,4170417,,0,Wrexham,1,1,9.6,5.9,0.0,0.0,0.0,13.7,30.2,22.0,1.0,0.1,Clear,2-7°C,Breezy (25-40),0.0
2020-2021,2021-05-01,Saturday,14:30,Sat afternoon,Barry Town United,Bala Town,South,North,North-South,,,1.0,4.0,May,,0,0,225.3,206,>3h,,,,5.0,0.2,29,behind closed doors,4170418,,0,"Newport County, Swansea City",1,1,10.7,9.0,0.0,0.0,0.0,5.7,25.9,86.0,3.0,0.0,"Dry, overcast",7-12°C,Breezy (25-40),0.0
2020-2021,2021-05-01,Saturday,14:30,Sat afternoon,Caernarfon Town,Penybont FC,North,South,North-South,,,2.0,2.0,May,,0,0,289.8,254,>3h,,,,8.0,0.2,29,behind closed doors,4170419,,0,Wrexham,1,1,10.5,7.4,0.0,0.0,0.0,11.3,29.5,47.0,1.0,0.0,"Dry, overcast",7-12°C,Breezy (25-40),0.0
2020-2021,2021-05-01,Saturday,17:15,Sat evening,Connah's Quay Nomads,The New Saints,North,North,North-North,,,0.0,0.0,May,,0,0,57.9,50,<1h,,,,1.0,2.4,29,behind closed doors,4170420,,0,Wrexham,1,1,9.2,4.8,0.0,0.0,0.0,15.1,34.6,2.0,0.0,0.0,Clear,2-7°C,Breezy (25-40),0.0
2020-2021,2021-05-04,Tuesday,19:45,Midweek,Barry Town United,Connah's Quay Nomads,South,North,North-South,,,1.0,2.0,May,,0,0,276.7,231,>3h,,,,5.0,0.2,30,behind closed doors,4170423,,0,,0,0,9.3,3.2,0.0,0.0,0.0,27.6,61.9,1.0,0.0,0.0,Clear,2-7°C,Gale (55+),0.0
2020-2021,2021-05-04,Tuesday,19:45,Midweek,Caernarfon Town,Bala Town,North,North,North-North,,,3.0,0.0,May,,0,0,74.4,66,1-2h,,,,7.0,0.4,30,behind closed doors,4170424,,0,,0,0,7.2,3.0,1.2,1.2,0.0,19.0,45.0,73.0,55.0,4.5,Heavy rain,2-7°C,Windy (40-55),1.0
2020-2021,2021-05-04,Tuesday,19:45,Midweek,Penybont FC,The New Saints,South,North,North-South,,,0.0,3.0,May,,0,0,231.9,193,>3h,,,,4.0,1.6,30,behind closed doors,4170425,,0,,0,0,8.5,2.2,0.0,0.0,0.0,28.8,63.4,12.0,0.0,0.2,Drizzle,2-7°C,Gale (55+),0.0
2020-2021,2021-05-04,Tuesday,19:45,Midweek,Aberystwyth Town,Haverfordwest County,Mid,South,Mid-South,,,2.0,2.0,May,,0,0,103.9,98,1-2h,,,,10.0,1.4,30,behind closed doors,4170426,,0,,0,0,6.9,2.3,1.0,1.0,0.0,22.1,58.3,58.0,55.0,3.4,Rain,2-7°C,Gale (55+),1.0
2020-2021,2021-05-04,Tuesday,19:45,Midweek,Cefn Druids,Flint Town United,North,North,North-North,,,0.0,6.0,May,,0,1,48.4,41,<1h,,,,12.0,0.0,30,behind closed doors,4170427,,0,,0,0,6.0,1.6,0.1,0.1,0.0,18.0,48.6,61.0,51.0,0.7,Drizzle,Under 2°C,Windy (40-55),0.0
2020-2021,2021-05-04,Tuesday,19:45,Midweek,Newtown AFC,Cardiff Metropolitan University,Mid,South,Mid-South,,,2.0,3.0,May,,0,0,150.8,144,2-3h,,,,6.0,3.0,30,behind closed doors,4170428,,0,,0,0,5.6,1.1,0.0,0.0,0.0,19.8,48.6,55.0,2.0,0.6,Drizzle,Under 2°C,Windy (40-55),0.0
2020-2021,2021-05-08,Saturday,14:30,Sat afternoon,The New Saints,Barry Town United,North,South,North-South,,,3.0,0.0,May,,0,0,221.4,185,>3h,,,,2.0,1.6,31,behind closed doors,4171178,,0,Wrexham,1,1,13.6,10.9,0.1,0.1,0.0,21.9,43.9,100.0,51.0,2.3000000000000003,Rain,7-12°C,Windy (40-55),1.0
2020-2021,2021-05-08,Saturday,14:30,Sat afternoon,Bala Town,Penybont FC,North,South,North-South,,,1.0,0.0,May,,0,0,235.0,212,>3h,,,,3.0,1.8,31,behind closed doors,4171179,,0,Wrexham,1,1,12.5,9.8,0.4,0.4,0.0,22.1,54.7,100.0,51.0,2.9,Rain,7-12°C,Windy (40-55),1.0
2020-2021,2021-05-08,Saturday,14:30,Sat afternoon,Cardiff Metropolitan University,Cefn Druids,South,North,North-South,,,6.0,0.0,May,,0,0,213.4,183,>3h,,,,8.0,2.6,31,behind closed doors,4171181,,0,Cardiff City,1,1,13.1,10.0,1.5,1.5,0.0,25.6,50.4,100.0,61.0,2.8,Rain,7-12°C,Windy (40-55),1.0
2020-2021,2021-05-08,Saturday,14:30,Sat afternoon,Flint Town United,Aberystwyth Town,North,Mid,Mid-North,,,0.0,0.0,May,,0,0,142.2,142,2-3h,,,,10.0,1.4,31,behind closed doors,4171182,,0,Wrexham,1,1,13.9,12.5,0.0,0.0,0.0,13.0,29.9,100.0,3.0,1.7999999999999998,Rain,12-17°C,Breezy (25-40),1.0
2020-2021,2021-05-08,Saturday,14:30,Sat afternoon,Haverfordwest County,Newtown AFC,South,Mid,Mid-South,,,1.0,2.0,May,,0,0,180.1,155,2-3h,,,,9.0,0.4,31,behind closed doors,4171183,,0,Cardiff City,1,1,11.9,9.9,0.5,0.5,0.0,16.8,34.6,100.0,53.0,1.1,Rain,7-12°C,Breezy (25-40),1.0
2020-2021,2021-05-08,Saturday,17:15,Sat evening,Connah's Quay Nomads,Caernarfon Town,North,North,North-North,,,4.0,0.0,May,,0,0,98.9,81,1-2h,,,,2.0,2.0,31,behind closed doors,4171180,,0,Wrexham,1,1,15.6,12.7,0.0,0.0,0.0,19.2,38.5,97.0,3.0,0.0,"Dry, overcast",12-17°C,Breezy (25-40),0.0
2020-2021,2021-05-15,Saturday,12:00,Sat lunch,The New Saints,Bala Town,North,North,North-North,,,2.0,0.0,May,,0,0,54.7,51,<1h,,,,2.0,1.6,32,behind closed doors,4171352,,0,,0,0,9.1,6.6,0.3,0.3,0.0,12.4,32.0,100.0,51.0,0.7,Drizzle,2-7°C,Breezy (25-40),0.0
2020-2021,2021-05-15,Saturday,12:00,Sat lunch,Barry Town United,Caernarfon Town,South,North,North-South,,,3.0,2.0,May,,0,0,280.1,248,>3h,,,,6.0,0.0,32,behind closed doors,4171353,,0,,0,0,11.5,9.7,0.2,0.2,0.0,10.2,28.8,98.0,51.0,0.7,Drizzle,7-12°C,Breezy (25-40),0.0
2020-2021,2021-05-15,Saturday,12:00,Sat lunch,Penybont FC,Connah's Quay Nomads,South,North,North-South,,,0.0,2.0,May,,0,0,287.2,239,>3h,,,,4.0,1.4,32,behind closed doors,4171354,,0,,0,0,10.4,6.8,1.3,1.3,0.0,21.3,40.0,95.0,61.0,1.6,Rain,2-7°C,Breezy (25-40),1.0
2020-2021,2021-05-15,Saturday,12:00,Sat lunch,Cardiff Metropolitan University,Flint Town United,South,North,North-South,,,2.0,1.0,May,,0,0,257.2,215,>3h,,,,7.0,2.6,32,behind closed doors,4171355,,0,,0,0,10.2,8.0,0.1,0.1,0.0,10.9,25.6,100.0,51.0,0.6,Drizzle,7-12°C,Breezy (25-40),0.0
2020-2021,2021-05-15,Saturday,12:00,Sat lunch,Haverfordwest County,Cefn Druids,South,North,North-South,,,2.0,0.0,May,,0,0,242.6,207,>3h,,,,9.0,0.4,32,behind closed doors,4171356,,0,,0,0,12.3,9.9,2.8,2.8,0.0,16.0,38.9,90.0,63.0,4.6,Heavy rain,7-12°C,Breezy (25-40),1.0
2020-2021,2021-05-15,Saturday,12:00,Sat lunch,Newtown AFC,Aberystwyth Town,Mid,Mid,Mid-Mid,,,0.0,4.0,May,,0,0,68.2,66,1-2h,,,,6.0,2.4,32,behind closed doors,4171357,,0,,0,0,9.5,6.9,0.4,0.4,0.0,13.2,28.4,100.0,51.0,1.2000000000000002,Rain,2-7°C,Breezy (25-40),1.0
2021-2022,2021-08-13,Friday,19:45,Fri evening,Cefn Druids,Connah's Quay Nomads,North,North,North-North,430.0,transfermarkt,0.0,2.0,Aug,,0,1,46.0,43,<1h,168.5,2.5519287833827895,272.3125,,,1,,3595041,Summer,1,,0,0,17.0,15.4,0.0,0.0,0.0,17.9,49.0,40.0,1.0,0.2,Drizzle,12-17°C,Windy (40-55),0.0
2021-2022,2021-08-14,Saturday,14:30,Sat afternoon,Aberystwyth Town,Barry Town United,Mid,South,Mid-South,401.0,transfermarkt,2.0,1.0,Aug,,0,0,175.8,159,2-3h,369.8125,1.084333276998479,473.8125,,,1,,3595042,Summer,1,Swansea City,1,1,18.0,18.1,0.6,0.6,0.0,14.0,27.0,99.0,53.0,1.9,Rain,Over 17°C,Breezy (25-40),1.0
2021-2022,2021-08-14,Saturday,14:30,Sat afternoon,Bala Town,Penybont FC,North,South,North-South,326.0,transfermarkt,2.0,2.0,Aug,,0,0,235.0,212,>3h,315.3,1.0339359340310814,290.3125,,,1,,3595043,Summer,1,,0,1,15.1,15.3,0.1,0.1,0.0,4.0,16.6,100.0,51.0,1.5,Rain,12-17°C,Calm (<25 km/h gusts),1.0
2021-2022,2021-08-14,Saturday,14:30,Sat afternoon,Cardiff Metropolitan University,Flint Town United,South,North,North-South,128.0,transfermarkt,1.0,5.0,Aug,,0,0,257.2,215,>3h,210.5,0.6080760095011877,374.46666666666664,,,1,,3595045,Summer,1,Swansea City,1,1,18.7,18.8,0.1,0.1,0.0,12.6,26.6,100.0,51.0,0.1,"Dry, overcast",Over 17°C,Breezy (25-40),0.0
2021-2022,2021-08-14,Saturday,17:15,Sat evening,Caernarfon Town,Haverfordwest County,North,South,North-South,462.0,transfermarkt,2.0,0.0,Aug,,0,0,227.1,215,>3h,528.1875,0.8746893858714945,396.625,,,1,,3595044,Summer,1,,0,1,15.9,16.3,0.2,0.2,0.0,5.0,13.0,97.0,51.0,2.6000000000000005,Rain,12-17°C,Calm (<25 km/h gusts),1.0
2021-2022,2021-08-15,Sunday,14:30,Sun afternoon,Newtown AFC,The New Saints,Mid,North,Mid-North,675.0,transfermarkt,1.0,4.0,Aug,,0,0,51.6,50,<1h,328.125,2.057142857142857,309.5,,,1,,3595040,Summer,1,,0,0,17.6,16.6,0.4,0.4,0.0,14.8,34.2,100.0,51.0,0.7000000000000001,Drizzle,12-17°C,Breezy (25-40),0.0
2021-2022,2021-08-20,Friday,19:45,Fri evening,Haverfordwest County,Cardiff Metropolitan University,South,South,South-South,895.0,transfermarkt,0.0,0.0,Aug,,0,0,155.7,125,2-3h,396.625,2.2565395524739995,210.5,,,2,,3595046,Summer,1,,0,0,16.9,16.4,0.0,0.0,0.0,15.9,27.7,100.0,3.0,0.4,Drizzle,12-17°C,Breezy (25-40),0.0
2021-2022,2021-08-20,Friday,19:45,Fri evening,Connah's Quay Nomads,Aberystwyth Town,North,Mid,Mid-North,365.0,transfermarkt,1.0,0.0,Aug,,0,0,142.6,144,2-3h,272.3125,1.3403718154693596,369.8125,,,2,,3595047,Summer,1,,0,0,20.2,20.6,0.1,0.1,0.0,10.4,20.5,100.0,51.0,0.5,Drizzle,Over 17°C,Calm (<25 km/h gusts),0.0
2021-2022,2021-08-21,Saturday,14:30,Sat afternoon,Flint Town United,Cefn Druids,North,North,North-North,372.0,footballwebpages,4.0,0.0,Aug,,0,1,47.7,41,<1h,374.46666666666664,0.9934128538365676,168.5,,,2,,3595049,Summer,1,,0,1,17.7,16.9,0.2,0.2,0.0,18.7,33.5,100.0,51.0,0.8999999999999999,Drizzle,12-17°C,Breezy (25-40),0.0
2021-2022,2021-08-21,Saturday,14:30,Sat afternoon,Penybont FC,Newtown AFC,South,Mid,Mid-South,237.0,footballwebpages,1.0,1.0,Aug,,0,0,175.4,154,2-3h,290.3125,0.816361679224973,328.125,,,2,,3595050,Summer,1,Cardiff City,1,1,19.0,19.1,0.1,0.1,0.0,10.1,23.4,44.0,51.0,0.30000000000000004,Drizzle,Over 17°C,Calm (<25 km/h gusts),0.0
2021-2022,2021-08-21,Saturday,14:30,Sat afternoon,The New Saints,Caernarfon Town,North,North,North-North,413.0,transfermarkt,5.0,3.0,Aug,,0,0,145.4,108,1-2h,309.5,1.3344103392568658,528.1875,,,2,,3595051,Summer,1,,0,1,16.9,15.9,0.3,0.3,0.0,15.6,33.8,94.0,51.0,1.1,Rain,12-17°C,Breezy (25-40),1.0
2021-2022,2021-08-21,Saturday,17:15,Sat evening,Barry Town United,Bala Town,South,North,North-South,514.0,footballwebpages,0.0,0.0,Aug,,0,0,225.3,206,>3h,473.8125,1.0848173064239546,315.3,,,2,,3595048,Summer,1,Cardiff City,1,1,18.3,18.6,0.1,0.1,0.0,10.6,23.0,62.0,51.0,1.2000000000000002,Rain,Over 17°C,Calm (<25 km/h gusts),1.0
2021-2022,2021-08-27,Friday,19:45,Fri evening,Caernarfon Town,Newtown AFC,North,Mid,Mid-North,847.0,footballwebpages,0.0,2.0,Aug,,0,0,132.9,120,2-3h,528.1875,1.6035972074310731,328.125,,,3,,3595052,Summer,1,,0,0,14.7,12.9,0.0,0.0,0.0,13.0,30.6,1.0,0.0,0.0,Clear,12-17°C,Breezy (25-40),0.0
2021-2022,2021-08-28,Saturday,14:30,Sat afternoon,Bala Town,Cardiff Metropolitan University,North,South,North-South,,,0.0,0.0,Aug,,0,0,213.3,202,>3h,315.3,,210.5,,,3,,3595053,Summer,1,,0,1,18.8,18.6,0.0,0.0,0.0,6.3,20.5,76.0,2.0,0.0,"Dry, overcast",Over 17°C,Calm (<25 km/h gusts),0.0
2021-2022,2021-08-28,Saturday,14:30,Sat afternoon,Cefn Druids,Barry Town United,North,South,North-South,202.0,footballwebpages,1.0,4.0,Aug,,0,0,235.9,198,>3h,168.5,1.198813056379822,473.8125,,,3,,3595054,Summer,1,,0,1,18.5,17.7,0.0,0.0,0.0,6.6,19.8,83.0,3.0,0.0,"Dry, overcast",Over 17°C,Calm (<25 km/h gusts),0.0
2021-2022,2021-08-28,Saturday,14:30,Sat afternoon,Flint Town United,Aberystwyth Town,North,Mid,Mid-North,441.0,footballwebpages,1.0,0.0,Aug,,0,0,142.2,142,2-3h,374.46666666666664,1.177674915435286,369.8125,,,3,,3595055,Summer,1,,0,1,18.6,18.1,0.0,0.0,0.0,6.1,16.6,52.0,2.0,0.0,"Dry, overcast",Over 17°C,Calm (<25 km/h gusts),0.0
2021-2022,2021-08-28,Saturday,14:30,Sat afternoon,Haverfordwest County,The New Saints,South,North,North-South,350.0,footballwebpages,0.0,1.0,Aug,,0,0,228.8,194,>3h,396.625,0.8824456350456981,309.5,,,3,,3595056,Summer,1,Cardiff City,1,1,20.1,20.0,0.0,0.0,0.0,8.3,21.2,67.0,2.0,0.0,"Dry, overcast",Over 17°C,Calm (<25 km/h gusts),0.0
2021-2022,2021-08-28,Saturday,17:15,Sat evening,Penybont FC,Connah's Quay Nomads,South,North,North-South,305.0,transfermarkt,1.0,1.0,Aug,,0,0,287.2,239,>3h,290.3125,1.0505920344456403,272.3125,,,3,,3595057,Summer,1,Cardiff City,1,1,18.9,17.5,0.0,0.0,0.0,11.2,23.0,100.0,3.0,0.0,"Dry, overcast",Over 17°C,Calm (<25 km/h gusts),0.0
2021-2022,2021-08-31,Tuesday,19:45,Midweek,Barry Town United,Haverfordwest County,South,South,South-South,502.0,footballwebpages,3.0,2.0,Aug,,0,0,156.7,121,2-3h,473.8125,1.059490832344018,396.625,4.0,1.3333333333333333,4,,3595059,Summer,1,,0,0,17.0,14.4,0.0,0.0,0.0,19.8,37.4,100.0,3.0,0.0,"Dry, overcast",12-17°C,Breezy (25-40),0.0
2021-2022,2021-08-31,Tuesday,19:45,Midweek,Cardiff Metropolitan University,Penybont FC,South,South,South-South,307.0,footballwebpages,3.0,2.0,Aug,,0,1,40.1,43,<1h,210.5,1.4584323040380047,290.3125,10.0,0.6666666666666666,4,,3595060,Summer,1,,0,0,16.3,14.2,0.0,0.0,0.0,16.8,36.4,99.0,3.0,0.0,"Dry, overcast",12-17°C,Breezy (25-40),0.0
2021-2022,2021-08-31,Tuesday,19:45,Midweek,Connah's Quay Nomads,Caernarfon Town,North,North,North-North,361.0,footballwebpages,1.0,1.0,Aug,,0,0,98.9,81,1-2h,272.3125,1.325682809272435,528.1875,3.0,2.3333333333333335,4,,3595061,Summer,1,,0,0,15.9,15.2,0.0,0.0,0.0,5.6,17.6,100.0,3.0,0.0,"Dry, overcast",12-17°C,Calm (<25 km/h gusts),0.0
2021-2022,2021-08-31,Tuesday,19:45,Midweek,Newtown AFC,Cefn Druids,Mid,North,Mid-North,267.0,footballwebpages,5.0,0.0,Aug,,0,0,65.4,64,1-2h,328.125,0.8137142857142857,168.5,6.0,1.3333333333333333,4,,3595062,Summer,1,,0,0,14.5,12.9,0.0,0.0,0.0,12.5,32.8,100.0,3.0,0.0,"Dry, overcast",12-17°C,Breezy (25-40),0.0
2021-2022,2021-08-31,Tuesday,19:45,Midweek,The New Saints,Flint Town United,North,North,North-North,423.0,footballwebpages,1.0,0.0,Aug,,0,0,58.8,48,<1h,309.5,1.3667205169628434,374.46666666666664,2.0,3.0,4,,3595063,Summer,1,,0,0,14.5,12.8,0.0,0.0,0.0,11.2,30.2,100.0,3.0,0.0,"Dry, overcast",12-17°C,Breezy (25-40),0.0
2021-2022,2021-08-31,Tuesday,20:00,Midweek,Aberystwyth Town,Bala Town,Mid,North,Mid-North,243.0,footballwebpages,0.0,1.0,Aug,,0,0,78.8,79,1-2h,369.8125,0.6570897414230185,315.3,9.0,1.0,4,,3595058,Summer,1,,0,0,15.2,13.9,0.0,0.0,0.0,11.4,26.6,56.0,2.0,0.0,"Dry, overcast",12-17°C,Breezy (25-40),0.0
2021-2022,2021-09-10,Friday,19:45,Fri evening,Caernarfon Town,Cefn Druids,North,North,North-North,897.0,footballwebpages,3.0,0.0,Sep,,0,0,132.9,98,1-2h,528.1875,1.6982605608803691,168.5,8.0,1.0,5,,3595065,,0,,0,0,17.3,17.9,0.0,0.0,0.0,9.6,23.4,90.0,3.0,0.0,"Dry, overcast",Over 17°C,Calm (<25 km/h gusts),0.0
2021-2022,2021-09-11,Saturday,14:30,Sat afternoon,Bala Town,Haverfordwest County,North,South,North-South,205.0,footballwebpages,6.0,2.0,Sep,,0,0,181.6,175,2-3h,315.3,0.650174437044085,396.625,7.0,1.5,5,,3595066,,0,Wrexham,1,1,16.8,15.9,0.1,0.1,0.0,14.0,36.4,100.0,51.0,0.4,Drizzle,12-17°C,Breezy (25-40),0.0
2021-2022,2021-09-11,Saturday,14:30,Sat afternoon,Barry Town United,Connah's Quay Nomads,South,North,North-South,1248.0,footballwebpages,1.0,0.0,Sep,,0,0,276.7,231,>3h,473.8125,2.633953304313415,272.3125,6.0,1.75,5,,3595067,,0,Swansea City,1,1,17.9,15.0,0.0,0.0,0.0,22.2,43.6,62.0,2.0,0.0,"Dry, overcast",12-17°C,Windy (40-55),0.0
2021-2022,2021-09-11,Saturday,14:30,Sat afternoon,Flint Town United,Newtown AFC,North,Mid,Mid-North,330.0,footballwebpages,4.0,1.0,Sep,,0,0,108.3,94,1-2h,374.46666666666664,0.8812533380808262,328.125,3.0,2.25,5,,3595068,,0,Wrexham,1,1,18.5,16.8,0.1,0.1,0.0,18.2,35.3,99.0,51.0,0.1,"Dry, overcast",12-17°C,Breezy (25-40),0.0
2021-2022,2021-09-11,Saturday,14:30,Sat afternoon,Penybont FC,The New Saints,South,North,North-South,352.0,footballwebpages,1.0,1.0,Sep,,0,0,231.9,193,>3h,290.3125,1.21248654467169,309.5,9.0,0.75,5,,3595069,,0,Swansea City,1,1,16.8,14.0,0.0,0.0,0.0,22.2,43.2,97.0,3.0,0.0,"Dry, overcast",12-17°C,Windy (40-55),0.0
2021-2022,2021-09-11,Saturday,17:15,Sat evening,Aberystwyth Town,Cardiff Metropolitan University,Mid,South,Mid-South,249.0,footballwebpages,0.0,1.0,Sep,,0,0,164.5,157,2-3h,369.8125,0.673314179482846,210.5,10.0,0.75,5,,3595064,,0,Swansea City,1,1,15.5,14.6,0.2,0.2,0.0,13.9,30.6,100.0,51.0,0.5,Drizzle,12-17°C,Breezy (25-40),0.0
2021-2022,2021-09-17,Friday,19:45,Fri evening,Newtown AFC,Aberystwyth Town,Mid,Mid,Mid-Mid,428.0,footballwebpages,1.0,2.0,Sep,,0,0,68.2,66,1-2h,328.125,1.3043809523809524,369.8125,8.0,1.4,6,,3595070,,0,,0,0,17.5,16.6,0.0,0.0,0.0,13.0,27.4,100.0,3.0,0.0,"Dry, overcast",12-17°C,Breezy (25-40),0.0
2021-2022,2021-09-18,Saturday,14:30,Sat afternoon,Caernarfon Town,Cardiff Metropolitan University,North,South,North-South,430.0,footballwebpages,2.0,0.0,Sep,,0,0,268.1,244,>3h,528.1875,0.8141048396639451,210.5,7.0,1.4,6,,3595071,,0,Wrexham,1,1,17.7,18.3,0.1,0.1,0.0,6.2,15.1,100.0,51.0,0.2,Drizzle,Over 17°C,Calm (<25 km/h gusts),0.0
2021-2022,2021-09-18,Saturday,14:30,Sat afternoon,Cefn Druids,Penybont FC,North,South,North-South,168.0,footballwebpages,0.0,3.0,Sep,,0,0,246.3,205,>3h,168.5,0.9970326409495548,290.3125,12.0,0.0,6,,3595072,,0,Wrexham,1,1,17.8,17.3,0.0,0.0,0.0,9.0,21.6,100.0,3.0,0.0,"Dry, overcast",Over 17°C,Calm (<25 km/h gusts),0.0
2021-2022,2021-09-18,Saturday,14:30,Sat afternoon,Connah's Quay Nomads,Bala Town,North,North,North-North,207.0,footballwebpages,0.0,1.0,Sep,,0,0,63.6,67,1-2h,272.3125,0.7601560706908423,315.3,6.0,1.6,6,,3595073,,0,Wrexham,1,1,18.9,18.2,0.1,0.1,0.0,12.2,24.1,100.0,51.0,0.2,Drizzle,Over 17°C,Calm (<25 km/h gusts),0.0
2021-2022,2021-09-18,Saturday,14:30,Sat afternoon,Haverfordwest County,Flint Town United,South,North,North-South,275.0,footballwebpages,2.0,0.0,Sep,,0,0,286.4,239,>3h,396.625,0.6933501418216199,374.46666666666664,11.0,0.2,6,,3595074,,0,"Cardiff City, Newport County",1,1,18.5,19.5,0.1,0.1,0.0,7.2,20.5,99.0,51.0,0.2,Drizzle,Over 17°C,Calm (<25 km/h gusts),0.0
2021-2022,2021-09-18,Saturday,17:15,Sat evening,The New Saints,Barry Town United,North,South,North-South,314.0,footballwebpages,3.0,1.0,Sep,,0,0,221.4,185,>3h,309.5,1.0145395799676895,473.8125,1.0,2.6,6,,3595075,,0,Wrexham,1,1,19.1,18.8,0.0,0.0,0.0,8.5,20.5,65.0,2.0,0.0,"Dry, overcast",Over 17°C,Calm (<25 km/h gusts),0.0
2021-2022,2021-10-01,Friday,19:45,Fri evening,The New Saints,Aberystwyth Town,North,Mid,Mid-North,238.0,footballwebpages,3.0,0.0,Oct,,0,0,118.1,106,1-2h,309.5,0.7689822294022617,369.8125,1.0,2.6,7,,3595076,,0,,0,0,10.0,6.7,0.0,0.0,0.0,13.8,36.0,26.0,1.0,0.0,Clear,2-7°C,Breezy (25-40),0.0
2021-2022,2021-10-01,Friday,19:45,Fri evening,Flint Town United,Bala Town,North,North,North-North,425.0,footballwebpages,1.0,2.0,Oct,,0,0,63.2,65,1-2h,374.46666666666664,1.13494748086167,315.3,2.0,1.8,7,,3595078,,0,,0,0,10.9,7.7,0.0,0.0,0.0,13.8,31.3,13.0,0.0,0.0,Clear,7-12°C,Breezy (25-40),0.0
2021-2022,2021-10-02,Saturday,14:30,Sat afternoon,Barry Town United,Newtown AFC,South,Mid,Mid-South,303.0,footballwebpages,0.0,3.0,Oct,,0,0,162.8,148,2-3h,473.8125,0.6394934705184012,328.125,5.0,2.0,7,,3595077,,0,"Cardiff City, Newport County",1,1,14.3,11.8,2.8,2.8,0.0,22.0,54.0,100.0,63.0,5.0,Heavy rain,7-12°C,Windy (40-55),1.0
2021-2022,2021-10-02,Saturday,14:30,Sat afternoon,Haverfordwest County,Connah's Quay Nomads,South,North,North-South,209.0,footballwebpages,1.0,1.0,Oct,,0,0,284.1,240,>3h,396.625,0.5269461077844312,272.3125,11.0,0.8,7,,3595079,,0,"Cardiff City, Newport County",1,1,11.9,10.0,2.5,2.5,0.0,14.5,27.0,100.0,63.0,4.4,Heavy rain,7-12°C,Breezy (25-40),1.0
2021-2022,2021-10-02,Saturday,14:30,Sat afternoon,Cardiff Metropolitan University,Cefn Druids,South,North,North-South,65.0,footballwebpages,4.0,2.0,Oct,,0,0,213.4,183,>3h,210.5,0.3087885985748218,168.5,8.0,1.6,7,,3595080,,0,"Cardiff City, Newport County",1,1,13.7,11.6,2.4,2.4,0.0,19.3,50.0,100.0,61.0,5.1,Heavy rain,7-12°C,Windy (40-55),1.0
2021-2022,2021-10-02,Saturday,14:30,Sat afternoon,Penybont FC,Caernarfon Town,South,North,North-South,224.0,footballwebpages,1.0,1.0,Oct,,0,0,292.7,255,>3h,290.3125,0.7715823466092573,528.1875,9.0,1.2,7,,3595081,,0,"Cardiff City, Newport County",1,1,13.7,11.7,1.6,1.6,0.0,17.4,37.1,100.0,61.0,3.4000000000000004,Rain,7-12°C,Breezy (25-40),1.0
2021-2022,2021-10-09,Saturday,12:45,Sat lunch,Connah's Quay Nomads,The New Saints,North,North,North-North,323.0,footballwebpages,0.0,1.0,Oct,,0,0,57.9,50,<1h,272.3125,1.1861372504016523,309.5,8.0,0.6,8,,3595159,,0,,0,1,16.7,16.5,0.0,0.0,0.0,7.5,18.7,100.0,3.0,0.0,"Dry, overcast",12-17°C,Calm (<25 km/h gusts),0.0
2021-2022,2021-10-09,Saturday,14:30,Sat afternoon,Aberystwyth Town,Caernarfon Town,Mid,North,Mid-North,375.0,footballwebpages,0.0,1.0,Oct,,0,0,124.4,119,1-2h,369.8125,1.014027378739226,528.1875,10.0,0.6,8,,3595156,,0,Newport County,1,1,16.0,16.5,0.3,0.3,0.0,6.9,16.9,100.0,51.0,0.5,Drizzle,12-17°C,Calm (<25 km/h gusts),0.0
2021-2022,2021-10-09,Saturday,14:30,Sat afternoon,Bala Town,Cefn Druids,North,North,North-North,,,1.0,1.0,Oct,,0,0,42.8,47,<1h,315.3,,168.5,2.0,2.6,8,,3595157,,0,,0,1,15.5,15.1,0.1,0.1,0.0,9.6,25.2,100.0,51.0,1.1,Rain,12-17°C,Breezy (25-40),1.0
2021-2022,2021-10-09,Saturday,14:30,Sat afternoon,Cardiff Metropolitan University,Haverfordwest County,South,South,South-South,344.0,footballwebpages,0.0,2.0,Oct,,0,0,158.6,125,2-3h,210.5,1.6342042755344417,396.625,5.0,2.0,8,,3595158,,0,Newport County,1,1,15.6,15.9,0.0,0.0,0.0,2.6,11.5,100.0,3.0,0.0,"Dry, overcast",12-17°C,Calm (<25 km/h gusts),0.0
2021-2022,2021-10-09,Saturday,14:30,Sat afternoon,Flint Town United,Barry Town United,North,South,North-South,430.0,footballwebpages,3.0,2.0,Oct,,0,0,278.2,229,>3h,374.46666666666664,1.148299804165925,473.8125,4.0,1.2,8,,3595160,,0,,0,1,16.8,17.5,0.0,0.0,0.0,2.0,8.3,100.0,3.0,0.0,"Dry, overcast",Over 17°C,Calm (<25 km/h gusts),0.0
2021-2022,2021-10-09,Saturday,14:30,Sat afternoon,Newtown AFC,Penybont FC,Mid,South,Mid-South,334.0,footballwebpages,3.0,1.0,Oct,,0,0,172.5,154,2-3h,328.125,1.017904761904762,290.3125,6.0,1.8,8,,3595161,,0,Newport County,1,1,16.3,16.5,0.0,0.0,0.0,5.7,13.7,100.0,3.0,0.0,"Dry, overcast",12-17°C,Calm (<25 km/h gusts),0.0
2021-2022,2021-10-12,Tuesday,19:45,Midweek,Barry Town United,Cardiff Metropolitan University,South,South,South-South,402.0,footballwebpages,0.0,1.0,Oct,,0,1,17.8,30,<1h,473.8125,0.8484368816778789,210.5,7.0,1.2,9,,3595162,,0,,0,0,13.4,12.6,0.0,0.0,0.0,6.3,9.7,82.0,3.0,0.0,"Dry, overcast",12-17°C,Calm (<25 km/h gusts),0.0
2021-2022,2021-10-12,Tuesday,19:45,Midweek,Caernarfon Town,Flint Town United,North,North,North-North,784.0,footballwebpages,2.0,3.0,Oct,,0,0,91.7,71,1-2h,528.1875,1.4843213820849603,374.46666666666664,4.0,2.2,9,,3595163,,0,,0,0,13.6,12.9,0.4,0.4,0.0,10.2,19.8,100.0,51.0,0.7000000000000001,Drizzle,12-17°C,Calm (<25 km/h gusts),0.0
2021-2022,2021-10-12,Tuesday,19:45,Midweek,Connah's Quay Nomads,Newtown AFC,North,Mid,Mid-North,216.0,footballwebpages,0.0,2.0,Oct,,0,0,108.0,96,1-2h,272.3125,0.7932063346339224,328.125,8.0,0.4,9,,3595165,,0,,0,0,13.2,11.5,0.0,0.0,0.0,16.3,29.5,60.0,2.0,0.1,"Dry, overcast",7-12°C,Breezy (25-40),0.0
2021-2022,2021-10-12,Tuesday,19:45,Midweek,Penybont FC,Haverfordwest County,South,South,South-South,358.0,footballwebpages,2.0,1.0,Oct,,0,0,123.6,98,1-2h,290.3125,1.2331539289558666,396.625,9.0,1.0,9,,3595166,,0,,0,0,13.4,11.7,0.0,0.0,0.0,12.1,20.5,100.0,3.0,0.0,"Dry, overcast",7-12°C,Calm (<25 km/h gusts),0.0
2021-2022,2021-10-12,Tuesday,19:45,Midweek,The New Saints,Bala Town,North,North,North-North,352.0,footballwebpages,2.0,1.0,Oct,,0,0,54.7,51,<1h,309.5,1.137318255250404,315.3,1.0,2.6,9,,3595167,,0,,0,0,12.4,11.1,0.0,0.0,0.0,11.4,25.6,86.0,3.0,0.0,"Dry, overcast",7-12°C,Breezy (25-40),0.0
2021-2022,2021-10-13,Wednesday,19:45,Midweek,Cefn Druids,Aberystwyth Town,North,Mid,Mid-North,219.0,footballwebpages,0.0,1.0,Oct,,0,0,132.6,120,2-3h,168.5,1.2997032640949555,369.8125,12.0,0.2,9,,3595164,,0,,0,0,11.5,10.2,0.0,0.0,0.0,7.2,18.4,33.0,1.0,0.0,Clear,7-12°C,Calm (<25 km/h gusts),0.0
2021-2022,2021-10-22,Friday,19:45,Fri evening,Flint Town United,The New Saints,North,North,North-North,535.0,footballwebpages,1.0,1.0,Oct,,0,0,58.2,48,<1h,374.46666666666664,1.4286985935552787,309.5,2.0,1.8,10,,3595169,,0,,0,0,9.7,7.3,0.0,0.0,0.0,11.9,24.8,42.0,1.0,0.0,"Dry, overcast",7-12°C,Calm (<25 km/h gusts),0.0
2021-2022,2021-10-22,Friday,20:00,Fri evening,Aberystwyth Town,Penybont FC,Mid,South,Mid-South,320.0,footballwebpages,0.0,3.0,Oct,,0,0,147.7,140,2-3h,369.8125,0.8653033631908061,290.3125,10.0,1.2,10,,3595168,,0,,0,0,10.6,8.5,0.6,0.6,0.0,12.7,25.9,100.0,53.0,0.8,Drizzle,7-12°C,Breezy (25-40),0.0
2021-2022,2021-10-23,Saturday,14:30,Sat afternoon,Bala Town,Barry Town United,North,South,North-South,265.0,footballwebpages,3.0,3.0,Oct,,0,0,224.6,205,>3h,315.3,0.8404693942277196,473.8125,4.0,2.0,10,,3595171,,0,,0,1,11.1,7.2,0.0,0.0,0.0,24.3,56.9,100.0,3.0,0.0,"Dry, overcast",7-12°C,Gale (55+),0.0
2021-2022,2021-10-23,Saturday,14:30,Sat afternoon,Cardiff Metropolitan University,Connah's Quay Nomads,South,North,North-South,366.0,footballwebpages,1.0,1.0,Oct,,0,0,254.9,216,>3h,210.5,1.7387173396674585,272.3125,7.0,1.8,10,,3595172,,0,Cardiff City,1,1,12.5,8.5,0.0,0.0,0.0,21.9,41.8,100.0,3.0,0.1,"Dry, overcast",7-12°C,Windy (40-55),0.0
2021-2022,2021-10-23,Saturday,14:30,Sat afternoon,Haverfordwest County,Cefn Druids,South,North,North-South,250.0,footballwebpages,2.0,1.0,Oct,,0,0,242.6,207,>3h,396.625,0.6303183107469272,168.5,11.0,1.4,10,,3595173,,0,Cardiff City,1,1,12.5,8.2,0.0,0.0,0.0,26.0,50.0,100.0,3.0,0.1,"Dry, overcast",7-12°C,Windy (40-55),0.0
2021-2022,2021-10-23,Saturday,17:15,Sat evening,Newtown AFC,Caernarfon Town,Mid,North,Mid-North,323.0,footballwebpages,1.0,0.0,Oct,,0,0,132.9,120,2-3h,328.125,0.9843809523809524,528.1875,4.0,1.8,10,,3595170,,0,Cardiff City,1,1,11.3,7.9,0.0,0.0,0.0,18.7,40.7,100.0,3.0,0.0,"Dry, overcast",7-12°C,Windy (40-55),0.0
2021-2022,2021-10-29,Friday,19:45,Fri evening,Connah's Quay Nomads,Cefn Druids,North,North,North-North,271.0,footballwebpages,4.0,0.0,Oct,,0,1,47.3,43,<1h,272.3125,0.9951801698416342,168.5,10.0,0.4,11,,3595175,October half-term,1,,0,0,9.8,6.7,0.0,0.0,0.0,14.5,25.9,99.0,3.0,0.0,"Dry, overcast",2-7°C,Breezy (25-40),0.0
2021-2022,2021-10-29,Friday,20:00,Fri evening,Aberystwyth Town,Flint Town United,Mid,North,Mid-North,306.0,footballwebpages,1.0,2.0,Oct,,0,0,141.5,143,2-3h,369.8125,0.8274463410512084,374.46666666666664,11.0,1.2,11,,3595174,October half-term,1,,0,0,10.3,6.5,0.0,0.0,0.0,21.2,40.7,100.0,3.0,0.0,"Dry, overcast",2-7°C,Windy (40-55),0.0
2021-2022,2021-10-30,Saturday,14:30,Sat afternoon,Caernarfon Town,Barry Town United,North,South,North-South,551.0,footballwebpages,1.0,2.0,Oct,,0,0,279.4,247,>3h,528.1875,1.0431901550112412,473.8125,7.0,1.4,11,,3595176,October half-term,1,Wrexham,1,1,11.3,7.2,0.4,0.4,0.0,21.9,43.2,53.0,51.0,0.8,Drizzle,7-12°C,Windy (40-55),0.0
2021-2022,2021-10-30,Saturday,14:30,Sat afternoon,Haverfordwest County,Newtown AFC,South,Mid,Mid-South,230.0,footballwebpages,1.0,0.0,Oct,,0,0,180.1,155,2-3h,396.625,0.579892845887173,328.125,10.0,2.0,11,,3595177,October half-term,1,"Newport County, Swansea City",1,1,11.4,8.5,0.3,0.3,0.0,14.4,34.2,40.0,51.0,0.3,Drizzle,7-12°C,Breezy (25-40),0.0
2021-2022,2021-10-30,Saturday,14:30,Sat afternoon,Penybont FC,Bala Town,South,North,North-South,280.0,footballwebpages,1.0,0.0,Oct,,0,0,237.8,213,>3h,290.3125,0.9644779332615716,315.3,6.0,2.0,11,,3595178,October half-term,1,"Newport County, Swansea City",1,1,12.2,7.8,0.1,0.1,0.0,22.8,40.7,100.0,51.0,0.30000000000000004,Drizzle,7-12°C,Windy (40-55),0.0
2021-2022,2021-10-30,Saturday,14:30,Sat afternoon,The New Saints,Cardiff Metropolitan University,North,South,North-South,236.0,footballwebpages,5.0,0.0,Oct,,0,0,199.3,169,2-3h,309.5,0.7625201938610663,210.5,1.0,2.6,11,,3595179,October half-term,1,Wrexham,1,1,11.1,7.6,0.0,0.0,0.0,17.1,34.6,25.0,1.0,0.0,Clear,7-12°C,Breezy (25-40),0.0
2021-2022,2021-11-05,Friday,19:45,Fri evening,Bala Town,Connah's Quay Nomads,North,North,North-North,,,0.0,4.0,Nov,,0,0,63.7,67,1-2h,315.3,,272.3125,4.0,1.0,12,,3595292,,0,,0,0,9.1,7.2,0.0,0.0,0.0,10.9,28.1,100.0,3.0,0.1,"Dry, overcast",7-12°C,Breezy (25-40),0.0
2021-2022,2021-11-05,Friday,19:45,Fri evening,Cefn Druids,Newtown AFC,North,Mid,Mid-North,,,0.0,5.0,Nov,,0,0,66.0,63,1-2h,168.5,,328.125,12.0,0.2,12,,3595293,,0,,0,0,9.5,7.4,0.0,0.0,0.0,10.4,21.2,100.0,3.0,0.0,"Dry, overcast",7-12°C,Calm (<25 km/h gusts),0.0
2021-2022,2021-11-06,Saturday,14:30,Sat afternoon,Barry Town United,Aberystwyth Town,South,Mid,Mid-South,362.0,footballwebpages,1.0,1.0,Nov,,0,0,176.5,161,2-3h,473.8125,0.7640153014114233,369.8125,9.0,0.8,12,,3595294,,0,Cardiff City,1,1,12.9,6.7,0.1,0.1,0.0,41.1,70.9,71.0,51.0,0.2,Drizzle,2-7°C,Gale (55+),0.0
2021-2022,2021-11-06,Saturday,14:30,Sat afternoon,Cardiff Metropolitan University,Caernarfon Town,South,North,North-South,245.0,footballwebpages,0.0,1.0,Nov,,0,0,270.5,244,>3h,210.5,1.163895486935867,528.1875,8.0,1.4,12,,3595295,,0,Cardiff City,1,1,12.5,6.9,0.1,0.1,0.0,36.4,68.8,82.0,51.0,0.2,Drizzle,2-7°C,Gale (55+),0.0
2021-2022,2021-11-06,Saturday,14:30,Sat afternoon,Flint Town United,Penybont FC,North,South,North-South,298.0,footballwebpages,3.0,1.0,Nov,,0,0,288.6,237,>3h,374.46666666666664,0.7957984689335945,290.3125,3.0,2.0,12,,3595296,,0,,0,1,12.7,7.7,0.1,0.1,0.0,31.6,69.1,100.0,51.0,0.1,"Dry, overcast",7-12°C,Gale (55+),0.0
2021-2022,2021-11-06,Saturday,14:30,Sat afternoon,The New Saints,Haverfordwest County,North,South,North-South,289.0,footballwebpages,6.0,0.0,Nov,,0,0,228.7,194,>3h,309.5,0.9337641357027464,396.625,1.0,2.6,12,,3595297,,0,,0,1,11.8,5.9,0.0,0.0,0.0,36.2,73.1,100.0,3.0,0.0,"Dry, overcast",2-7°C,Gale (55+),0.0
2021-2022,2021-11-09,Tuesday,19:45,Midweek,Caernarfon Town,Connah's Quay Nomads,North,North,North-North,425.0,footballwebpages,0.0,1.0,Nov,,0,0,97.5,78,1-2h,528.1875,0.8046385043190155,272.3125,5.0,1.2,13,,3596538,,0,,0,0,13.4,12.1,0.6,0.6,0.0,15.6,31.3,100.0,53.0,1.0,Rain,12-17°C,Breezy (25-40),1.0
2021-2022,2021-11-09,Tuesday,19:45,Midweek,Cefn Druids,Flint Town United,North,North,North-North,,,1.0,1.0,Nov,,0,1,48.4,41,<1h,168.5,,374.46666666666664,12.0,0.2,13,,3596539,,0,,0,0,13.0,11.5,0.0,0.0,0.0,13.7,28.1,100.0,3.0,0.0,"Dry, overcast",7-12°C,Breezy (25-40),0.0
2021-2022,2021-11-09,Tuesday,19:45,Midweek,Haverfordwest County,Barry Town United,South,South,South-South,275.0,footballwebpages,1.0,1.0,Nov,,0,0,156.4,120,2-3h,396.625,0.6933501418216199,473.8125,10.0,1.8,13,,3596540,,0,,0,0,13.1,11.7,0.0,0.0,0.0,15.9,28.8,100.0,3.0,0.6,Drizzle,7-12°C,Breezy (25-40),0.0
2021-2022,2021-11-09,Tuesday,19:45,Midweek,Newtown AFC,Bala Town,Mid,North,Mid-North,268.0,footballwebpages,3.0,3.0,Nov,,0,0,77.9,76,1-2h,328.125,0.8167619047619048,315.3,3.0,2.4,13,,3596541,,0,,0,0,13.0,11.2,0.1,0.1,0.0,16.9,35.3,100.0,51.0,0.2,Drizzle,7-12°C,Breezy (25-40),0.0
2021-2022,2021-11-09,Tuesday,19:45,Midweek,Penybont FC,Cardiff Metropolitan University,South,South,South-South,319.0,footballwebpages,2.0,1.0,Nov,,0,1,37.0,43,<1h,290.3125,1.0988159311087191,210.5,6.0,1.8,13,,3596542,,0,,0,0,12.8,11.3,0.7,0.7,0.0,13.5,23.4,100.0,53.0,2.2,Rain,7-12°C,Calm (<25 km/h gusts),1.0
2021-2022,2021-11-09,Tuesday,20:00,Midweek,Aberystwyth Town,The New Saints,Mid,North,Mid-North,335.0,footballwebpages,1.0,0.0,Nov,,0,0,118.2,107,1-2h,369.8125,0.9058644583403752,309.5,11.0,0.8,13,,3596537,,0,,0,0,13.7,12.4,0.2,0.2,0.0,15.8,31.3,100.0,51.0,0.6000000000000001,Drizzle,12-17°C,Breezy (25-40),0.0
2021-2022,2021-11-19,Friday,19:45,Fri evening,Bala Town,Flint Town United,North,North,North-North,,,3.0,1.0,Nov,,0,0,63.3,65,1-2h,315.3,,374.46666666666664,6.0,0.4,14,,3596543,,0,,0,0,9.7,7.4,0.0,0.0,0.0,14.0,33.5,100.0,3.0,0.1,"Dry, overcast",7-12°C,Breezy (25-40),0.0
2021-2022,2021-11-19,Friday,19:45,Fri evening,Cardiff Metropolitan University,Aberystwyth Town,South,Mid,Mid-South,353.0,footballwebpages,0.0,1.0,Nov,,0,0,166.9,156,2-3h,210.5,1.676959619952494,369.8125,10.0,0.8,14,,3596544,,0,,0,0,10.9,10.0,0.0,0.0,0.0,6.0,14.0,100.0,3.0,0.0,"Dry, overcast",7-12°C,Calm (<25 km/h gusts),0.0
2021-2022,2021-11-19,Friday,19:45,Fri evening,The New Saints,Newtown AFC,North,Mid,Mid-North,312.0,footballwebpages,2.0,0.0,Nov,,0,0,51.5,50,<1h,309.5,1.0080775444264944,328.125,1.0,2.0,14,,3596548,,0,,0,0,10.5,9.1,0.0,0.0,0.0,7.5,15.5,100.0,3.0,0.0,"Dry, overcast",7-12°C,Calm (<25 km/h gusts),0.0
2021-2022,2021-11-20,Saturday,14:30,Sat afternoon,Barry Town United,Cefn Druids,South,North,North-South,338.0,footballwebpages,1.0,0.0,Nov,,0,0,235.2,199,>3h,473.8125,0.71336235325155,168.5,8.0,1.2,14,,3596545,,0,"Newport County, Swansea City",1,1,11.3,9.0,0.0,0.0,0.0,12.6,23.0,100.0,3.0,0.0,"Dry, overcast",7-12°C,Calm (<25 km/h gusts),0.0
2021-2022,2021-11-20,Saturday,14:30,Sat afternoon,Connah's Quay Nomads,Penybont FC,North,South,North-South,220.0,footballwebpages,0.0,0.0,Nov,,0,0,288.3,239,>3h,272.3125,0.8078953408308469,290.3125,6.0,2.0,14,,3596546,,0,Wrexham,1,1,11.9,9.0,0.0,0.0,0.0,14.9,27.0,7.0,0.0,0.0,Clear,7-12°C,Breezy (25-40),0.0
2021-2022,2021-11-20,Saturday,14:30,Sat afternoon,Haverfordwest County,Caernarfon Town,South,North,North-South,220.0,footballwebpages,1.0,2.0,Nov,,0,0,226.3,215,>3h,396.625,0.554680113457296,528.1875,10.0,1.4,14,,3596547,,0,"Newport County, Swansea City",1,1,11.1,8.7,0.0,0.0,0.0,11.7,21.2,82.0,3.0,0.0,"Dry, overcast",7-12°C,Calm (<25 km/h gusts),0.0
2021-2022,2021-12-03,Friday,19:45,Fri evening,Bala Town,The New Saints,North,North,North-North,202.0,footballwebpages,1.0,4.0,Dec,,0,0,54.3,50,<1h,315.3,0.6406596891849032,309.5,5.0,1.0,15,,3596550,,0,,0,0,5.6,3.1,0.0,0.0,0.0,9.5,20.9,100.0,3.0,0.0,"Dry, overcast",2-7°C,Calm (<25 km/h gusts),0.0
2021-2022,2021-12-03,Friday,20:00,Fri evening,Aberystwyth Town,Connah's Quay Nomads,Mid,North,Mid-North,352.0,footballwebpages,0.0,1.0,Dec,,0,0,142.0,144,2-3h,369.8125,0.9518336995098868,272.3125,9.0,1.4,15,,3596549,,0,,0,0,6.9,4.6,0.1,0.1,0.0,8.7,17.6,99.0,51.0,0.2,Drizzle,2-7°C,Calm (<25 km/h gusts),0.0
2021-2022,2021-12-04,Saturday,14:30,Sat afternoon,Caernarfon Town,Penybont FC,North,South,North-South,360.0,footballwebpages,1.0,2.0,Dec,,0,0,289.8,254,>3h,528.1875,0.6815761448349308,290.3125,7.0,1.2,15,,3596551,,0,,0,1,5.9,-0.5,0.2,0.2,0.0,31.9,66.2,100.0,51.0,0.4,Drizzle,Under 2°C,Gale (55+),0.0
2021-2022,2021-12-04,Saturday,14:30,Sat afternoon,Cefn Druids,Cardiff Metropolitan University,North,South,North-South,75.0,footballwebpages,1.0,3.0,Dec,,0,0,213.8,182,>3h,168.5,0.4451038575667655,210.5,12.0,0.2,15,,3596552,,0,,0,1,5.3,-1.1,0.0,0.0,0.0,30.3,60.5,99.0,3.0,0.0,"Dry, overcast",Under 2°C,Gale (55+),0.0
2021-2022,2021-12-04,Saturday,14:30,Sat afternoon,Flint Town United,Haverfordwest County,North,South,North-South,223.0,footballwebpages,4.0,1.0,Dec,,0,0,244.2,238,>3h,374.46666666666664,0.5955136193697704,396.625,2.0,1.6,15,,3596553,,0,,0,1,5.4,-2.1,1.3,1.1,0.14,39.1,72.7,100.0,71.0,1.3,Snow,Under 2°C,Gale (55+),1.0
2021-2022,2021-12-04,Saturday,14:30,Sat afternoon,Newtown AFC,Barry Town United,Mid,South,Mid-South,208.0,footballwebpages,2.0,1.0,Dec,,0,0,162.1,147,2-3h,328.125,0.6339047619047619,473.8125,4.0,1.4,15,,3596554,,0,Cardiff City,1,1,5.5,-0.2,0.0,0.0,0.0,26.3,56.5,23.0,1.0,0.0,Clear,Under 2°C,Gale (55+),0.0
2021-2022,2021-12-10,Friday,20:00,Fri evening,Aberystwyth Town,Newtown AFC,Mid,Mid,Mid-Mid,314.0,footballwebpages,2.0,4.0,Dec,,0,0,68.3,66,1-2h,369.8125,0.8490789251309785,328.125,10.0,1.4,16,,3596555,,0,,0,0,6.0,2.1,0.5,0.5,0.0,15.6,31.0,67.0,53.0,0.7,Drizzle,2-7°C,Breezy (25-40),0.0
2021-2022,2021-12-11,Saturday,14:30,Sat afternoon,Barry Town United,The New Saints,South,North,North-South,315.0,footballwebpages,1.0,2.0,Dec,,0,0,221.4,185,>3h,473.8125,0.6648199445983379,309.5,8.0,1.6,16,,3596557,,0,"Newport County, Swansea City",1,1,8.5,5.0,0.0,0.0,0.0,18.4,29.5,100.0,3.0,0.3,Drizzle,2-7°C,Breezy (25-40),0.0
2021-2022,2021-12-11,Saturday,14:30,Sat afternoon,Connah's Quay Nomads,Cardiff Metropolitan University,North,South,North-South,186.0,footballwebpages,0.0,0.0,Dec,,0,0,255.8,216,>3h,272.3125,0.6830387881569887,210.5,5.0,2.6,16,,3596558,,0,Wrexham,1,1,7.8,4.7,0.4,0.4,0.0,14.5,25.2,100.0,51.0,1.4,Rain,2-7°C,Breezy (25-40),1.0
2021-2022,2021-12-11,Saturday,14:30,Sat afternoon,Haverfordwest County,Bala Town,South,North,North-South,253.0,footballwebpages,0.0,0.0,Dec,,0,0,180.8,175,2-3h,396.625,0.6378821304758904,315.3,11.0,0.8,16,,3596559,,0,"Newport County, Swansea City",1,1,11.2,9.2,0.3,0.3,0.0,16.1,28.4,100.0,51.0,0.5,Drizzle,7-12°C,Breezy (25-40),0.0
2021-2022,2021-12-11,Saturday,14:30,Sat afternoon,Penybont FC,Cefn Druids,South,North,North-South,236.0,footballwebpages,7.0,1.0,Dec,,0,0,245.7,206,>3h,290.3125,0.8129171151776103,168.5,5.0,2.0,16,,3596560,,0,"Newport County, Swansea City",1,1,8.6,6.5,0.1,0.1,0.0,9.2,16.9,100.0,51.0,0.4,Drizzle,2-7°C,Calm (<25 km/h gusts),0.0
2021-2022,2021-12-17,Friday,19:45,Fri evening,Caernarfon Town,Aberystwyth Town,North,Mid,Mid-North,512.0,footballwebpages,3.0,3.0,Dec,,0,0,125.1,119,1-2h,528.1875,0.9693527393207904,369.8125,7.0,1.2,17,,3596561,,0,,0,0,3.6,1.0,0.0,0.0,0.0,6.4,12.6,0.0,0.0,0.0,Clear,Under 2°C,Calm (<25 km/h gusts),0.0
2021-2022,2021-12-17,Friday,19:45,Fri evening,Cefn Druids,Bala Town,North,North,North-North,,,3.0,5.0,Dec,,0,0,43.1,47,<1h,168.5,,315.3,12.0,0.2,17,,3596563,,0,,0,0,5.5,2.7,0.0,0.0,0.0,10.7,21.2,100.0,3.0,0.0,"Dry, overcast",2-7°C,Calm (<25 km/h gusts),0.0
2021-2022,2021-12-18,Saturday,14:30,Sat afternoon,Connah's Quay Nomads,Haverfordwest County,North,South,North-South,201.0,footballwebpages,1.0,0.0,Dec,,0,0,244.6,240,>3h,272.3125,0.7381225613954556,396.625,6.0,2.2,17,,3596564,,0,,0,0,6.5,2.6,0.0,0.0,0.0,18.4,32.0,100.0,3.0,0.0,"Dry, overcast",2-7°C,Breezy (25-40),0.0
2021-2022,2021-12-18,Saturday,14:30,Sat afternoon,Newtown AFC,Flint Town United,Mid,North,Mid-North,385.0,footballwebpages,2.0,0.0,Dec,,0,0,109.2,95,1-2h,328.125,1.1733333333333331,374.46666666666664,3.0,2.0,17,,3596565,,0,,0,0,7.0,4.4,0.0,0.0,0.0,11.0,23.4,100.0,3.0,0.0,"Dry, overcast",2-7°C,Calm (<25 km/h gusts),0.0
2021-2022,2021-12-18,Saturday,17:15,Sat evening,The New Saints,Penybont FC,North,South,North-South,314.0,footballwebpages,3.0,2.0,Dec,,0,0,231.8,192,>3h,309.5,1.0145395799676895,290.3125,1.0,2.4,17,,3596566,,0,,0,0,5.6,3.4,0.0,0.0,0.0,6.2,16.2,100.0,3.0,0.0,"Dry, overcast",2-7°C,Calm (<25 km/h gusts),0.0
2021-2022,2021-12-21,Tuesday,19:45,Midweek,Flint Town United,Caernarfon Town,North,North,North-North,453.0,footballwebpages,3.0,4.0,Dec,,0,0,92.9,73,1-2h,374.46666666666664,1.2097204913654978,528.1875,3.0,1.4,16,,3596556,Christmas,1,,0,0,0.8,-3.1,0.0,0.0,0.0,11.7,21.6,96.0,3.0,0.0,"Dry, overcast",Under 2°C,Calm (<25 km/h gusts),0.0
2021-2022,2022-01-21,Friday,19:45,Fri evening,Cefn Druids,Caernarfon Town,North,North,North-North,258.0,footballwebpages,1.0,3.0,Jan,,0,0,134.9,101,1-2h,168.5,1.5311572700296736,528.1875,12.0,0.2,20,,3596579,,0,,0,0,4.4,1.0,0.0,0.0,0.0,10.6,21.6,67.0,2.0,0.0,"Dry, overcast",Under 2°C,Calm (<25 km/h gusts),0.0
2021-2022,2022-01-21,Friday,19:45,Fri evening,Penybont FC,Aberystwyth Town,South,Mid,Mid-South,356.0,footballwebpages,4.0,0.0,Jan,,0,0,147.2,139,2-3h,290.3125,1.226264800861141,369.8125,4.0,2.0,20,,3596580,,0,,0,0,3.7,0.4,0.0,0.0,0.0,11.3,19.4,100.0,3.0,0.0,"Dry, overcast",Under 2°C,Calm (<25 km/h gusts),0.0
2021-2022,2022-01-21,Friday,19:45,Fri evening,The New Saints,Connah's Quay Nomads,North,North,North-North,258.0,footballwebpages,3.0,1.0,Jan,,0,0,56.4,49,<1h,309.5,0.8336025848142165,272.3125,1.0,2.4,20,,3596584,,0,,0,0,4.3,1.2,0.0,0.0,0.0,8.7,18.4,82.0,3.0,0.0,"Dry, overcast",Under 2°C,Calm (<25 km/h gusts),0.0
2021-2022,2022-01-22,Saturday,14:30,Sat afternoon,Barry Town United,Flint Town United,South,North,North-South,341.0,footballwebpages,0.0,1.0,Jan,,0,0,279.0,230,>3h,473.8125,0.719693971771534,374.46666666666664,8.0,1.0,20,,3596581,,0,Swansea City,1,1,6.8,3.7,0.0,0.0,0.0,10.2,19.4,100.0,3.0,0.0,"Dry, overcast",2-7°C,Calm (<25 km/h gusts),0.0
2021-2022,2022-01-22,Saturday,14:30,Sat afternoon,Cardiff Metropolitan University,Bala Town,South,North,North-South,169.0,footballwebpages,0.0,0.0,Jan,,0,0,215.7,202,>3h,210.5,0.8028503562945368,315.3,9.0,0.8,20,,3596582,,0,Swansea City,1,1,6.8,4.1,0.0,0.0,0.0,7.1,16.6,75.0,2.0,0.0,"Dry, overcast",2-7°C,Calm (<25 km/h gusts),0.0
2021-2022,2022-01-22,Saturday,14:30,Sat afternoon,Newtown AFC,Haverfordwest County,Mid,South,Mid-South,249.0,footballwebpages,1.0,1.0,Jan,,0,0,179.9,156,2-3h,328.125,0.7588571428571429,396.625,2.0,2.0,20,,3596583,,0,Swansea City,1,1,6.6,3.0,0.0,0.0,0.0,14.1,30.2,100.0,3.0,0.0,"Dry, overcast",2-7°C,Breezy (25-40),0.0
2021-2022,2022-01-25,Tuesday,19:45,Midweek,Cardiff Metropolitan University,Barry Town United,South,South,South-South,401.0,footballwebpages,2.0,0.0,Jan,,0,1,17.8,29,<1h,210.5,1.9049881235154391,473.8125,8.0,1.0,17,,3596562,,0,,0,1,2.8,0.6,0.0,0.0,0.0,1.9,10.1,100.0,3.0,0.0,"Dry, overcast",Under 2°C,Calm (<25 km/h gusts),0.0
2021-2022,2022-01-25,Tuesday,19:45,Midweek,Flint Town United,Connah's Quay Nomads,North,North,North-North,556.0,footballwebpages,1.0,1.0,Jan,,0,1,5.3,12,<1h,374.46666666666664,1.4847783514331494,272.3125,3.0,1.2,18,,3596569,,0,Wrexham,1,1,4.0,1.5,0.0,0.0,0.0,4.7,7.9,100.0,3.0,0.0,"Dry, overcast",Under 2°C,Calm (<25 km/h gusts),0.0
2021-2022,2022-01-28,Friday,19:45,Fri evening,Bala Town,Newtown AFC,North,Mid,Mid-North,302.0,footballwebpages,1.0,0.0,Jan,,0,0,77.5,76,1-2h,315.3,0.9578179511576276,328.125,7.0,1.6,21,,3596586,,0,,0,0,8.8,5.0,0.1,0.1,0.0,23.7,58.0,100.0,51.0,0.4,Drizzle,2-7°C,Gale (55+),0.0
2021-2022,2022-01-28,Friday,19:45,Fri evening,Caernarfon Town,The New Saints,North,North,North-North,842.0,footballwebpages,0.0,4.0,Jan,,0,0,143.5,105,1-2h,528.1875,1.5941308720861436,309.5,7.0,2.0,21,,3596587,,0,,0,0,10.0,6.2,0.0,0.0,0.0,24.5,46.8,100.0,3.0,0.0,"Dry, overcast",2-7°C,Windy (40-55),0.0
2021-2022,2022-01-28,Friday,19:45,Fri evening,Haverfordwest County,Penybont FC,South,South,South-South,560.0,footballwebpages,2.0,2.0,Jan,,0,0,123.9,98,1-2h,396.625,1.411913016073117,290.3125,11.0,0.4,21,,3596588,,0,,0,0,10.3,6.8,0.1,0.1,0.0,22.2,40.3,100.0,51.0,0.1,"Dry, overcast",2-7°C,Windy (40-55),0.0
2021-2022,2022-01-28,Friday,20:00,Fri evening,Aberystwyth Town,Cefn Druids,Mid,North,Mid-North,428.0,footballwebpages,5.0,0.0,Jan,,0,0,132.0,120,2-3h,369.8125,1.1573432482677033,168.5,11.0,0.8,21,,3596585,,0,,0,0,10.0,6.3,0.0,0.0,0.0,25.1,46.8,100.0,3.0,0.2,Drizzle,2-7°C,Windy (40-55),0.0
2021-2022,2022-01-29,Saturday,14:30,Sat afternoon,Connah's Quay Nomads,Barry Town United,North,South,North-South,215.0,footballwebpages,2.0,3.0,Jan,,0,0,277.9,231,>3h,272.3125,0.7895340830846913,473.8125,6.0,1.6,21,,3596589,,0,Wrexham,1,1,10.0,2.6,0.0,0.0,0.0,41.6,75.2,16.0,0.0,0.0,Clear,2-7°C,Gale (55+),0.0
2021-2022,2022-01-29,Saturday,14:30,Sat afternoon,Flint Town United,Cardiff Metropolitan University,North,South,North-South,339.0,footballwebpages,2.0,2.0,Jan,,0,0,256.1,214,>3h,374.46666666666664,0.905287520028485,210.5,3.0,1.4,21,,3596590,,0,Wrexham,1,1,10.0,2.6,0.0,0.0,0.0,41.6,75.2,16.0,0.0,0.0,Clear,2-7°C,Gale (55+),0.0
2021-2022,2022-02-01,Tuesday,19:45,Midweek,The New Saints,Cefn Druids,North,North,North-North,213.0,footballwebpages,5.0,1.0,Feb,,0,1,15.0,17,<1h,309.5,0.6882067851373183,168.5,1.0,3.0,18,,3596572,,0,,0,1,10.2,5.8,0.0,0.0,0.0,25.2,51.8,100.0,3.0,0.0,"Dry, overcast",2-7°C,Windy (40-55),0.0
2021-2022,2022-02-01,Tuesday,20:00,Midweek,Aberystwyth Town,Haverfordwest County,Mid,South,Mid-South,883.0,footballwebpages,2.0,0.0,Feb,,0,0,103.9,98,1-2h,369.8125,2.38769646780463,396.625,10.0,0.8,18,,3596567,,0,Swansea City,1,1,9.8,5.7,0.4,0.4,0.0,26.6,50.0,100.0,51.0,1.0,Rain,2-7°C,Windy (40-55),1.0
2021-2022,2022-02-04,Friday,19:45,Fri evening,Bala Town,Caernarfon Town,North,North,North-North,545.0,footballwebpages,3.0,0.0,Feb,,0,0,74.4,67,1-2h,315.3,1.7285125277513478,528.1875,5.0,1.6,18,,3596568,,0,,0,0,2.6,-2.0,0.0,0.0,0.0,18.1,47.9,38.0,1.0,0.3,Drizzle,Under 2°C,Windy (40-55),0.0
2021-2022,2022-02-04,Friday,19:45,Fri evening,Penybont FC,Barry Town United,South,South,South-South,529.0,footballwebpages,4.0,0.0,Feb,,0,1,32.5,38,<1h,290.3125,1.8221743810548976,473.8125,5.0,2.0,18,,3596571,,0,,0,0,5.9,0.3,0.0,0.0,0.0,24.8,50.0,39.0,1.0,0.1,Clear,Under 2°C,Windy (40-55),0.0
2021-2022,2022-02-11,Friday,19:45,Fri evening,Barry Town United,Penybont FC,South,South,South-South,703.0,footballwebpages,0.0,0.0,Feb,,0,1,32.6,38,<1h,473.8125,1.483709273182957,290.3125,10.0,0.6,19,,3596574,,0,,0,0,6.4,1.6,0.0,0.0,0.0,20.9,35.3,100.0,3.0,0.0,"Dry, overcast",Under 2°C,Breezy (25-40),0.0
2021-2022,2022-02-11,Friday,19:45,Fri evening,Cefn Druids,The New Saints,North,North,North-North,189.0,footballwebpages,1.0,4.0,Feb,,0,1,15.9,16,<1h,168.5,1.1216617210682494,309.5,12.0,0.0,19,,3596576,,0,,0,0,4.0,-0.3,0.0,0.0,0.0,14.1,27.4,98.0,3.0,0.0,"Dry, overcast",Under 2°C,Breezy (25-40),0.0
2021-2022,2022-02-11,Friday,19:45,Fri evening,Connah's Quay Nomads,Flint Town United,North,North,North-North,686.0,footballwebpages,2.0,0.0,Feb,,0,1,5.4,12,<1h,272.3125,2.51916456277255,374.46666666666664,6.0,1.0,19,,3596577,,0,,0,0,3.7,-0.1,0.0,0.0,0.0,10.8,18.4,99.0,3.0,0.0,"Dry, overcast",Under 2°C,Calm (<25 km/h gusts),0.0
2021-2022,2022-02-11,Friday,19:45,Fri evening,Haverfordwest County,Aberystwyth Town,South,Mid,Mid-South,560.0,footballwebpages,0.0,0.0,Feb,,0,0,103.9,99,1-2h,396.625,1.411913016073117,369.8125,11.0,0.6,19,,3596578,,0,,0,0,7.0,2.1,0.0,0.0,0.0,18.5,33.1,100.0,3.0,0.0,"Dry, overcast",2-7°C,Breezy (25-40),0.0
2021-2022,2022-02-12,Saturday,14:30,Sat afternoon,Cardiff Metropolitan University,Newtown AFC,South,Mid,Mid-South,106.0,footballwebpages,1.0,1.0,Feb,,0,0,153.2,143,2-3h,210.5,0.503562945368171,328.125,9.0,1.8,19,,3596573,,0,Newport County,1,1,7.6,2.4,0.0,0.0,0.0,25.5,56.5,100.0,3.0,0.0,"Dry, overcast",2-7°C,Gale (55+),0.0
2021-2022,2022-02-12,Saturday,17:15,Sat evening,Caernarfon Town,Bala Town,North,North,North-North,342.0,footballwebpages,3.0,3.0,Feb,,0,0,74.4,66,1-2h,528.1875,0.6474973375931843,315.3,7.0,1.4,19,,3596575,,0,,0,1,9.2,3.9,0.4,0.4,0.0,33.8,64.8,100.0,51.0,2.6999999999999997,Rain,2-7°C,Gale (55+),1.0
2021-2022,2022-02-19,Saturday,14:30,Sat afternoon,Newtown AFC,Cardiff Metropolitan University,Mid,South,Mid-South,655.0,footballwebpages,0.0,0.0,Feb,,0,0,150.8,144,2-3h,328.125,1.9961904761904763,210.5,3.0,1.6,18,,3596570,,0,"Cardiff City, Newport County",1,1,7.6,2.1,0.2,0.2,0.0,29.0,64.4,89.0,51.0,3.6000000000000005,Rain,2-7°C,Gale (55+),1.0
2021-2022,2022-02-26,Saturday,12:45,Sat lunch,Bala Town,Aberystwyth Town,North,Mid,Mid-North,205.0,footballwebpages,2.0,2.0,Feb,,0,0,79.6,79,1-2h,315.3,0.650174437044085,369.8125,5.0,2.2,22,,3596600,February half-term,1,Wrexham,1,1,7.4,2.2,0.0,0.0,0.0,24.3,56.2,100.0,3.0,0.0,"Dry, overcast",2-7°C,Gale (55+),0.0
2021-2022,2022-02-26,Saturday,12:45,Sat lunch,Barry Town United,Caernarfon Town,South,North,North-South,302.0,footballwebpages,1.0,2.0,Feb,,0,0,280.1,248,>3h,473.8125,0.6373829310117399,528.1875,10.0,0.8,22,,3596601,February half-term,1,"Cardiff City, Newport County",1,1,8.9,3.7,0.0,0.0,0.0,25.3,44.3,100.0,3.0,0.0,"Dry, overcast",2-7°C,Windy (40-55),0.0
2021-2022,2022-02-26,Saturday,12:45,Sat lunch,Cardiff Metropolitan University,The New Saints,South,North,North-South,96.0,footballwebpages,1.0,1.0,Feb,,0,0,199.7,170,2-3h,210.5,0.4560570071258907,309.5,8.0,1.4,22,,3596602,February half-term,1,"Cardiff City, Newport County",1,1,8.3,3.0,0.1,0.1,0.0,25.5,48.6,100.0,51.0,0.1,"Dry, overcast",2-7°C,Windy (40-55),0.0
2021-2022,2022-02-26,Saturday,12:45,Sat lunch,Cefn Druids,Haverfordwest County,North,South,North-South,102.0,footballwebpages,0.0,2.0,Feb,,0,0,243.2,207,>3h,168.5,0.6053412462908012,396.625,12.0,0.0,22,,3596603,February half-term,1,Wrexham,1,1,7.2,1.8,0.0,0.0,0.0,25.3,52.6,100.0,3.0,0.0,"Dry, overcast",Under 2°C,Windy (40-55),0.0
2021-2022,2022-02-26,Saturday,12:45,Sat lunch,Newtown AFC,Connah's Quay Nomads,Mid,North,Mid-North,226.0,footballwebpages,0.0,2.0,Feb,,0,0,106.8,96,1-2h,328.125,0.6887619047619048,272.3125,3.0,1.2,22,,3596604,February half-term,1,"Cardiff City, Newport County",1,1,8.0,2.9,0.0,0.0,0.0,24.0,48.6,99.0,3.0,0.0,"Dry, overcast",2-7°C,Windy (40-55),0.0
2021-2022,2022-02-26,Saturday,12:45,Sat lunch,Penybont FC,Flint Town United,South,North,North-South,208.0,footballwebpages,1.0,1.0,Feb,,0,0,289.5,238,>3h,290.3125,0.7164693218514532,374.46666666666664,2.0,1.6,22,,3596605,February half-term,1,"Cardiff City, Newport County",1,1,8.5,3.1,0.0,0.0,0.0,25.6,47.5,100.0,3.0,0.0,"Dry, overcast",2-7°C,Windy (40-55),0.0
2021-2022,2022-03-04,Friday,19:45,Fri evening,Flint Town United,The New Saints,North,North,North-North,421.0,footballwebpages,1.0,2.0,Mar,,0,0,58.2,48,<1h,374.46666666666664,1.124265622218266,309.5,4.0,1.2,23,,4173665,,0,,0,0,5.1,1.4,0.0,0.0,0.0,14.1,29.9,7.0,0.0,0.0,Clear,Under 2°C,Breezy (25-40),0.0
2021-2022,2022-03-04,Friday,19:45,Fri evening,Newtown AFC,Bala Town,Mid,North,Mid-North,209.0,footballwebpages,0.0,2.0,Mar,,0,0,77.9,76,1-2h,328.125,0.6369523809523809,315.3,3.0,0.6,23,,4173666,,0,,0,0,4.3,1.4,0.0,0.0,0.0,7.6,22.7,20.0,1.0,0.2,Drizzle,Under 2°C,Calm (<25 km/h gusts),0.0
2021-2022,2022-03-04,Friday,19:45,Fri evening,Cefn Druids,Aberystwyth Town,North,Mid,Mid-North,,,3.0,3.0,Mar,,0,0,132.6,120,2-3h,168.5,,369.8125,12.0,0.0,23,,4173668,,0,,0,0,4.4,0.7,0.0,0.0,0.0,13.3,30.2,79.0,2.0,0.0,"Dry, overcast",Under 2°C,Breezy (25-40),0.0
2021-2022,2022-03-05,Saturday,14:30,Sat afternoon,Penybont FC,Caernarfon Town,South,North,North-South,205.0,footballwebpages,0.0,3.0,Mar,,0,0,292.7,255,>3h,290.3125,0.7061356297093649,528.1875,3.0,1.8,23,,4173667,,0,"Newport County, Swansea City",1,1,8.9,3.5,0.0,0.0,0.0,21.3,40.7,4.0,0.0,0.0,Clear,2-7°C,Windy (40-55),0.0
2021-2022,2022-03-05,Saturday,14:30,Sat afternoon,Barry Town United,Haverfordwest County,South,South,South-South,354.0,footballwebpages,0.0,1.0,Mar,,0,0,156.7,121,2-3h,473.8125,0.7471309853581322,396.625,10.0,0.8,23,,4173669,,0,"Newport County, Swansea City",1,1,9.3,4.0,0.0,0.0,0.0,20.9,42.5,13.0,0.0,0.0,Clear,2-7°C,Windy (40-55),0.0
2021-2022,2022-03-05,Saturday,14:30,Sat afternoon,Cardiff Metropolitan University,Connah's Quay Nomads,South,North,North-South,174.0,footballwebpages,0.0,0.0,Mar,,0,0,254.9,216,>3h,210.5,0.8266033254156769,272.3125,8.0,1.4,23,,4173670,,0,"Newport County, Swansea City",1,1,8.5,3.0,0.0,0.0,0.0,22.9,47.9,17.0,0.0,0.0,Clear,2-7°C,Windy (40-55),0.0
2021-2022,2022-03-08,Tuesday,19:45,Midweek,The New Saints,Bala Town,North,North,North-North,267.0,footballwebpages,2.0,1.0,Mar,,0,0,54.7,51,<1h,309.5,0.8626817447495961,315.3,1.0,2.6,25,,4173770,,0,Wrexham,1,1,8.1,2.9,0.0,0.0,0.0,25.8,52.9,100.0,3.0,0.0,"Dry, overcast",2-7°C,Windy (40-55),0.0
2021-2022,2022-03-11,Friday,19:45,Fri evening,Bala Town,Flint Town United,North,North,North-North,,,3.0,2.0,Mar,,0,0,63.3,65,1-2h,315.3,,374.46666666666664,2.0,1.6,24,,4173699,,0,,0,0,8.0,5.0,0.4,0.4,0.0,16.2,38.5,100.0,51.0,4.5,Heavy rain,2-7°C,Breezy (25-40),1.0
2021-2022,2022-03-11,Friday,19:45,Fri evening,Caernarfon Town,Newtown AFC,North,Mid,Mid-North,382.0,footballwebpages,0.0,4.0,Mar,,0,0,132.9,120,2-3h,528.1875,0.723228020352621,328.125,7.0,1.4,24,,4173700,,0,,0,0,9.0,5.2,0.1,0.1,0.0,21.0,41.4,100.0,51.0,0.2,Drizzle,2-7°C,Windy (40-55),0.0
2021-2022,2022-03-12,Saturday,12:45,Sat lunch,The New Saints,Penybont FC,North,South,North-South,413.0,footballwebpages,3.0,3.0,Mar,,0,0,231.8,192,>3h,309.5,1.3344103392568658,290.3125,1.0,2.6,24,,4173701,,0,,0,1,8.8,3.7,0.0,0.0,0.0,24.0,48.2,81.0,3.0,0.2,Drizzle,2-7°C,Windy (40-55),0.0
2021-2022,2022-03-12,Saturday,14:30,Sat afternoon,Aberystwyth Town,Cardiff Metropolitan University,Mid,South,Mid-South,271.0,footballwebpages,0.0,2.0,Mar,,0,0,164.5,157,2-3h,369.8125,0.7328037857022139,210.5,9.0,1.8,24,,4173702,,0,Cardiff City,1,1,10.8,5.9,0.0,0.0,0.0,21.9,46.1,100.0,3.0,0.0,"Dry, overcast",2-7°C,Windy (40-55),0.0
2021-2022,2022-03-12,Saturday,14:30,Sat afternoon,Connah's Quay Nomads,Barry Town United,North,South,North-South,209.0,footballwebpages,2.0,0.0,Mar,,0,0,277.9,231,>3h,272.3125,0.7675005737893046,473.8125,5.0,1.6,24,,4173703,,0,,0,1,11.4,6.8,0.0,0.0,0.0,21.2,42.8,100.0,3.0,0.0,"Dry, overcast",2-7°C,Windy (40-55),0.0
2021-2022,2022-03-12,Saturday,14:30,Sat afternoon,Haverfordwest County,Cefn Druids,South,North,North-South,273.0,footballwebpages,6.0,1.0,Mar,,0,0,242.6,207,>3h,396.625,0.6883075953356445,168.5,10.0,1.6,24,,4173704,,0,Cardiff City,1,1,9.5,3.6,0.0,0.0,0.0,31.2,57.6,100.0,3.0,0.0,"Dry, overcast",2-7°C,Gale (55+),0.0
2021-2022,2022-03-15,Tuesday,19:45,Midweek,Caernarfon Town,Flint Town United,North,North,North-North,377.0,footballwebpages,2.0,1.0,Mar,,0,0,91.7,71,1-2h,528.1875,0.7137616850076914,374.46666666666664,7.0,1.4,25,,4173771,,0,,0,0,9.9,6.3,0.0,0.0,0.0,17.7,33.8,100.0,3.0,0.0,"Dry, overcast",2-7°C,Breezy (25-40),0.0
2021-2022,2022-03-15,Tuesday,19:45,Midweek,Connah's Quay Nomads,Cefn Druids,North,North,North-North,189.0,footballwebpages,5.0,0.0,Mar,,0,1,47.3,43,<1h,272.3125,0.6940555428046821,168.5,4.0,2.0,25,,4173773,,0,,0,0,10.3,7.5,0.0,0.0,0.0,13.4,23.4,100.0,3.0,0.0,"Dry, overcast",7-12°C,Calm (<25 km/h gusts),0.0
2021-2022,2022-03-15,Tuesday,19:45,Midweek,Cardiff Metropolitan University,Barry Town United,South,South,South-South,197.0,footballwebpages,1.0,1.0,Mar,,0,1,17.8,29,<1h,210.5,0.9358669833729216,473.8125,8.0,1.4,25,,4173774,,0,,0,0,10.1,7.8,0.0,0.0,0.0,10.5,19.4,100.0,3.0,0.0,"Dry, overcast",7-12°C,Calm (<25 km/h gusts),0.0
2021-2022,2022-03-15,Tuesday,19:45,Midweek,Aberystwyth Town,Haverfordwest County,Mid,South,Mid-South,282.0,footballwebpages,0.0,6.0,Mar,,0,0,103.9,98,1-2h,369.8125,0.7625485888118979,396.625,10.0,1.2,25,,4173775,,0,,0,0,10.9,8.6,0.0,0.0,0.0,9.7,21.6,100.0,3.0,0.0,"Dry, overcast",7-12°C,Calm (<25 km/h gusts),0.0
2021-2022,2022-03-22,Tuesday,19:45,Midweek,Newtown AFC,Penybont FC,Mid,South,Mid-South,211.0,footballwebpages,1.0,2.0,Mar,,0,0,172.5,154,2-3h,328.125,0.6430476190476191,290.3125,4.0,1.0,25,,4173772,,0,,0,1,12.8,11.2,0.0,0.0,0.0,9.0,21.6,7.0,0.0,0.0,Clear,7-12°C,Calm (<25 km/h gusts),0.0
2021-2022,2022-03-25,Friday,19:45,Fri evening,Bala Town,Caernarfon Town,North,North,North-North,,,2.0,0.0,Mar,,0,0,74.4,67,1-2h,315.3,,528.1875,4.0,1.6,26,,4174971,,0,,0,0,10.8,8.9,0.0,0.0,0.0,6.5,18.7,0.0,0.0,0.0,Clear,7-12°C,Calm (<25 km/h gusts),0.0
2021-2022,2022-03-25,Friday,19:45,Fri evening,The New Saints,Newtown AFC,North,Mid,Mid-North,287.0,footballwebpages,0.0,1.0,Mar,,0,0,51.5,50,<1h,309.5,0.9273021001615508,328.125,1.0,2.2,26,,4174972,,0,,0,0,11.6,9.5,0.0,0.0,0.0,6.8,10.8,1.0,0.0,0.0,Clear,7-12°C,Calm (<25 km/h gusts),0.0
2021-2022,2022-03-25,Friday,20:00,Fri evening,Aberystwyth Town,Barry Town United,Mid,South,Mid-South,466.0,footballwebpages,2.0,1.0,Mar,,0,0,175.8,159,2-3h,369.8125,1.2600980226466114,473.8125,10.0,0.6,26,,4174974,,0,,0,0,10.6,7.8,0.0,0.0,0.0,10.5,18.7,0.0,0.0,0.0,Clear,7-12°C,Calm (<25 km/h gusts),0.0
2021-2022,2022-03-26,Saturday,14:30,Sat afternoon,Flint Town United,Penybont FC,North,South,North-South,372.0,footballwebpages,1.0,0.0,Mar,,0,0,288.6,237,>3h,374.46666666666664,0.9934128538365676,290.3125,7.0,0.2,26,,4174973,,0,Wrexham,1,1,16.6,15.2,0.0,0.0,0.0,6.1,16.2,3.0,0.0,0.0,Clear,12-17°C,Calm (<25 km/h gusts),0.0
2021-2022,2022-03-26,Saturday,14:30,Sat afternoon,Cefn Druids,Cardiff Metropolitan University,North,South,North-South,64.0,footballwebpages,2.0,0.0,Mar,,0,0,213.8,182,>3h,168.5,0.3798219584569733,210.5,12.0,0.2,26,,4174975,,0,Wrexham,1,1,16.0,13.9,0.0,0.0,0.0,9.4,23.0,5.0,0.0,0.0,Clear,12-17°C,Calm (<25 km/h gusts),0.0
2021-2022,2022-03-26,Saturday,15:00,Sat afternoon,Haverfordwest County,Connah's Quay Nomads,South,North,North-South,407.0,footballwebpages,0.0,0.0,Mar,,0,0,284.1,240,>3h,396.625,1.0261582098959974,272.3125,9.0,2.6,26,,4174976,,0,,0,1,16.4,13.1,0.0,0.0,0.0,15.9,32.0,0.0,0.0,0.0,Clear,12-17°C,Breezy (25-40),0.0
2021-2022,2022-04-01,Friday,19:45,Fri evening,Caernarfon Town,The New Saints,North,North,North-North,347.0,footballwebpages (club page),0.0,3.0,Apr,,0,0,143.5,105,1-2h,528.1875,0.6569636729381139,309.5,7.0,1.8,27,,4177500,,0,,0,0,5.4,1.6,0.0,0.0,0.0,8.8,25.9,100.0,3.0,0.0,"Dry, overcast",Under 2°C,Breezy (25-40),0.0
2021-2022,2022-04-01,Friday,19:45,Fri evening,Connah's Quay Nomads,Aberystwyth Town,North,Mid,Mid-North,231.0,footballwebpages (club page),1.0,0.0,Apr,,0,0,142.6,144,2-3h,272.3125,0.8482901078723892,369.8125,3.0,2.2,27,,4177503,,0,,0,0,5.0,0.5,0.0,0.0,0.0,15.3,34.6,91.0,3.0,0.0,"Dry, overcast",Under 2°C,Breezy (25-40),0.0
2021-2022,2022-04-02,Saturday,12:45,Sat lunch,Newtown AFC,Flint Town United,Mid,North,Mid-North,204.0,footballwebpages (club page),2.0,1.0,Apr,,0,0,109.2,95,1-2h,328.125,0.6217142857142857,374.46666666666664,4.0,1.2,27,,4177501,,0,"Cardiff City, Newport County",1,1,6.0,3.2,0.0,0.0,0.0,6.0,17.3,100.0,3.0,0.2,Drizzle,2-7°C,Calm (<25 km/h gusts),0.0
2021-2022,2022-04-02,Saturday,14:30,Sat afternoon,Penybont FC,Bala Town,South,North,North-South,256.0,footballwebpages (club page),0.0,5.0,Apr,,0,0,237.8,213,>3h,290.3125,0.8818083961248655,315.3,5.0,1.0,27,,4177502,,0,"Cardiff City, Newport County",1,1,6.8,4.1,0.1,0.1,0.0,3.3,17.3,100.0,51.0,0.1,"Dry, overcast",2-7°C,Calm (<25 km/h gusts),0.0
2021-2022,2022-04-02,Saturday,14:30,Sat afternoon,Cardiff Metropolitan University,Haverfordwest County,South,South,South-South,122.0,footballwebpages (club page),3.0,2.0,Apr,,0,0,158.6,125,2-3h,210.5,0.5795724465558195,396.625,9.0,1.2,27,,4177504,,0,"Cardiff City, Newport County",1,1,7.1,3.9,0.1,0.1,0.0,5.5,16.9,82.0,51.0,0.1,"Dry, overcast",2-7°C,Calm (<25 km/h gusts),0.0
2021-2022,2022-04-02,Saturday,14:30,Sat afternoon,Barry Town United,Cefn Druids,South,North,North-South,412.0,footballwebpages (club page),1.0,0.0,Apr,,0,0,235.2,199,>3h,473.8125,0.8695422767444928,168.5,11.0,0.2,27,,4177519,,0,"Cardiff City, Newport County",1,1,7.3,5.0,0.0,0.0,0.0,4.7,16.9,96.0,3.0,0.0,"Dry, overcast",2-7°C,Calm (<25 km/h gusts),0.0
2021-2022,2022-04-05,Tuesday,19:45,Midweek,Barry Town United,Cardiff Metropolitan University,South,South,South-South,397.0,footballwebpages (club page),1.0,0.0,Apr,,0,1,17.8,30,<1h,473.8125,0.837884184144572,210.5,11.0,0.8,28,,4177505,Easter,1,,0,1,10.1,3.9,0.0,0.0,0.0,36.6,67.3,100.0,3.0,0.0,"Dry, overcast",2-7°C,Gale (55+),0.0
2021-2022,2022-04-05,Tuesday,19:45,Midweek,Bala Town,The New Saints,North,North,North-North,253.0,footballwebpages (club page),1.0,1.0,Apr,,0,0,54.3,50,<1h,315.3,0.8024104027909926,309.5,2.0,2.4,28,,4177514,Easter,1,Wrexham,1,1,8.5,4.8,0.0,0.0,0.0,21.0,56.5,100.0,3.0,0.1,"Dry, overcast",2-7°C,Gale (55+),0.0
2021-2022,2022-04-05,Tuesday,19:45,Midweek,Penybont FC,Newtown AFC,South,Mid,Mid-South,254.0,footballwebpages (club page),0.0,2.0,Apr,,0,0,175.4,154,2-3h,290.3125,0.87491926803014,328.125,5.0,0.8,28,,4177515,Easter,1,,0,1,9.3,3.5,0.1,0.1,0.0,34.5,66.6,100.0,51.0,0.30000000000000004,Drizzle,2-7°C,Gale (55+),0.0
2021-2022,2022-04-05,Tuesday,19:45,Midweek,Cefn Druids,Connah's Quay Nomads,North,North,North-North,102.0,footballwebpages (club page),0.0,3.0,Apr,,0,1,46.0,43,<1h,168.5,0.6053412462908012,272.3125,12.0,0.8,28,,4177516,Easter,1,Wrexham,1,1,9.3,5.2,0.0,0.0,0.0,21.4,55.1,99.0,3.0,0.0,"Dry, overcast",2-7°C,Gale (55+),0.0
2021-2022,2022-04-05,Tuesday,19:45,Midweek,Flint Town United,Caernarfon Town,North,North,North-North,243.0,footballwebpages (club page),0.0,4.0,Apr,,0,0,92.9,73,1-2h,374.46666666666664,0.6489229125867901,528.1875,6.0,0.6,28,,4177517,Easter,1,Wrexham,1,1,10.3,5.6,0.0,0.0,0.0,25.9,44.3,100.0,3.0,0.0,"Dry, overcast",2-7°C,Windy (40-55),0.0
2021-2022,2022-04-05,Tuesday,19:45,Midweek,Haverfordwest County,Aberystwyth Town,South,Mid,Mid-South,312.0,footballwebpages (club page),0.0,1.0,Apr,,0,0,103.9,99,1-2h,396.625,0.7866372518121652,369.8125,9.0,2.0,28,,4177518,Easter,1,,0,1,9.8,5.6,0.0,0.0,0.0,24.0,45.0,100.0,3.0,0.3,Drizzle,2-7°C,Windy (40-55),0.0
2021-2022,2022-04-08,Friday,19:45,Fri evening,Flint Town United,Bala Town,North,North,North-North,,,0.0,1.0,Apr,,0,0,63.2,65,1-2h,374.46666666666664,,315.3,7.0,0.6,29,,4179268,Easter,1,,0,0,6.5,1.5,0.0,0.0,0.0,19.0,36.7,46.0,1.0,0.0,"Dry, overcast",Under 2°C,Breezy (25-40),0.0
2021-2022,2022-04-09,Saturday,14:30,Sat afternoon,Newtown AFC,Caernarfon Town,Mid,North,Mid-North,266.0,footballwebpages (club page),1.0,0.0,Apr,,0,0,132.9,120,2-3h,328.125,0.8106666666666666,528.1875,4.0,2.4,29,,4179269,Easter,1,Swansea City,1,1,8.1,3.4,0.0,0.0,0.0,18.9,39.6,37.0,1.0,0.2,Drizzle,2-7°C,Breezy (25-40),0.0
2021-2022,2022-04-09,Saturday,14:30,Sat afternoon,Penybont FC,The New Saints,South,North,North-South,289.0,footballwebpages (club page),1.0,2.0,Apr,,0,0,231.9,193,>3h,290.3125,0.9954790096878364,309.5,5.0,0.8,29,,4179270,Easter,1,Swansea City,1,1,8.4,4.0,0.1,0.1,0.0,19.2,37.4,100.0,51.0,0.1,"Dry, overcast",2-7°C,Breezy (25-40),0.0
2021-2022,2022-04-09,Saturday,14:30,Sat afternoon,Cardiff Metropolitan University,Aberystwyth Town,South,Mid,Mid-South,132.0,footballwebpages (club page),1.0,1.0,Apr,,0,0,166.9,156,2-3h,210.5,0.6270783847980997,369.8125,8.0,1.4,29,,4179271,Easter,1,Swansea City,1,1,9.4,5.1,0.0,0.0,0.0,13.4,28.1,94.0,3.0,0.0,"Dry, overcast",2-7°C,Breezy (25-40),0.0
2021-2022,2022-04-09,Saturday,14:30,Sat afternoon,Cefn Druids,Haverfordwest County,North,South,North-South,55.0,footballwebpages (club page),1.0,6.0,Apr,,0,0,243.2,207,>3h,168.5,0.3264094955489614,396.625,12.0,0.6,29,,4179272,Easter,1,Wrexham,1,1,7.9,3.5,0.1,0.1,0.0,16.5,36.7,34.0,51.0,0.5,Drizzle,2-7°C,Breezy (25-40),0.0
2021-2022,2022-04-09,Saturday,17:15,Sat evening,Barry Town United,Connah's Quay Nomads,South,North,North-South,376.0,footballwebpages (club page),1.0,1.0,Apr,,0,0,276.7,231,>3h,473.8125,0.7935628545046828,272.3125,11.0,1.4,29,,4179273,Easter,1,Swansea City,1,1,8.3,2.7,0.0,0.0,0.0,25.4,44.6,71.0,2.0,0.2,Drizzle,2-7°C,Windy (40-55),0.0
2021-2022,2022-04-15,Friday,14:30,Fri evening,Caernarfon Town,Penybont FC,North,South,North-South,382.0,footballwebpages (club page),1.0,0.0,Apr,,0,0,289.8,254,>3h,528.1875,0.723228020352621,290.3125,6.0,1.2,30,,4179568,Easter,1,Wrexham,1,1,13.8,10.9,0.0,0.0,0.0,20.4,42.8,100.0,3.0,0.1,"Dry, overcast",7-12°C,Windy (40-55),0.0
2021-2022,2022-04-15,Friday,14:30,Fri evening,The New Saints,Flint Town United,North,North,North-North,386.0,footballwebpages (club page),7.0,0.0,Apr,,0,0,58.8,48,<1h,309.5,1.247172859450727,374.46666666666664,1.0,1.6,30,,4179569,Easter,1,Wrexham,1,1,16.5,14.4,0.0,0.0,0.0,14.6,32.0,74.0,2.0,0.0,"Dry, overcast",12-17°C,Breezy (25-40),0.0
2021-2022,2022-04-15,Friday,14:30,Fri evening,Aberystwyth Town,Cefn Druids,Mid,North,Mid-North,377.0,footballwebpages (club page),6.0,0.0,Apr,,0,0,132.0,120,2-3h,369.8125,1.0194355247591684,168.5,10.0,1.4,30,,4179571,Easter,1,"Newport County, Swansea City",1,1,15.5,13.5,0.1,0.1,0.0,16.0,33.5,100.0,51.0,0.1,"Dry, overcast",12-17°C,Breezy (25-40),0.0
2021-2022,2022-04-15,Friday,14:30,Fri evening,Connah's Quay Nomads,Cardiff Metropolitan University,North,South,North-South,231.0,footballwebpages (club page),2.0,0.0,Apr,,0,0,255.8,216,>3h,272.3125,0.8482901078723892,210.5,4.0,2.2,30,,4179572,Easter,1,Wrexham,1,1,17.5,15.3,0.0,0.0,0.0,15.2,28.8,100.0,3.0,0.0,"Dry, overcast",12-17°C,Breezy (25-40),0.0
2021-2022,2022-04-15,Friday,14:30,Fri evening,Haverfordwest County,Barry Town United,South,South,South-South,543.0,footballwebpages (club page),2.0,0.0,Apr,,0,0,156.4,120,2-3h,396.625,1.369051370942326,473.8125,10.0,1.4,30,,4179573,Easter,1,"Newport County, Swansea City",1,1,13.6,10.9,0.1,0.1,0.0,18.6,37.4,100.0,51.0,0.5,Drizzle,7-12°C,Breezy (25-40),0.0
2021-2022,2022-04-15,Friday,15:00,Fri evening,Bala Town,Newtown AFC,North,Mid,Mid-North,548.0,footballwebpages (club page),1.0,0.0,Apr,,0,0,77.5,76,1-2h,315.3,1.7380272756105295,328.125,4.0,2.6,30,,4179570,Easter,1,Wrexham,1,1,16.8,14.6,0.2,0.2,0.0,15.5,37.8,100.0,51.0,0.4,Drizzle,12-17°C,Breezy (25-40),0.0
2021-2022,2022-04-18,Monday,14:30,Midweek,Caernarfon Town,Bala Town,North,North,North-North,511.0,footballwebpages (club page),0.0,2.0,Apr,,0,0,74.4,66,1-2h,528.1875,0.9674594722518044,315.3,5.0,1.2,31,,4179574,,0,Wrexham,1,1,10.6,7.1,0.0,0.0,0.0,14.0,34.9,58.0,2.0,0.0,"Dry, overcast",7-12°C,Breezy (25-40),0.0
2021-2022,2022-04-18,Monday,14:30,Midweek,Newtown AFC,The New Saints,Mid,North,Mid-North,342.0,footballwebpages (club page),0.0,2.0,Apr,,0,0,51.6,50,<1h,328.125,1.0422857142857145,309.5,4.0,2.4,31,,4179575,,0,Cardiff City,1,1,11.4,8.4,0.2,0.2,0.0,12.5,28.4,44.0,51.0,0.2,Drizzle,7-12°C,Breezy (25-40),0.0
2021-2022,2022-04-18,Monday,14:30,Midweek,Penybont FC,Flint Town United,South,North,North-South,237.0,footballwebpages (club page),0.0,3.0,Apr,,0,0,289.5,238,>3h,290.3125,0.816361679224973,374.46666666666664,6.0,0.0,31,,4179576,,0,Cardiff City,1,1,10.7,8.2,0.2,0.2,0.0,15.0,31.3,21.0,51.0,0.30000000000000004,Drizzle,7-12°C,Breezy (25-40),0.0
2021-2022,2022-04-18,Monday,14:30,Midweek,Connah's Quay Nomads,Haverfordwest County,North,South,North-South,246.0,footballwebpages (club page),3.0,0.0,Apr,,0,0,244.6,240,>3h,272.3125,0.903373881110856,396.625,3.0,2.2,31,,4179577,,0,Wrexham,1,1,11.1,8.1,0.3,0.3,0.0,12.4,31.0,81.0,51.0,0.3,Drizzle,7-12°C,Breezy (25-40),0.0
2021-2022,2022-04-18,Monday,14:30,Midweek,Cardiff Metropolitan University,Cefn Druids,South,North,North-South,163.0,footballwebpages (club page),5.0,0.0,Apr,,0,0,213.4,183,>3h,210.5,0.7743467933491687,168.5,10.0,0.8,31,,4179578,,0,Cardiff City,1,1,12.0,9.1,0.0,0.0,0.0,13.0,30.2,82.0,3.0,0.1,"Dry, overcast",7-12°C,Breezy (25-40),0.0
2021-2022,2022-04-18,Monday,17:15,Midweek,Barry Town United,Aberystwyth Town,South,Mid,Mid-South,712.0,footballwebpages (club page),0.0,1.0,Apr,,0,0,176.5,161,2-3h,473.8125,1.50270412874291,369.8125,11.0,1.4,31,,4179579,,0,Cardiff City,1,1,11.3,7.3,0.0,0.0,0.0,20.2,37.1,27.0,1.0,0.0,Clear,7-12°C,Breezy (25-40),0.0
2021-2022,2022-04-23,Saturday,12:45,Sat lunch,Bala Town,Penybont FC,North,South,North-South,302.0,footballwebpages (club page),11.0,0.0,Apr,,0,0,235.0,212,>3h,315.3,0.9578179511576276,290.3125,2.0,2.6,32,,4179686,,0,,0,1,12.1,8.5,0.2,0.2,0.0,21.7,58.0,100.0,51.0,0.4,Drizzle,7-12°C,Gale (55+),0.0
2021-2022,2022-04-23,Saturday,12:45,Sat lunch,Flint Town United,Newtown AFC,North,Mid,Mid-North,179.0,footballwebpages (club page),1.0,1.0,Apr,,0,0,108.3,94,1-2h,374.46666666666664,0.4780131742923269,328.125,6.0,0.6,32,,4179687,,0,,0,1,14.1,9.3,0.0,0.0,0.0,28.7,59.4,45.0,1.0,0.0,"Dry, overcast",7-12°C,Gale (55+),0.0
2021-2022,2022-04-23,Saturday,12:45,Sat lunch,The New Saints,Caernarfon Town,North,North,North-North,237.0,footballwebpages (club page),3.0,1.0,Apr,,0,0,145.4,108,1-2h,309.5,0.7657512116316639,528.1875,1.0,2.6,32,,4179688,,0,,0,1,13.0,8.5,0.1,0.1,0.0,25.8,58.7,100.0,51.0,0.2,Drizzle,7-12°C,Gale (55+),0.0
2021-2022,2022-04-23,Saturday,12:45,Sat lunch,Aberystwyth Town,Connah's Quay Nomads,Mid,North,Mid-North,315.0,footballwebpages (club page),1.0,1.0,Apr,,0,0,142.0,144,2-3h,369.8125,0.8517829981409498,272.3125,9.0,2.0,32,,4179689,,0,Swansea City,1,1,13.5,9.0,0.0,0.0,0.0,26.6,63.0,90.0,3.0,0.0,"Dry, overcast",7-12°C,Gale (55+),0.0
2021-2022,2022-04-23,Saturday,12:45,Sat lunch,Cefn Druids,Barry Town United,North,South,North-South,158.0,footballwebpages (club page),1.0,0.0,Apr,,0,0,235.9,198,>3h,168.5,0.9376854599406528,473.8125,12.0,0.0,32,,4179690,,0,,0,1,13.0,8.9,0.0,0.0,0.0,23.5,56.9,100.0,3.0,0.1,"Dry, overcast",7-12°C,Gale (55+),0.0
2021-2022,2022-04-23,Saturday,12:45,Sat lunch,Haverfordwest County,Cardiff Metropolitan University,South,South,South-South,734.0,footballwebpages (club page),1.0,2.0,Apr,,0,0,155.7,125,2-3h,396.625,1.8506145603529784,210.5,10.0,1.2,32,,4179691,,0,Swansea City,1,1,14.5,11.0,0.0,0.0,0.0,24.4,49.0,22.0,1.0,0.0,Clear,7-12°C,Windy (40-55),0.0
2022-2023,2022-08-12,Friday,19:45,Fri evening,Airbus UK Broughton,Aberystwyth Town,North,Mid,Mid-North,355.0,footballwebpages,1.0,2.0,Aug,,0,0,158.7,137,2-3h,226.92857142857144,1.5643689014793831,364.875,,,1,,3848108,Summer,1,,0,0,28.3,28.5,0.0,0.0,0.0,6.2,16.9,0.0,0.0,0.0,Clear,Over 17°C,Calm (<25 km/h gusts),0.0
2022-2023,2022-08-13,Saturday,14:30,Sat afternoon,Cardiff Metropolitan University,Connah's Quay Nomads,South,North,North-South,138.0,footballwebpages,2.0,0.0,Aug,,0,0,254.9,216,>3h,193.0625,0.7147944318549693,259.0,,,1,,3848109,Summer,1,Cardiff City,1,1,30.8,30.6,0.0,0.0,0.0,12.2,31.7,77.0,2.0,0.0,"Dry, overcast",Over 17°C,Breezy (25-40),0.0
2022-2023,2022-08-13,Saturday,14:30,Sat afternoon,Haverfordwest County,Caernarfon Town,South,North,North-South,352.0,footballwebpages,1.0,0.0,Aug,,0,0,226.3,215,>3h,388.6,0.9058157488419968,485.125,,,1,,3848110,Summer,1,Cardiff City,1,1,31.0,32.0,0.0,0.0,0.0,8.4,20.2,100.0,3.0,0.0,"Dry, overcast",Over 17°C,Calm (<25 km/h gusts),0.0
2022-2023,2022-08-13,Saturday,14:30,Sat afternoon,Newtown AFC,The New Saints,Mid,North,Mid-North,262.0,footballwebpages,0.0,0.0,Aug,,0,0,51.6,50,<1h,295.1875,0.8875714588185475,302.0769230769231,,,1,,3848111,Summer,1,Cardiff City,1,1,29.1,29.4,0.0,0.0,0.0,11.5,27.7,99.0,3.0,0.0,"Dry, overcast",Over 17°C,Breezy (25-40),0.0
2022-2023,2022-08-13,Saturday,17:45,Sat evening,Pontypridd United,Flint Town United,South,North,North-South,326.0,footballwebpages,0.0,1.0,Aug,,0,0,240.7,208,>3h,301.64285714285717,1.0807482832109874,376.3333333333333,,,1,,3848112,Summer,1,Cardiff City,1,1,30.8,29.6,0.0,0.0,0.0,8.1,22.7,30.0,1.0,0.0,Clear,Over 17°C,Calm (<25 km/h gusts),0.0
2022-2023,2022-08-14,Sunday,14:30,Sun afternoon,Penybont FC,Bala Town,South,North,North-South,460.0,footballwebpages,2.0,0.0,Aug,,0,0,237.8,213,>3h,364.0,1.2637362637362637,263.6666666666667,,,1,,3848113,Summer,1,,0,0,28.4,29.9,0.0,0.0,0.0,5.2,16.2,98.0,3.0,0.0,"Dry, overcast",Over 17°C,Calm (<25 km/h gusts),0.0
2022-2023,2022-08-19,Friday,19:45,Fri evening,Connah's Quay Nomads,Airbus UK Broughton,North,North,North-North,436.0,footballwebpages,1.0,0.0,Aug,,0,1,18.2,23,<1h,259.0,1.6833976833976834,226.92857142857144,,,2,,3848121,Summer,1,,0,0,18.2,15.4,0.0,0.0,0.0,18.0,34.2,53.0,2.0,0.0,"Dry, overcast",12-17°C,Breezy (25-40),0.0
2022-2023,2022-08-19,Friday,19:45,Fri evening,Newtown AFC,Flint Town United,Mid,North,Mid-North,385.0,footballwebpages,0.0,2.0,Aug,,0,0,109.2,95,1-2h,295.1875,1.304255769637942,376.3333333333333,,,2,,3848122,Summer,1,,0,0,16.6,14.3,0.0,0.0,0.0,16.8,38.9,18.0,0.0,0.0,Clear,12-17°C,Breezy (25-40),0.0
2022-2023,2022-08-20,Saturday,14:30,Sat afternoon,Bala Town,Haverfordwest County,North,South,North-South,237.0,footballwebpages,1.0,1.0,Aug,,0,0,181.6,175,2-3h,263.6666666666667,0.8988621997471554,388.6,,,2,,3848124,Summer,1,Wrexham,1,1,17.8,15.8,0.1,0.1,0.0,20.8,52.6,63.0,51.0,1.2000000000000002,Rain,12-17°C,Windy (40-55),1.0
2022-2023,2022-08-20,Saturday,14:30,Sat afternoon,Caernarfon Town,Pontypridd United,North,South,North-South,438.0,footballwebpages,2.0,0.0,Aug,,0,0,251.9,226,>3h,485.125,0.902860087606287,301.64285714285717,,,2,,3848125,Summer,1,Wrexham,1,1,18.2,13.9,0.4,0.4,0.0,36.9,72.4,51.0,51.0,0.6000000000000001,Drizzle,12-17°C,Gale (55+),0.0
2022-2023,2022-08-20,Saturday,14:30,Sat afternoon,The New Saints,Penybont FC,North,South,North-South,231.0,footballwebpages,1.0,0.0,Aug,,0,0,231.8,192,>3h,302.0769230769231,0.7647058823529411,364.0,,,2,,3848126,Summer,1,Wrexham,1,1,19.6,16.8,0.0,0.0,0.0,24.0,49.7,63.0,2.0,0.2,Drizzle,12-17°C,Windy (40-55),0.0
2022-2023,2022-08-20,Saturday,17:45,Sat evening,Aberystwyth Town,Cardiff Metropolitan University,Mid,South,Mid-South,311.0,footballwebpages,0.0,4.0,Aug,,0,0,164.5,157,2-3h,364.875,0.8523466940733128,193.0625,,,2,,3848123,Summer,1,"Newport County, Swansea City",1,1,18.9,16.2,0.1,0.1,0.0,26.9,59.0,14.0,51.0,0.6,Drizzle,12-17°C,Gale (55+),0.0
2022-2023,2022-08-26,Friday,19:45,Fri evening,Bala Town,Newtown AFC,North,Mid,Mid-North,352.0,footballwebpages,3.0,0.0,Aug,,0,0,77.5,76,1-2h,263.6666666666667,1.335018963337547,295.1875,,,3,,3848134,Summer,1,,0,0,16.0,16.2,0.0,0.0,0.0,6.8,18.7,81.0,3.0,0.6,Drizzle,12-17°C,Calm (<25 km/h gusts),0.0
2022-2023,2022-08-26,Friday,19:45,Fri evening,The New Saints,Connah's Quay Nomads,North,North,North-North,331.0,footballwebpages,2.0,1.0,Aug,,0,0,56.4,49,<1h,302.0769230769231,1.095747389865037,259.0,,,3,,3848135,Summer,1,,0,0,17.6,16.9,0.1,0.1,0.0,9.4,19.1,38.0,51.0,0.1,Clear,12-17°C,Calm (<25 km/h gusts),0.0
2022-2023,2022-08-27,Saturday,14:30,Sat afternoon,Caernarfon Town,Cardiff Metropolitan University,North,South,North-South,465.0,footballwebpages,5.0,1.0,Aug,,0,0,268.1,244,>3h,485.125,0.958515846431332,193.0625,,,3,,3848136,Summer,1,,0,1,19.4,19.0,0.0,0.0,0.0,11.4,27.0,22.0,1.0,0.0,Clear,Over 17°C,Breezy (25-40),0.0
2022-2023,2022-08-27,Saturday,14:30,Sat afternoon,Haverfordwest County,Airbus UK Broughton,South,North,North-South,407.0,footballwebpages,3.0,0.0,Aug,,0,0,269.4,224,>3h,388.6,1.0473494595985589,226.92857142857144,,,3,,3848137,Summer,1,Cardiff City,1,1,21.6,21.3,0.0,0.0,0.0,7.4,19.8,97.0,3.0,0.0,"Dry, overcast",Over 17°C,Calm (<25 km/h gusts),0.0
2022-2023,2022-08-27,Saturday,14:30,Sat afternoon,Penybont FC,Flint Town United,South,North,North-South,206.0,footballwebpages,2.0,1.0,Aug,,0,0,289.5,238,>3h,364.0,0.5659340659340659,376.3333333333333,,,3,,3848138,Summer,1,Cardiff City,1,1,21.1,22.4,0.0,0.0,0.0,5.1,16.6,38.0,1.0,0.2,Drizzle,Over 17°C,Calm (<25 km/h gusts),0.0
2022-2023,2022-08-27,Saturday,14:30,Sat afternoon,Pontypridd United,Aberystwyth Town,South,Mid,Mid-South,311.0,footballwebpages,2.0,1.0,Aug,,0,0,148.0,137,2-3h,301.64285714285717,1.0310206014681504,364.875,,,3,,3848139,Summer,1,Cardiff City,1,1,21.8,22.9,0.0,0.0,0.0,4.3,16.9,43.0,1.0,0.0,"Dry, overcast",Over 17°C,Calm (<25 km/h gusts),0.0
2022-2023,2022-08-30,Tuesday,19:45,Midweek,Airbus UK Broughton,Flint Town United,North,North,North-North,335.0,footballwebpages,1.0,3.0,Aug,,0,1,18.6,21,<1h,226.92857142857144,1.476235442241108,376.3333333333333,12.0,0.0,4,,3848141,Summer,1,Wrexham,1,1,18.4,16.7,0.0,0.0,0.0,10.8,26.3,71.0,2.0,0.0,"Dry, overcast",12-17°C,Breezy (25-40),0.0
2022-2023,2022-08-30,Tuesday,19:45,Midweek,Cardiff Metropolitan University,Pontypridd United,South,South,South-South,221.0,footballwebpages,3.0,0.0,Aug,,0,1,21.8,28,<1h,193.0625,1.144707024927161,301.64285714285717,5.0,2.0,4,,3848142,Summer,1,Cardiff City,1,1,19.4,16.5,0.0,0.0,0.0,20.7,43.2,1.0,0.0,0.0,Clear,12-17°C,Windy (40-55),0.0
2022-2023,2022-08-30,Tuesday,19:45,Midweek,Connah's Quay Nomads,Bala Town,North,North,North-North,362.0,footballwebpages,1.0,0.0,Aug,,0,0,63.6,67,1-2h,259.0,1.3976833976833978,263.6666666666667,8.0,1.0,4,,3848143,Summer,1,Wrexham,1,1,18.2,16.0,0.0,0.0,0.0,12.9,27.0,66.0,2.0,0.0,"Dry, overcast",12-17°C,Breezy (25-40),0.0
2022-2023,2022-08-30,Tuesday,19:45,Midweek,Newtown AFC,Caernarfon Town,Mid,North,Mid-North,236.0,footballwebpages,2.0,1.0,Aug,,0,0,132.9,120,2-3h,295.1875,0.7994918484014397,485.125,11.0,0.3333333333333333,4,,3848144,Summer,1,Cardiff City,1,1,17.3,15.6,0.0,0.0,0.0,11.7,28.1,53.0,2.0,0.0,"Dry, overcast",12-17°C,Breezy (25-40),0.0
2022-2023,2022-08-30,Tuesday,19:45,Midweek,Penybont FC,Haverfordwest County,South,South,South-South,417.0,footballwebpages,3.0,2.0,Aug,,0,0,123.6,98,1-2h,364.0,1.1456043956043955,388.6,6.0,2.0,4,,3848145,Summer,1,Cardiff City,1,1,19.2,16.5,0.0,0.0,0.0,19.9,33.8,11.0,0.0,0.0,Clear,12-17°C,Breezy (25-40),0.0
2022-2023,2022-08-30,Tuesday,20:00,Midweek,Aberystwyth Town,The New Saints,Mid,North,Mid-North,270.0,footballwebpages,0.0,2.0,Aug,,0,0,118.2,107,1-2h,364.875,0.7399794450154162,302.0769230769231,10.0,1.0,4,,3848140,Summer,1,Cardiff City,1,1,17.0,15.7,0.0,0.0,0.0,10.0,23.0,3.0,0.0,0.0,Clear,12-17°C,Calm (<25 km/h gusts),0.0
2022-2023,2022-09-02,Friday,19:45,Fri evening,Caernarfon Town,Airbus UK Broughton,North,North,North-North,492.0,footballwebpages,3.0,1.0,Sep,,0,0,103.5,78,1-2h,485.125,1.0141716052563772,226.92857142857144,6.0,1.5,5,,3848154,,0,,0,0,18.0,17.5,0.0,0.0,0.0,14.2,28.1,100.0,3.0,0.5,Drizzle,Over 17°C,Breezy (25-40),0.0
2022-2023,2022-09-02,Friday,20:00,Fri evening,Aberystwyth Town,Bala Town,Mid,North,Mid-North,331.0,footballwebpages,1.0,4.0,Sep,,0,0,78.8,79,1-2h,364.875,0.9071599862966768,263.6666666666667,11.0,0.75,5,,3848153,,0,,0,0,17.6,18.7,0.0,0.0,0.0,5.8,10.4,98.0,3.0,0.1,"Dry, overcast",Over 17°C,Calm (<25 km/h gusts),0.0
2022-2023,2022-09-03,Saturday,14:30,Sat afternoon,Cardiff Metropolitan University,Flint Town United,South,North,North-South,103.0,footballwebpages,1.0,0.0,Sep,,0,0,257.2,215,>3h,193.0625,0.5335059889932017,376.3333333333333,3.0,2.25,5,,3848155,,0,"Newport County, Swansea City",1,1,19.1,16.6,0.0,0.0,0.0,22.8,45.0,100.0,3.0,0.0,"Dry, overcast",12-17°C,Windy (40-55),0.0
2022-2023,2022-09-03,Saturday,14:30,Sat afternoon,Connah's Quay Nomads,Penybont FC,North,South,North-South,193.0,footballwebpages,2.0,0.0,Sep,,0,0,288.3,239,>3h,259.0,0.7451737451737451,364.0,8.0,1.5,5,,3848156,,0,,0,1,19.9,18.3,0.1,0.1,0.0,18.4,33.1,100.0,51.0,0.1,"Dry, overcast",Over 17°C,Breezy (25-40),0.0
2022-2023,2022-09-03,Saturday,14:30,Sat afternoon,Haverfordwest County,Newtown AFC,South,Mid,Mid-South,277.0,footballwebpages,2.0,3.0,Sep,,0,0,180.1,155,2-3h,388.6,0.7128152341739578,295.1875,7.0,1.75,5,,3848157,,0,"Newport County, Swansea City",1,1,15.4,13.0,1.0,1.0,0.0,24.5,43.2,100.0,55.0,4.199999999999999,Heavy rain,12-17°C,Windy (40-55),1.0
2022-2023,2022-09-03,Saturday,14:30,Sat afternoon,Pontypridd United,The New Saints,South,North,North-South,,,0.0,2.0,Sep,,0,0,183.1,163,2-3h,301.64285714285717,,302.0769230769231,10.0,0.75,5,,3848158,,0,"Newport County, Swansea City",1,1,18.5,16.0,0.0,0.0,0.0,22.0,43.2,100.0,3.0,0.1,"Dry, overcast",12-17°C,Windy (40-55),0.0
2022-2023,2022-09-16,Friday,20:00,Fri evening,Aberystwyth Town,Connah's Quay Nomads,Mid,North,Mid-North,246.0,footballwebpages,2.0,1.0,Sep,,0,0,142.0,144,2-3h,364.875,0.6742034943473793,259.0,11.0,0.6,7,,3850349,,0,,0,0,12.5,9.5,0.0,0.0,0.0,14.0,25.9,3.0,0.0,0.0,Clear,7-12°C,Breezy (25-40),0.0
2022-2023,2022-09-17,Saturday,14:30,Sat afternoon,Caernarfon Town,Haverfordwest County,North,South,North-South,498.0,footballwebpages,2.0,1.0,Sep,,0,0,227.1,215,>3h,485.125,1.0265395516619429,388.6,3.0,1.8,7,,3850350,,0,,0,1,14.3,11.6,0.0,0.0,0.0,12.8,29.5,100.0,3.0,0.0,"Dry, overcast",7-12°C,Breezy (25-40),0.0
2022-2023,2022-09-17,Saturday,14:30,Sat afternoon,Cardiff Metropolitan University,The New Saints,South,North,North-South,254.0,footballwebpages,0.0,7.0,Sep,,0,0,199.7,170,2-3h,193.0625,1.3156361281968274,302.0769230769231,3.0,2.4,7,,3850351,,0,"Newport County, Swansea City",1,1,16.3,14.3,0.0,0.0,0.0,8.9,22.7,37.0,1.0,0.0,Clear,12-17°C,Calm (<25 km/h gusts),0.0
2022-2023,2022-09-17,Saturday,14:30,Sat afternoon,Flint Town United,Bala Town,North,North,North-North,537.0,footballwebpages,1.0,1.0,Sep,,0,0,63.2,65,1-2h,376.3333333333333,1.4269264836138176,263.6666666666667,4.0,1.8,7,,3850352,,0,,0,1,14.2,10.3,0.0,0.0,0.0,19.7,35.6,96.0,3.0,0.0,"Dry, overcast",7-12°C,Breezy (25-40),0.0
2022-2023,2022-09-17,Saturday,14:30,Sat afternoon,Pontypridd United,Airbus UK Broughton,South,North,North-South,,,1.0,0.0,Sep,,0,0,223.7,194,>3h,301.64285714285717,,226.92857142857144,11.0,0.6,7,,3850354,,0,"Newport County, Swansea City",1,1,16.0,13.8,0.0,0.0,0.0,9.8,23.8,38.0,1.0,0.0,Clear,12-17°C,Calm (<25 km/h gusts),0.0
2022-2023,2022-09-17,Saturday,17:15,Sat evening,Newtown AFC,Penybont FC,Mid,South,Mid-South,251.0,footballwebpages,2.0,3.0,Sep,,0,0,172.5,154,2-3h,295.1875,0.8503070082574635,364.0,9.0,1.4,7,,3850353,,0,"Newport County, Swansea City",1,1,15.0,12.2,0.0,0.0,0.0,12.3,25.6,93.0,3.0,0.0,"Dry, overcast",12-17°C,Breezy (25-40),0.0
2022-2023,2022-09-23,Friday,19:45,Fri evening,Airbus UK Broughton,Newtown AFC,North,Mid,Mid-North,214.0,footballwebpages,4.0,4.0,Sep,,0,0,92.1,80,1-2h,226.92857142857144,0.9430280138495436,295.1875,12.0,0.0,8,,3850362,,0,,0,0,13.2,11.6,0.0,0.0,0.0,10.5,25.9,18.0,0.0,0.0,Clear,7-12°C,Breezy (25-40),0.0
2022-2023,2022-09-23,Friday,19:45,Fri evening,Penybont FC,Aberystwyth Town,South,Mid,Mid-South,506.0,footballwebpages,3.0,1.0,Sep,,0,0,147.2,139,2-3h,364.0,1.39010989010989,364.875,3.0,1.8,8,,3850364,,0,,0,0,14.9,12.5,0.0,0.0,0.0,13.8,28.1,99.0,3.0,0.0,"Dry, overcast",12-17°C,Breezy (25-40),0.0
2022-2023,2022-09-24,Saturday,14:30,Sat afternoon,Bala Town,Cardiff Metropolitan University,North,South,North-South,238.0,footballwebpages,2.0,0.0,Sep,,0,0,213.3,202,>3h,263.6666666666667,0.9026548672566372,193.0625,7.0,1.6,8,,3850365,,0,Wrexham,1,1,12.7,10.1,0.0,0.0,0.0,11.5,27.7,28.0,1.0,0.30000000000000004,Drizzle,7-12°C,Breezy (25-40),0.0
2022-2023,2022-09-24,Saturday,14:30,Sat afternoon,Connah's Quay Nomads,Pontypridd United,North,South,North-South,236.0,footballwebpages,1.0,0.0,Sep,,0,0,239.8,210,>3h,259.0,0.9111969111969112,301.64285714285717,7.0,1.8,8,,3850366,,0,Wrexham,1,1,14.4,12.0,0.2,0.2,0.0,12.3,24.8,71.0,51.0,0.2,Drizzle,7-12°C,Calm (<25 km/h gusts),0.0
2022-2023,2022-09-24,Saturday,14:30,Sat afternoon,Haverfordwest County,Flint Town United,South,North,North-South,297.0,footballwebpages,1.0,1.0,Sep,,0,0,286.4,239,>3h,388.6,0.7642820380854348,376.3333333333333,9.0,0.8,8,,3850367,,0,Newport County,1,1,13.4,10.2,0.0,0.0,0.0,18.0,34.2,100.0,3.0,0.1,"Dry, overcast",7-12°C,Breezy (25-40),0.0
2022-2023,2022-09-27,Tuesday,19:45,Midweek,Caernarfon Town,Connah's Quay Nomads,North,North,North-North,489.0,footballwebpages,0.0,2.0,Sep,,0,0,97.5,78,1-2h,485.125,1.0079876320535943,259.0,3.0,2.4,9,,3850357,,0,,0,0,10.7,8.0,0.0,0.0,0.0,13.3,32.4,29.0,1.0,0.1,Clear,7-12°C,Breezy (25-40),0.0
2022-2023,2022-09-27,Tuesday,19:45,Midweek,The New Saints,Flint Town United,North,North,North-North,201.0,footballwebpages,6.0,2.0,Sep,,0,0,58.8,48,<1h,302.0769230769231,0.6653934300993124,376.3333333333333,1.0,3.0,9,,3850358,,0,,0,0,9.7,6.3,0.0,0.0,0.0,16.2,32.4,37.0,1.0,0.1,Clear,2-7°C,Breezy (25-40),0.0
2022-2023,2022-09-27,Tuesday,19:45,Midweek,Haverfordwest County,Cardiff Metropolitan University,South,South,South-South,403.0,footballwebpages,1.0,0.0,Sep,,0,0,155.7,125,2-3h,388.6,1.0370560988162634,193.0625,8.0,0.8,9,,3850359,,0,,0,0,11.2,8.9,0.9,0.9,0.0,14.6,27.0,100.0,53.0,3.6,Rain,7-12°C,Breezy (25-40),1.0
2022-2023,2022-09-27,Tuesday,19:45,Midweek,Newtown AFC,Bala Town,Mid,North,Mid-North,171.0,footballwebpages,0.0,2.0,Sep,,0,0,77.9,76,1-2h,295.1875,0.5792928223586703,263.6666666666667,9.0,1.4,9,,3850360,,0,,0,0,10.2,7.5,0.0,0.0,0.0,12.9,32.8,61.0,2.0,0.0,"Dry, overcast",7-12°C,Breezy (25-40),0.0
2022-2023,2022-09-27,Tuesday,19:45,Midweek,Penybont FC,Pontypridd United,South,South,South-South,,,1.0,1.0,Sep,,0,1,33.8,37,<1h,364.0,,301.64285714285717,2.0,2.4,9,,3850361,,0,,0,0,11.9,8.3,0.0,0.0,0.0,21.2,42.1,100.0,3.0,0.0,"Dry, overcast",7-12°C,Windy (40-55),0.0
2022-2023,2022-09-27,Tuesday,20:00,Midweek,Aberystwyth Town,Airbus UK Broughton,Mid,North,Mid-North,342.0,footballwebpages,2.0,1.0,Sep,,0,0,158.8,137,2-3h,364.875,0.9373072970195272,226.92857142857144,11.0,0.6,9,,3850356,,0,,0,0,11.1,8.0,0.1,0.1,0.0,17.9,32.4,75.0,51.0,0.30000000000000004,Drizzle,7-12°C,Breezy (25-40),0.0
2022-2023,2022-09-30,Friday,19:45,Fri evening,Airbus UK Broughton,Bala Town,North,North,North-North,299.0,footballwebpages,0.0,6.0,Sep,,0,0,57.3,60,1-2h,226.92857142857144,1.3175952156122128,263.6666666666667,12.0,0.2,10,,3850368,,0,,0,0,14.8,13.5,0.1,0.1,0.0,14.0,24.1,40.0,51.0,3.5,Rain,12-17°C,Calm (<25 km/h gusts),1.0
2022-2023,2022-09-30,Friday,19:45,Fri evening,The New Saints,Newtown AFC,North,Mid,Mid-North,217.0,footballwebpages,4.0,1.0,Sep,,0,0,51.5,50,<1h,302.0769230769231,0.7183600713012477,295.1875,1.0,3.0,10,,3850369,,0,,0,0,14.2,13.1,0.0,0.0,0.0,13.4,27.4,84.0,3.0,1.7000000000000002,Rain,12-17°C,Breezy (25-40),1.0
2022-2023,2022-10-01,Saturday,14:30,Sat afternoon,Cardiff Metropolitan University,Aberystwyth Town,South,Mid,Mid-South,140.0,footballwebpages,2.0,1.0,Oct,,0,0,166.9,156,2-3h,193.0625,0.7251537714470703,364.875,6.0,1.2,10,,3850370,,0,Cardiff City,1,1,17.0,13.6,0.2,0.2,0.0,23.3,45.0,36.0,51.0,0.30000000000000004,Drizzle,12-17°C,Windy (40-55),0.0
2022-2023,2022-10-01,Saturday,14:30,Sat afternoon,Connah's Quay Nomads,Haverfordwest County,North,South,North-South,213.0,footballwebpages,1.0,0.0,Oct,,0,0,244.6,240,>3h,259.0,0.8223938223938224,388.6,4.0,2.4,10,,3850371,,0,,0,1,16.6,13.0,0.1,0.1,0.0,22.7,41.4,32.0,51.0,0.1,Clear,12-17°C,Windy (40-55),0.0
2022-2023,2022-10-01,Saturday,14:30,Sat afternoon,Flint Town United,Penybont FC,North,South,North-South,261.0,footballwebpages,1.0,1.0,Oct,,0,0,288.6,237,>3h,376.3333333333333,0.6935341009743136,364.0,8.0,1.0,10,,3850372,,0,,0,1,16.6,13.0,0.1,0.1,0.0,22.7,41.4,32.0,51.0,0.1,Clear,12-17°C,Windy (40-55),0.0
2022-2023,2022-10-01,Saturday,14:30,Sat afternoon,Pontypridd United,Caernarfon Town,South,North,North-South,218.0,footballwebpages,3.0,1.0,Oct,,0,0,251.6,225,>3h,301.64285714285717,0.7227089746625621,485.125,11.0,0.8,10,,3850373,,0,Cardiff City,1,1,16.4,13.0,0.1,0.1,0.0,23.8,47.2,26.0,51.0,0.1,Clear,12-17°C,Windy (40-55),0.0
2022-2023,2022-10-14,Friday,19:45,Fri evening,Caernarfon Town,Flint Town United,North,North,North-North,627.0,footballwebpages,2.0,0.0,Oct,,0,0,91.7,71,1-2h,485.125,1.2924503993816028,376.3333333333333,6.0,1.2,11,,3867761,,0,,0,0,11.5,10.0,0.1,0.1,0.0,10.3,23.8,26.0,51.0,1.3,Rain,7-12°C,Calm (<25 km/h gusts),1.0
2022-2023,2022-10-14,Friday,19:45,Fri evening,Pontypridd United,Newtown AFC,South,Mid,Mid-South,350.0,footballwebpages,1.0,4.0,Oct,,0,0,134.3,125,2-3h,301.64285714285717,1.1603125739995264,295.1875,9.0,1.4,11,,3867762,,0,,0,0,11.5,10.3,0.0,0.0,0.0,9.0,23.0,85.0,3.0,0.0,"Dry, overcast",7-12°C,Calm (<25 km/h gusts),0.0
2022-2023,2022-10-14,Friday,20:00,Fri evening,Aberystwyth Town,Haverfordwest County,Mid,South,Mid-South,401.0,footballwebpages,2.0,1.0,Oct,,0,0,103.9,98,1-2h,364.875,1.0990065090784515,388.6,11.0,1.2,11,,3867760,,0,,0,0,12.1,11.4,0.0,0.0,0.0,7.5,19.1,96.0,3.0,1.7000000000000002,Rain,7-12°C,Calm (<25 km/h gusts),1.0
2022-2023,2022-10-15,Saturday,14:30,Sat afternoon,Airbus UK Broughton,Penybont FC,North,South,North-South,153.0,footballwebpages,0.0,3.0,Oct,,0,0,272.5,223,>3h,226.92857142857144,0.6742209631728046,364.0,12.0,0.2,11,,3867763,,0,,0,1,13.3,9.3,0.1,0.1,0.0,21.1,47.9,62.0,51.0,0.1,"Dry, overcast",7-12°C,Windy (40-55),0.0
2022-2023,2022-10-15,Saturday,14:30,Sat afternoon,Bala Town,The New Saints,North,North,North-North,339.0,footballwebpages,0.0,5.0,Oct,,0,0,54.3,50,<1h,263.6666666666667,1.2857142857142856,302.0769230769231,4.0,2.6,11,,3867764,,0,,0,1,9.4,5.3,1.2,1.2,0.0,23.2,56.9,100.0,55.0,1.2,Rain,2-7°C,Gale (55+),1.0
2022-2023,2022-10-15,Saturday,14:30,Sat afternoon,Connah's Quay Nomads,Cardiff Metropolitan University,North,South,North-South,166.0,footballwebpages,2.0,0.0,Oct,,0,0,255.8,216,>3h,259.0,0.640926640926641,193.0625,3.0,2.4,11,,3867765,,0,,0,1,12.8,8.5,0.1,0.1,0.0,23.2,44.6,89.0,51.0,0.1,"Dry, overcast",7-12°C,Windy (40-55),0.0
2022-2023,2022-10-21,Friday,19:45,Fri evening,Caernarfon Town,Aberystwyth Town,North,Mid,Mid-North,674.0,footballwebpages,2.0,1.0,Oct,,0,0,125.1,119,1-2h,485.125,1.3893326462251996,364.875,5.0,1.8,12,,3867766,,0,,0,0,13.8,12.4,0.0,0.0,0.0,11.9,23.8,89.0,3.0,0.0,"Dry, overcast",12-17°C,Calm (<25 km/h gusts),0.0
2022-2023,2022-10-22,Saturday,14:30,Sat afternoon,Haverfordwest County,Bala Town,South,North,North-South,310.0,footballwebpages,1.0,4.0,Oct,,0,0,180.8,175,2-3h,388.6,0.7977354606278949,263.6666666666667,9.0,0.8,12,,3867768,,0,Newport County,1,1,15.2,12.9,0.4,0.4,0.0,19.8,38.9,100.0,51.0,0.6000000000000001,Drizzle,12-17°C,Breezy (25-40),0.0
2022-2023,2022-10-22,Saturday,14:30,Sat afternoon,Newtown AFC,Cardiff Metropolitan University,Mid,South,Mid-South,212.0,footballwebpages,0.0,1.0,Oct,,0,0,150.8,144,2-3h,295.1875,0.7181875926318019,193.0625,10.0,0.8,12,,3867769,,0,Newport County,1,1,15.5,13.2,0.0,0.0,0.0,16.7,43.6,100.0,3.0,0.0,"Dry, overcast",12-17°C,Windy (40-55),0.0
2022-2023,2022-10-22,Saturday,14:30,Sat afternoon,Penybont FC,Connah's Quay Nomads,South,North,North-South,349.0,footballwebpages,0.0,1.0,Oct,,0,0,287.2,239,>3h,364.0,0.9587912087912088,259.0,4.0,2.2,12,,3867770,,0,Newport County,1,1,15.9,14.6,0.1,0.1,0.0,15.5,31.3,100.0,51.0,0.1,"Dry, overcast",12-17°C,Breezy (25-40),0.0
2022-2023,2022-10-22,Saturday,14:30,Sat afternoon,The New Saints,Pontypridd United,North,South,North-South,,,2.0,0.0,Oct,,0,0,183.3,164,2-3h,302.0769230769231,,301.64285714285717,1.0,3.0,12,,3867771,,0,,0,1,15.5,12.4,0.0,0.0,0.0,21.6,45.7,100.0,3.0,0.0,"Dry, overcast",12-17°C,Windy (40-55),0.0
2022-2023,2022-10-22,Saturday,17:15,Sat evening,Flint Town United,Airbus UK Broughton,North,North,North-North,,,1.0,0.0,Oct,,0,1,18.3,21,<1h,376.3333333333333,,226.92857142857144,7.0,0.6,12,,3867767,,0,,0,1,15.3,13.8,0.0,0.0,0.0,12.1,21.6,100.0,3.0,0.0,"Dry, overcast",12-17°C,Calm (<25 km/h gusts),0.0
2022-2023,2022-10-25,Tuesday,19:45,Midweek,The New Saints,Caernarfon Town,North,North,North-North,332.0,footballwebpages,3.0,0.0,Oct,,0,0,145.4,108,1-2h,302.0769230769231,1.0990578049401578,485.125,1.0,3.0,8,,3850363,,0,Wrexham,1,1,12.4,10.6,0.2,0.2,0.0,14.5,28.8,100.0,51.0,0.2,Drizzle,7-12°C,Breezy (25-40),0.0
2022-2023,2022-10-28,Friday,19:45,Fri evening,Connah's Quay Nomads,Newtown AFC,North,Mid,Mid-North,323.0,footballwebpages,3.0,1.0,Oct,,0,0,108.0,96,1-2h,259.0,1.247104247104247,295.1875,2.0,3.0,13,,3867755,,0,,0,0,12.6,10.6,0.0,0.0,0.0,12.3,22.0,53.0,2.0,0.0,"Dry, overcast",7-12°C,Calm (<25 km/h gusts),0.0
2022-2023,2022-10-28,Friday,20:00,Fri evening,Aberystwyth Town,Flint Town United,Mid,North,Mid-North,332.0,footballwebpages,2.0,1.0,Oct,,0,0,141.5,143,2-3h,364.875,0.9099006509078452,376.3333333333333,8.0,1.2,13,,3867754,,0,,0,0,13.3,11.1,0.0,0.0,0.0,18.4,35.3,100.0,3.0,0.0,"Dry, overcast",7-12°C,Breezy (25-40),0.0
2022-2023,2022-10-29,Saturday,14:30,Sat afternoon,Airbus UK Broughton,Pontypridd United,North,South,North-South,151.0,footballwebpages,0.0,4.0,Oct,,0,0,224.0,195,>3h,226.92857142857144,0.665407617248977,301.64285714285717,12.0,0.2,13,,3867756,,0,Wrexham,1,1,17.1,15.9,0.8,0.8,0.0,19.5,40.7,100.0,53.0,1.6,Rain,12-17°C,Windy (40-55),1.0
2022-2023,2022-10-29,Saturday,14:30,Sat afternoon,Bala Town,Penybont FC,North,South,North-South,202.0,footballwebpages,1.0,1.0,Oct,,0,0,235.0,212,>3h,263.6666666666667,0.766118836915297,364.0,3.0,2.4,13,,3867757,,0,Wrexham,1,1,15.9,14.3,0.7,0.7,0.0,21.7,52.6,100.0,53.0,1.2999999999999998,Rain,12-17°C,Windy (40-55),1.0
2022-2023,2022-10-29,Saturday,14:30,Sat afternoon,Cardiff Metropolitan University,Caernarfon Town,South,North,North-South,214.0,footballwebpages,0.0,3.0,Oct,,0,0,270.5,244,>3h,193.0625,1.1084493363548074,485.125,6.0,1.2,13,,3867758,,0,Cardiff City,1,1,17.4,14.9,0.0,0.0,0.0,25.6,45.4,100.0,3.0,0.3,Drizzle,12-17°C,Windy (40-55),0.0
2022-2023,2022-10-29,Saturday,14:30,Sat afternoon,Haverfordwest County,The New Saints,South,North,North-South,373.0,footballwebpages,1.0,3.0,Oct,,0,0,228.8,194,>3h,388.6,0.9598558929490478,302.0769230769231,10.0,0.8,13,,3867759,,0,Cardiff City,1,1,15.6,12.8,1.2,1.2,0.0,29.2,58.7,100.0,55.0,1.8,Rain,12-17°C,Gale (55+),1.0
2022-2023,2022-11-04,Friday,19:45,Fri evening,Bala Town,Aberystwyth Town,North,Mid,Mid-North,357.0,footballwebpages,3.0,0.0,Nov,,0,0,79.6,79,1-2h,263.6666666666667,1.3539823008849556,364.875,3.0,2.0,14,,3867772,October half-term,1,,0,0,7.7,4.8,0.0,0.0,0.0,11.6,30.2,100.0,3.0,0.0,"Dry, overcast",2-7°C,Breezy (25-40),0.0
2022-2023,2022-11-05,Saturday,12:30,Sat lunch,Newtown AFC,Airbus UK Broughton,Mid,North,Mid-North,222.0,footballwebpages,2.0,1.0,Nov,,0,0,92.2,81,1-2h,295.1875,0.7520643658691509,226.92857142857144,11.0,0.6,14,,3867775,October half-term,1,Swansea City,1,1,11.8,8.5,0.1,0.1,0.0,23.7,47.2,100.0,51.0,0.2,Drizzle,7-12°C,Windy (40-55),0.0
2022-2023,2022-11-05,Saturday,14:30,Sat afternoon,Caernarfon Town,Penybont FC,North,South,North-South,381.0,footballwebpages,0.0,2.0,Nov,,0,0,289.8,254,>3h,485.125,0.7853645967534141,364.0,4.0,1.8,14,,3867773,October half-term,1,,0,1,13.2,10.6,3.5,3.5,0.0,23.4,55.1,100.0,63.0,5.0,Heavy rain,7-12°C,Gale (55+),1.0
2022-2023,2022-11-05,Saturday,14:30,Sat afternoon,Flint Town United,Haverfordwest County,North,South,North-South,312.0,footballwebpages,0.0,1.0,Nov,,0,0,244.2,238,>3h,376.3333333333333,0.8290522586359611,388.6,7.0,0.8,14,,3867774,October half-term,1,,0,1,13.6,11.4,0.2,0.2,0.0,17.3,35.6,100.0,51.0,3.7,Rain,7-12°C,Breezy (25-40),1.0
2022-2023,2022-11-05,Saturday,17:15,Sat evening,The New Saints,Cardiff Metropolitan University,North,South,North-South,425.0,footballwebpages,4.0,0.0,Nov,,0,0,199.3,169,2-3h,302.0769230769231,1.406926406926407,193.0625,1.0,3.0,14,,3867776,October half-term,1,,0,1,12.7,11.5,0.0,0.0,0.0,9.7,35.6,13.0,0.0,0.0,Clear,7-12°C,Breezy (25-40),0.0
2022-2023,2022-11-06,Sunday,14:30,Sun afternoon,Pontypridd United,Connah's Quay Nomads,South,North,North-South,248.0,footballwebpages,0.0,5.0,Nov,,0,0,238.3,209,>3h,301.64285714285717,0.8221643381482358,259.0,11.0,1.4,14,,3867777,October half-term,1,,0,0,11.6,8.7,0.1,0.1,0.0,20.2,42.8,100.0,51.0,3.6,Rain,7-12°C,Windy (40-55),1.0
2022-2023,2022-11-18,Friday,19:45,Fri evening,Connah's Quay Nomads,Caernarfon Town,North,North,North-North,269.0,footballwebpages,3.0,3.0,Nov,,0,0,98.9,81,1-2h,259.0,1.0386100386100383,485.125,2.0,3.0,15,,3867797,,0,,0,0,8.0,3.9,0.1,0.1,0.0,20.1,37.8,89.0,51.0,0.2,Drizzle,2-7°C,Breezy (25-40),0.0
2022-2023,2022-11-18,Friday,20:00,Fri evening,Aberystwyth Town,Pontypridd United,Mid,South,Mid-South,312.0,footballwebpages,2.0,1.0,Nov,,0,0,148.2,138,2-3h,364.875,0.8550873586844809,301.64285714285717,8.0,1.2,15,,3867796,,0,,0,0,8.1,4.8,0.0,0.0,0.0,13.6,27.4,49.0,1.0,0.2,Drizzle,2-7°C,Breezy (25-40),0.0
2022-2023,2022-11-19,Saturday,14:30,Sat afternoon,Airbus UK Broughton,Haverfordwest County,North,South,North-South,173.0,footballwebpages,1.0,2.0,Nov,,0,0,269.3,225,>3h,226.92857142857144,0.7623544224110796,388.6,12.0,0.0,15,,3867798,,0,Wrexham,1,1,10.3,8.2,0.0,0.0,0.0,4.7,13.3,98.0,3.0,0.0,"Dry, overcast",7-12°C,Calm (<25 km/h gusts),0.0
2022-2023,2022-11-19,Saturday,14:30,Sat afternoon,Cardiff Metropolitan University,Bala Town,South,North,North-South,135.0,footballwebpages,1.0,0.0,Nov,,0,0,215.7,202,>3h,193.0625,0.6992554224668177,263.6666666666667,7.0,1.2,15,,3867799,,0,Newport County,1,1,10.1,7.7,0.0,0.0,0.0,8.2,17.6,100.0,3.0,0.0,"Dry, overcast",7-12°C,Calm (<25 km/h gusts),0.0
2022-2023,2022-11-19,Saturday,14:30,Sat afternoon,Flint Town United,Newtown AFC,North,Mid,Mid-North,285.0,footballwebpages,1.0,4.0,Nov,,0,0,108.3,94,1-2h,376.3333333333333,0.7573073516386183,295.1875,9.0,0.8,15,,3867800,,0,Wrexham,1,1,10.0,7.5,0.0,0.0,0.0,6.7,14.8,100.0,3.0,0.0,"Dry, overcast",7-12°C,Calm (<25 km/h gusts),0.0
2022-2023,2022-11-19,Saturday,17:15,Sat evening,Penybont FC,The New Saints,South,North,North-South,371.0,footballwebpages,0.0,0.0,Nov,,0,0,231.9,193,>3h,364.0,1.0192307692307692,302.0769230769231,4.0,1.6,15,,3867801,,0,Newport County,1,1,9.1,6.0,0.0,0.0,0.0,11.9,19.4,100.0,3.0,0.0,"Dry, overcast",2-7°C,Calm (<25 km/h gusts),0.0
2022-2023,2022-12-02,Friday,19:45,Fri evening,Airbus UK Broughton,Connah's Quay Nomads,North,North,North-North,244.0,footballwebpages,1.0,2.0,Dec,,0,1,16.3,22,<1h,226.92857142857144,1.0752282027069564,259.0,12.0,0.0,16,,3867784,,0,,0,0,3.0,0.2,0.0,0.0,0.0,7.2,8.6,50.0,2.0,0.0,"Dry, overcast",Under 2°C,Calm (<25 km/h gusts),0.0
2022-2023,2022-12-02,Friday,19:45,Fri evening,Bala Town,Flint Town United,North,North,North-North,201.0,footballwebpages,1.0,0.0,Dec,,0,0,63.3,65,1-2h,263.6666666666667,0.7623261694058153,376.3333333333333,4.0,1.4,16,,3867785,,0,,0,0,4.7,2.2,0.0,0.0,0.0,7.4,18.7,100.0,3.0,0.0,"Dry, overcast",2-7°C,Calm (<25 km/h gusts),0.0
2022-2023,2022-12-02,Friday,19:45,Fri evening,Caernarfon Town,Newtown AFC,North,Mid,Mid-North,381.0,footballwebpages,2.0,3.0,Dec,,0,0,132.9,120,2-3h,485.125,0.7853645967534141,295.1875,5.0,1.4,16,,3867786,,0,,0,0,6.1,3.5,0.0,0.0,0.0,8.2,15.5,99.0,3.0,0.0,"Dry, overcast",2-7°C,Calm (<25 km/h gusts),0.0
2022-2023,2022-12-02,Friday,19:45,Fri evening,Haverfordwest County,Penybont FC,South,South,South-South,373.0,footballwebpages,2.0,1.0,Dec,,0,0,123.9,98,1-2h,388.6,0.9598558929490478,364.0,9.0,1.2,16,,3867787,,0,,0,0,2.9,-0.3,0.0,0.0,0.0,9.7,17.3,56.0,2.0,0.0,"Dry, overcast",Under 2°C,Calm (<25 km/h gusts),0.0
2022-2023,2022-12-02,Friday,19:45,Fri evening,Pontypridd United,Cardiff Metropolitan University,South,South,South-South,232.0,footballwebpages,0.0,1.0,Dec,,0,1,18.9,28,<1h,301.64285714285717,0.7691214776225431,193.0625,11.0,0.6,16,,3867788,,0,,0,0,3.8,-0.1,0.0,0.0,0.0,15.5,29.2,100.0,3.0,0.0,"Dry, overcast",Under 2°C,Breezy (25-40),0.0
2022-2023,2022-12-02,Friday,19:45,Fri evening,The New Saints,Aberystwyth Town,North,Mid,Mid-North,302.0,footballwebpages,11.0,0.0,Dec,,0,0,118.1,106,1-2h,302.0769230769231,0.9997453526865292,364.875,1.0,2.6,16,,3867789,,0,,0,0,3.4,0.5,0.0,0.0,0.0,8.4,16.2,60.0,2.0,0.0,"Dry, overcast",Under 2°C,Calm (<25 km/h gusts),0.0
2022-2023,2022-12-10,Saturday,13:00,Sat lunch,Flint Town United,Cardiff Metropolitan University,North,South,North-South,172.0,footballwebpages,1.0,1.0,Dec,,0,0,256.1,214,>3h,376.3333333333333,0.4570416297608503,193.0625,10.0,0.6,17,,3867804,,0,,0,1,2.6,-0.2,1.0,0.4,0.42,5.1,16.2,100.0,73.0,1.0,Snow,Under 2°C,Calm (<25 km/h gusts),1.0
2022-2023,2022-12-11,Sunday,14:30,Sun afternoon,Newtown AFC,Haverfordwest County,Mid,South,Mid-South,171.0,footballwebpages,2.0,0.0,Dec,,0,0,179.9,156,2-3h,295.1875,0.5792928223586703,388.6,8.0,1.8,17,,3867805,,0,,0,0,1.4,-2.1,0.0,0.0,0.0,9.7,19.8,66.0,2.0,0.1,"Dry, overcast",Under 2°C,Calm (<25 km/h gusts),0.0
2022-2023,2022-12-16,Friday,19:45,Fri evening,Cardiff Metropolitan University,Haverfordwest County,South,South,South-South,192.0,footballwebpages,2.0,0.0,Dec,,0,0,158.6,125,2-3h,193.0625,0.9944966008416964,388.6,5.0,1.4,18,,3867793,,0,,0,0,-2.6,-6.3,0.0,0.0,0.0,8.4,10.4,100.0,3.0,0.0,"Dry, overcast",Under 2°C,Calm (<25 km/h gusts),0.0
2022-2023,2022-12-16,Friday,19:45,Fri evening,Newtown AFC,Pontypridd United,Mid,South,Mid-South,171.0,footballwebpages,4.0,2.0,Dec,,0,0,134.5,125,2-3h,295.1875,0.5792928223586703,301.64285714285717,6.0,2.4,18,,3867794,,0,,0,0,-0.4,-4.7,0.0,0.0,0.0,13.4,27.4,1.0,0.0,0.0,Clear,Under 2°C,Breezy (25-40),0.0
2022-2023,2022-12-20,Tuesday,19:45,Midweek,Connah's Quay Nomads,Aberystwyth Town,North,Mid,Mid-North,198.0,footballwebpages,3.0,0.0,Dec,,0,0,142.6,144,2-3h,259.0,0.7644787644787645,364.875,2.0,2.6,17,,3867803,Christmas,1,,0,0,6.3,2.8,0.0,0.0,0.0,13.4,24.1,88.0,3.0,0.0,"Dry, overcast",2-7°C,Calm (<25 km/h gusts),0.0
2022-2023,2022-12-22,Thursday,19:45,Midweek,Cardiff Metropolitan University,Newtown AFC,South,Mid,Mid-South,131.0,footballwebpages,2.0,1.0,Dec,,0,0,153.2,143,2-3h,193.0625,0.6785367432826157,295.1875,3.0,2.0,19,,3867778,Christmas,1,,0,0,10.0,7.5,0.0,0.0,0.0,14.0,25.6,30.0,1.0,0.0,Clear,7-12°C,Breezy (25-40),0.0
2022-2023,2022-12-23,Friday,19:45,Fri evening,Bala Town,Airbus UK Broughton,North,North,North-North,179.0,footballwebpages,2.0,1.0,Dec,,0,0,55.7,60,1-2h,263.6666666666667,0.6788874841972187,226.92857142857144,4.0,2.0,19,,3867779,Christmas,1,,0,0,8.0,4.5,0.0,0.0,0.0,20.3,54.0,100.0,3.0,0.30000000000000004,Drizzle,2-7°C,Windy (40-55),0.0
2022-2023,2022-12-23,Friday,19:45,Fri evening,Connah's Quay Nomads,The New Saints,North,North,North-North,288.0,footballwebpages,1.0,1.0,Dec,,0,0,57.9,50,<1h,259.0,1.111969111969112,302.0769230769231,2.0,2.6,19,,3867780,Christmas,1,,0,0,8.7,5.4,0.1,0.1,0.0,15.9,28.8,14.0,51.0,1.0,Rain,2-7°C,Breezy (25-40),1.0
2022-2023,2022-12-23,Friday,19:45,Fri evening,Flint Town United,Caernarfon Town,North,North,North-North,361.0,footballwebpages,2.0,1.0,Dec,,0,0,92.9,73,1-2h,376.3333333333333,0.95925597874225,485.125,10.0,0.2,19,,3867781,Christmas,1,,0,0,8.7,5.4,0.1,0.1,0.0,15.9,28.8,14.0,51.0,1.0,Rain,2-7°C,Breezy (25-40),1.0
2022-2023,2022-12-23,Friday,19:45,Fri evening,Haverfordwest County,Aberystwyth Town,South,Mid,Mid-South,346.0,footballwebpages,3.0,1.0,Dec,,0,0,103.9,99,1-2h,388.6,0.8903757076685538,364.875,8.0,1.8,19,,3867782,Christmas,1,,0,0,8.9,5.6,0.4,0.4,0.0,17.5,34.9,88.0,51.0,0.6000000000000001,Drizzle,2-7°C,Breezy (25-40),0.0
2022-2023,2022-12-23,Friday,19:45,Fri evening,Pontypridd United,Penybont FC,South,South,South-South,337.0,footballwebpages,0.0,1.0,Dec,,0,1,33.7,36,<1h,301.64285714285717,1.117215249822401,364.0,11.0,0.6,19,,3867783,Christmas,1,,0,0,8.5,4.3,0.0,0.0,0.0,24.3,49.0,98.0,3.0,0.0,"Dry, overcast",2-7°C,Windy (40-55),0.0
2022-2023,2022-12-26,Monday,14:30,Midweek,Aberystwyth Town,Newtown AFC,Mid,Mid,Mid-Mid,451.0,footballwebpages,1.0,2.0,Dec,Christmas/New Year,0,0,68.3,66,1-2h,364.875,1.236039739636862,295.1875,10.0,0.6,20,,3867808,Christmas,1,Cardiff City,1,1,6.3,2.1,2.2,1.0,0.84,18.4,45.7,32.0,75.0,2.9000000000000004,Snow,2-7°C,Windy (40-55),1.0
2022-2023,2022-12-26,Monday,14:30,Midweek,Caernarfon Town,Bala Town,North,North,North-North,582.0,footballwebpages,1.0,5.0,Dec,Christmas/New Year,0,0,74.4,66,1-2h,485.125,1.1996908013398608,263.6666666666667,8.0,0.8,20,,3867809,Christmas,1,Wrexham,1,1,6.0,0.7,0.7,0.6,0.07,23.7,48.6,19.0,71.0,0.8999999999999999,Snow,Under 2°C,Windy (40-55),0.0
2022-2023,2022-12-26,Monday,14:30,Midweek,Connah's Quay Nomads,Flint Town United,North,North,North-North,368.0,footballwebpages,2.0,0.0,Dec,Christmas/New Year,0,1,5.4,12,<1h,259.0,1.420849420849421,376.3333333333333,2.0,2.2,20,,3867810,Christmas,1,Wrexham,1,1,6.4,1.5,0.0,0.0,0.0,20.4,35.3,6.0,0.0,0.0,Clear,Under 2°C,Breezy (25-40),0.0
2022-2023,2022-12-26,Monday,14:30,Midweek,Penybont FC,Cardiff Metropolitan University,South,South,South-South,296.0,footballwebpages,1.0,3.0,Dec,Christmas/New Year,0,1,37.0,43,<1h,364.0,0.8131868131868132,193.0625,6.0,1.6,20,,3867811,Christmas,1,Cardiff City,1,1,6.1,1.8,0.5,0.5,0.0,18.1,46.8,3.0,53.0,0.5,Drizzle,Under 2°C,Windy (40-55),0.0
2022-2023,2022-12-26,Monday,14:30,Midweek,Pontypridd United,Haverfordwest County,South,South,South-South,173.0,footballwebpages,3.0,2.0,Dec,Christmas/New Year,0,0,155.7,118,1-2h,301.64285714285717,0.5735259294340516,388.6,11.0,0.0,20,,3867812,Christmas,1,Cardiff City,1,1,6.0,2.0,0.2,0.2,0.0,15.9,35.3,32.0,51.0,0.2,Drizzle,Under 2°C,Breezy (25-40),0.0
2022-2023,2022-12-26,Monday,14:30,Midweek,The New Saints,Airbus UK Broughton,North,North,North-North,,,7.0,0.0,Dec,Christmas/New Year,0,1,41.8,34,<1h,302.0769230769231,,226.92857142857144,1.0,2.2,20,,3867813,Christmas,1,Wrexham,1,1,5.7,0.9,0.1,0.1,0.0,19.3,38.9,31.0,51.0,0.1,Clear,Under 2°C,Breezy (25-40),0.0
2022-2023,2022-12-30,Friday,17:45,Fri evening,Newtown AFC,Aberystwyth Town,Mid,Mid,Mid-Mid,410.0,footballwebpages,6.0,1.0,Dec,,0,0,68.2,66,1-2h,295.1875,1.3889477027313148,364.875,5.0,2.4,21,,3867816,Christmas,1,"Newport County, Swansea City",1,1,9.0,3.7,0.0,0.0,0.0,29.6,66.2,100.0,3.0,0.0,"Dry, overcast",2-7°C,Gale (55+),0.0
2022-2023,2022-12-30,Friday,19:45,Fri evening,Bala Town,Caernarfon Town,North,North,North-North,505.0,footballwebpages,3.0,0.0,Dec,,0,0,74.4,67,1-2h,263.6666666666667,1.9152970922882424,485.125,4.0,2.4,21,,3867814,Christmas,1,,0,1,7.7,2.9,0.5,0.5,0.0,26.7,70.6,100.0,53.0,0.6,Drizzle,2-7°C,Gale (55+),0.0
2022-2023,2022-12-30,Friday,19:45,Fri evening,Cardiff Metropolitan University,Penybont FC,South,South,South-South,271.0,footballwebpages,0.0,0.0,Dec,,0,1,40.1,43,<1h,193.0625,1.403690514729686,364.0,4.0,2.6,21,,3867815,Christmas,1,"Newport County, Swansea City",1,1,9.2,4.9,0.0,0.0,0.0,24.7,49.7,100.0,3.0,0.0,"Dry, overcast",2-7°C,Windy (40-55),0.0
2022-2023,2022-12-31,Saturday,14:30,Sat afternoon,Airbus UK Broughton,The New Saints,North,North,North-North,,,0.0,8.0,Dec,,0,1,42.0,34,<1h,226.92857142857144,,302.0769230769231,12.0,0.0,21,,3867817,Christmas,1,,0,0,11.0,9.0,0.1,0.1,0.0,12.7,23.0,100.0,51.0,0.4,Drizzle,7-12°C,Calm (<25 km/h gusts),0.0
2022-2023,2022-12-31,Saturday,14:30,Sat afternoon,Flint Town United,Connah's Quay Nomads,North,North,North-North,1050.0,footballwebpages,0.0,0.0,Dec,,0,1,5.3,12,<1h,376.3333333333333,2.7900797165633304,259.0,9.0,0.8,21,,3867818,Christmas,1,,0,0,10.3,8.8,0.4,0.4,0.0,7.6,17.3,100.0,51.0,0.9,Drizzle,7-12°C,Calm (<25 km/h gusts),0.0
2022-2023,2022-12-31,Saturday,14:30,Sat afternoon,Haverfordwest County,Pontypridd United,South,South,South-South,560.0,footballwebpages,1.0,1.0,Dec,,0,0,155.5,118,1-2h,388.6,1.4410705095213587,301.64285714285717,7.0,1.2,21,,3867819,Christmas,1,,0,0,10.5,7.7,0.1,0.1,0.0,18.5,35.6,100.0,51.0,1.4,Rain,7-12°C,Breezy (25-40),1.0
2022-2023,2023-01-03,Tuesday,19:45,Midweek,Caernarfon Town,The New Saints,North,North,North-North,232.0,footballwebpages,0.0,1.0,Jan,,0,0,143.5,105,1-2h,485.125,0.4782272610152022,302.0769230769231,8.0,0.2,17,,3867802,,0,,0,0,11.5,7.0,0.5,0.5,0.0,32.8,62.6,100.0,53.0,1.4,Rain,2-7°C,Gale (55+),1.0
2022-2023,2023-01-03,Tuesday,19:45,Midweek,Penybont FC,Airbus UK Broughton,South,North,North-South,296.0,footballwebpages,2.0,0.0,Jan,,0,0,272.5,223,>3h,364.0,0.8131868131868132,226.92857142857144,6.0,1.0,17,,3867806,,0,,0,0,11.2,5.2,0.9,0.9,0.0,42.3,73.4,100.0,53.0,4.5,Heavy rain,2-7°C,Gale (55+),1.0
2022-2023,2023-01-03,Tuesday,19:45,Midweek,Pontypridd United,Bala Town,South,North,North-South,237.0,footballwebpages,2.0,1.0,Jan,,0,0,196.8,183,>3h,301.64285714285717,0.7856973715368221,263.6666666666667,11.0,0.8,17,,3867807,,0,,0,0,11.4,7.1,1.8,1.8,0.0,30.3,58.3,100.0,61.0,7.7,Heavy rain,7-12°C,Gale (55+),1.0
2022-2023,2023-01-06,Friday,19:45,Fri evening,Flint Town United,Aberystwyth Town,North,Mid,Mid-North,330.0,footballwebpages,1.0,1.0,Jan,,0,0,142.2,142,2-3h,376.3333333333333,0.8768821966341896,364.875,9.0,1.0,6,,3850343,,0,,0,0,8.6,5.0,0.0,0.0,0.0,17.7,30.6,100.0,3.0,0.0,"Dry, overcast",2-7°C,Breezy (25-40),0.0
2022-2023,2023-01-07,Saturday,12:45,Sat lunch,Penybont FC,Caernarfon Town,South,North,North-South,286.0,footballwebpages,5.0,1.0,Jan,,0,0,292.7,255,>3h,364.0,0.7857142857142857,485.125,5.0,1.4,6,,3850347,,0,,0,0,9.9,5.6,0.2,0.2,0.0,25.2,52.9,62.0,51.0,2.4000000000000004,Rain,2-7°C,Windy (40-55),1.0
2022-2023,2023-01-07,Saturday,14:30,Sat afternoon,Bala Town,Pontypridd United,North,South,North-South,186.0,footballwebpages,3.0,0.0,Jan,,0,0,197.0,184,>3h,263.6666666666667,0.7054361567635904,301.64285714285717,3.0,2.4,6,,3850344,,0,,0,0,8.6,4.4,0.1,0.1,0.0,21.9,55.8,49.0,51.0,0.2,Drizzle,2-7°C,Gale (55+),0.0
2022-2023,2023-01-07,Saturday,14:30,Sat afternoon,Newtown AFC,Connah's Quay Nomads,Mid,North,Mid-North,301.0,footballwebpages,0.0,0.0,Jan,,0,0,106.8,96,1-2h,295.1875,1.0196908744442092,259.0,6.0,2.4,6,,3850345,,0,,0,0,9.3,5.4,0.1,0.1,0.0,20.5,46.4,49.0,51.0,0.2,Drizzle,2-7°C,Windy (40-55),0.0
2022-2023,2023-01-07,Saturday,14:30,Sat afternoon,The New Saints,Haverfordwest County,North,South,North-South,340.0,footballwebpages,3.0,1.0,Jan,,0,0,228.7,194,>3h,302.0769230769231,1.1255411255411254,388.6,1.0,2.6,6,,3850346,,0,,0,0,9.2,5.1,0.1,0.1,0.0,21.5,43.2,56.0,51.0,0.2,Drizzle,2-7°C,Windy (40-55),0.0
2022-2023,2023-01-07,Saturday,14:30,Sat afternoon,Airbus UK Broughton,Cardiff Metropolitan University,North,South,North-South,207.0,footballwebpages,0.0,2.0,Jan,,0,0,239.9,200,>3h,226.92857142857144,0.9121813031161472,193.0625,12.0,0.0,6,,3850348,,0,,0,0,10.6,6.8,0.0,0.0,0.0,20.2,36.4,22.0,1.0,0.0,Clear,2-7°C,Breezy (25-40),0.0
2022-2023,2023-01-10,Tuesday,19:45,Midweek,Airbus UK Broughton,Caernarfon Town,North,North,North-North,195.0,footballwebpages,0.0,3.0,Jan,,0,0,105.2,81,1-2h,226.92857142857144,0.8593012275731823,485.125,12.0,0.0,18,,3867791,,0,Wrexham,1,1,13.2,9.5,0.3,0.3,0.0,25.5,46.1,99.0,51.0,0.6000000000000001,Drizzle,7-12°C,Windy (40-55),0.0
2022-2023,2023-01-10,Tuesday,19:45,Midweek,Bala Town,Connah's Quay Nomads,North,North,North-North,198.0,footballwebpages,0.0,0.0,Jan,,0,0,63.7,67,1-2h,263.6666666666667,0.7509481668773703,259.0,3.0,2.4,18,,3867792,,0,Wrexham,1,1,11.1,6.6,2.0,2.0,0.0,32.6,86.8,100.0,61.0,4.5,Heavy rain,2-7°C,Gale (55+),1.0
2022-2023,2023-01-10,Tuesday,19:45,Midweek,Flint Town United,The New Saints,North,North,North-North,,,1.0,8.0,Jan,,0,0,58.2,48,<1h,376.3333333333333,,302.0769230769231,9.0,1.2,18,,3940045,,0,Wrexham,1,1,13.1,8.7,0.2,0.2,0.0,29.7,49.7,100.0,51.0,0.6000000000000001,Drizzle,7-12°C,Windy (40-55),0.0
2022-2023,2023-01-10,Tuesday,20:00,Midweek,Aberystwyth Town,Penybont FC,Mid,South,Mid-South,187.0,footballwebpages,0.0,3.0,Jan,,0,0,147.7,140,2-3h,364.875,0.5125042822884549,364.0,11.0,0.2,18,,3867790,,0,,0,1,11.2,6.7,1.2,1.2,0.0,30.8,74.2,95.0,55.0,4.0,Heavy rain,2-7°C,Gale (55+),1.0
2022-2023,2023-01-21,Saturday,17:15,Sat evening,Aberystwyth Town,Caernarfon Town,Mid,North,Mid-North,344.0,footballwebpages,2.0,1.0,Jan,,0,0,124.4,119,1-2h,364.875,0.9427886262418635,485.125,11.0,0.2,22,,3867820,,0,Cardiff City,1,1,3.2,-0.9,0.0,0.0,0.0,13.8,28.8,97.0,3.0,0.0,"Dry, overcast",Under 2°C,Breezy (25-40),0.0
2022-2023,2023-01-21,Saturday,17:15,Sat evening,Cardiff Metropolitan University,Airbus UK Broughton,South,North,North-South,148.0,footballwebpages,3.0,1.0,Jan,,0,0,240.3,200,>3h,193.0625,0.7665911298154743,226.92857142857144,5.0,2.6,22,,3867821,,0,Cardiff City,1,1,2.0,-1.0,0.0,0.0,0.0,5.5,14.0,32.0,1.0,0.0,Clear,Under 2°C,Calm (<25 km/h gusts),0.0
2022-2023,2023-01-21,Saturday,17:15,Sat evening,Flint Town United,Pontypridd United,North,South,North-South,,,4.0,1.0,Jan,,0,0,240.2,208,>3h,376.3333333333333,,301.64285714285717,10.0,1.0,22,,3867822,,0,,0,1,1.8,-3.2,0.0,0.0,0.0,18.5,32.8,60.0,2.0,0.0,"Dry, overcast",Under 2°C,Breezy (25-40),0.0
2022-2023,2023-01-28,Saturday,15:00,Sat afternoon,Penybont FC,Newtown AFC,South,Mid,Mid-South,359.0,footballwebpages,3.0,0.0,Jan,,0,0,175.4,154,2-3h,364.0,0.9862637362637364,295.1875,5.0,2.0,22,,3867824,,0,,0,0,5.5,2.0,0.0,0.0,0.0,12.2,23.0,99.0,3.0,0.0,"Dry, overcast",Under 2°C,Calm (<25 km/h gusts),0.0
2022-2023,2023-01-31,Tuesday,19:45,Midweek,The New Saints,Bala Town,North,North,North-North,357.0,footballwebpages,3.0,0.0,Jan,,0,0,54.7,51,<1h,302.0769230769231,1.1818181818181817,263.6666666666667,1.0,3.0,22,,3867825,,0,,0,0,5.3,0.8,0.0,0.0,0.0,16.9,33.8,4.0,0.0,0.0,Clear,Under 2°C,Breezy (25-40),0.0
2022-2023,2023-01-31,Tuesday,20:15,Midweek,Haverfordwest County,Connah's Quay Nomads,South,North,North-South,417.0,footballwebpages,2.0,1.0,Jan,,0,0,284.1,240,>3h,388.6,1.073082861554297,259.0,8.0,0.8,22,,3867823,,0,,0,0,6.9,2.8,0.0,0.0,0.0,16.0,28.1,81.0,3.0,0.0,"Dry, overcast",2-7°C,Breezy (25-40),0.0
2022-2023,2023-02-11,Saturday,12:45,Sat lunch,Cardiff Metropolitan University,The New Saints,South,North,North-South,173.0,footballwebpages,3.0,2.0,Feb,,0,0,199.7,170,2-3h,193.0625,0.8960828747167368,302.0769230769231,4.0,2.6,23,,4179855,,0,Cardiff City,1,1,9.5,6.8,0.0,0.0,0.0,11.3,22.7,100.0,3.0,0.0,"Dry, overcast",2-7°C,Calm (<25 km/h gusts),0.0
2022-2023,2023-02-11,Saturday,14:30,Sat afternoon,Bala Town,Penybont FC,North,South,North-South,198.0,footballwebpages,0.0,0.0,Feb,,0,0,235.0,212,>3h,263.6666666666667,0.7509481668773703,364.0,5.0,1.4,23,,4179856,,0,Wrexham,1,1,8.4,6.0,0.0,0.0,0.0,9.5,24.5,100.0,3.0,0.2,Drizzle,2-7°C,Calm (<25 km/h gusts),0.0
2022-2023,2023-02-11,Saturday,14:30,Sat afternoon,Newtown AFC,Connah's Quay Nomads,Mid,North,Mid-North,326.0,footballwebpages,1.0,1.0,Feb,,0,0,106.8,96,1-2h,295.1875,1.104382807537582,259.0,6.0,1.4,23,,4179857,,0,Cardiff City,1,1,9.5,6.9,0.0,0.0,0.0,9.8,21.2,100.0,3.0,0.0,"Dry, overcast",2-7°C,Calm (<25 km/h gusts),0.0
2022-2023,2023-02-11,Saturday,14:30,Sat afternoon,Caernarfon Town,Haverfordwest County,North,South,North-South,291.0,footballwebpages,2.0,0.0,Feb,,0,0,227.1,215,>3h,485.125,0.5998454006699304,388.6,8.0,0.6,23,,4179858,,0,Wrexham,1,1,9.5,7.0,0.0,0.0,0.0,11.6,24.1,87.0,3.0,0.0,"Dry, overcast",2-7°C,Calm (<25 km/h gusts),0.0
2022-2023,2023-02-11,Saturday,14:30,Sat afternoon,Flint Town United,Aberystwyth Town,North,Mid,Mid-North,335.0,footballwebpages,5.0,0.0,Feb,,0,0,142.2,142,2-3h,376.3333333333333,0.8901682905225864,364.875,9.0,1.0,23,,4179859,,0,Wrexham,1,1,10.2,6.7,0.0,0.0,0.0,15.0,26.6,100.0,3.0,0.0,"Dry, overcast",2-7°C,Breezy (25-40),0.0
2022-2023,2023-02-11,Saturday,14:30,Sat afternoon,Pontypridd United,Airbus UK Broughton,South,North,North-South,326.0,footballwebpages,4.0,0.0,Feb,,0,0,223.7,194,>3h,301.64285714285717,1.0807482832109874,226.92857142857144,11.0,1.4,23,,4179860,,0,Cardiff City,1,1,10.2,7.7,0.0,0.0,0.0,8.6,20.2,100.0,3.0,0.0,"Dry, overcast",7-12°C,Calm (<25 km/h gusts),0.0
2022-2023,2023-02-17,Friday,19:45,Fri evening,Penybont FC,Cardiff Metropolitan University,South,South,South-South,,,2.0,1.0,Feb,,0,1,37.0,43,<1h,364.0,,193.0625,4.0,2.6,24,,4179870,,0,Cardiff City,1,1,8.9,5.3,0.4,0.4,0.0,22.5,36.7,100.0,51.0,0.8,Drizzle,2-7°C,Breezy (25-40),0.0
2022-2023,2023-02-17,Friday,19:45,Fri evening,Airbus UK Broughton,Caernarfon Town,North,North,North-North,217.0,footballwebpages,0.0,2.0,Feb,,0,0,105.2,81,1-2h,226.92857142857144,0.9562480327352848,485.125,12.0,0.0,24,,4179873,,0,,0,1,9.0,6.9,0.0,0.0,0.0,8.7,14.4,100.0,3.0,0.0,"Dry, overcast",2-7°C,Calm (<25 km/h gusts),0.0
2022-2023,2023-02-18,Saturday,12:45,Sat lunch,Aberystwyth Town,Pontypridd United,Mid,South,Mid-South,266.0,footballwebpages,3.0,3.0,Feb,,0,0,148.2,138,2-3h,364.875,0.7290167865707434,301.64285714285717,11.0,0.8,24,,4179874,,0,,0,0,10.6,7.0,0.1,0.1,0.0,25.5,49.3,100.0,51.0,0.2,Drizzle,2-7°C,Windy (40-55),0.0
2022-2023,2023-02-18,Saturday,14:30,Sat afternoon,Connah's Quay Nomads,Bala Town,North,North,North-North,209.0,footballwebpages,1.0,1.0,Feb,,0,0,63.6,67,1-2h,259.0,0.806949806949807,263.6666666666667,2.0,0.8,24,,4179871,,0,,0,0,12.6,8.2,0.0,0.0,0.0,24.5,43.9,100.0,3.0,0.0,"Dry, overcast",7-12°C,Windy (40-55),0.0
2022-2023,2023-02-18,Saturday,14:30,Sat afternoon,The New Saints,Newtown AFC,North,Mid,Mid-North,368.0,footballwebpages,1.0,0.0,Feb,,0,0,51.5,50,<1h,302.0769230769231,1.2182327476445125,295.1875,1.0,2.4,24,,4179872,,0,,0,0,12.1,8.5,0.0,0.0,0.0,19.9,43.6,84.0,3.0,0.0,"Dry, overcast",7-12°C,Windy (40-55),0.0
2022-2023,2023-02-18,Saturday,14:30,Sat afternoon,Haverfordwest County,Flint Town United,South,North,North-South,329.0,footballwebpages,3.0,1.0,Feb,,0,0,286.4,239,>3h,388.6,0.8466289243437982,376.3333333333333,8.0,0.8,24,,4179875,,0,,0,0,11.4,7.6,0.0,0.0,0.0,25.9,50.0,100.0,3.0,0.0,"Dry, overcast",7-12°C,Windy (40-55),0.0
2022-2023,2023-02-24,Friday,19:45,Fri evening,Airbus UK Broughton,Aberystwyth Town,North,Mid,Mid-North,177.0,footballwebpages,1.0,7.0,Feb,,0,0,158.7,137,2-3h,226.92857142857144,0.7799811142587347,364.875,12.0,0.0,25,,4180504,February half-term,1,,0,0,7.9,4.7,0.0,0.0,0.0,10.5,18.7,36.0,1.0,0.0,Clear,2-7°C,Calm (<25 km/h gusts),0.0
2022-2023,2023-02-24,Friday,19:45,Fri evening,Caernarfon Town,Flint Town United,North,North,North-North,615.0,footballwebpages,2.0,2.0,Feb,,0,0,91.7,71,1-2h,485.125,1.2677145065704716,376.3333333333333,7.0,1.8,25,,4180505,February half-term,1,,0,0,7.2,3.6,0.0,0.0,0.0,15.3,31.0,20.0,1.0,0.0,Clear,2-7°C,Breezy (25-40),0.0
2022-2023,2023-02-25,Saturday,12:45,Sat lunch,The New Saints,Penybont FC,North,South,North-South,272.0,footballwebpages,1.0,1.0,Feb,,0,0,231.8,192,>3h,302.0769230769231,0.9004329004329004,364.0,1.0,2.4,25,,4180501,February half-term,1,Wrexham,1,1,4.3,-1.2,0.0,0.0,0.0,21.9,43.2,42.0,1.0,0.0,"Dry, overcast",Under 2°C,Windy (40-55),0.0
2022-2023,2023-02-25,Saturday,14:30,Sat afternoon,Connah's Quay Nomads,Cardiff Metropolitan University,North,South,North-South,191.0,footballwebpages,2.0,1.0,Feb,,0,0,255.8,216,>3h,259.0,0.7374517374517374,193.0625,2.0,0.8,25,,4180502,February half-term,1,Wrexham,1,1,5.7,0.9,0.0,0.0,0.0,17.7,33.1,98.0,3.0,0.0,"Dry, overcast",Under 2°C,Breezy (25-40),0.0
2022-2023,2023-02-25,Saturday,14:30,Sat afternoon,Newtown AFC,Bala Town,Mid,North,Mid-North,514.0,footballwebpages,3.0,2.0,Feb,,0,0,77.9,76,1-2h,295.1875,1.741266144399746,263.6666666666667,6.0,1.0,25,,4180503,February half-term,1,Newport County,1,1,4.9,0.0,0.0,0.0,0.0,18.8,42.8,81.0,3.0,0.0,"Dry, overcast",Under 2°C,Windy (40-55),0.0
2022-2023,2023-02-25,Saturday,14:30,Sat afternoon,Pontypridd United,Haverfordwest County,South,South,South-South,317.0,footballwebpages,2.0,1.0,Feb,,0,0,155.7,118,1-2h,301.64285714285717,1.0509116741652853,388.6,11.0,1.4,25,,4180506,February half-term,1,Newport County,1,1,5.8,0.4,0.0,0.0,0.0,22.2,48.2,80.0,3.0,0.0,"Dry, overcast",Under 2°C,Windy (40-55),0.0
2022-2023,2023-03-10,Friday,19:45,Fri evening,Cardiff Metropolitan University,Newtown AFC,South,Mid,Mid-South,201.0,footballwebpages,0.0,0.0,Mar,,0,0,153.2,143,2-3h,193.0625,1.041113629006151,295.1875,4.0,1.8,26,,4180524,,0,,0,0,3.3,0.2,0.0,0.0,0.0,5.5,11.5,100.0,3.0,0.0,"Dry, overcast",Under 2°C,Calm (<25 km/h gusts),0.0
2022-2023,2023-03-11,Saturday,14:30,Sat afternoon,Penybont FC,Connah's Quay Nomads,South,North,North-South,,,1.0,1.0,Mar,,0,0,287.2,239,>3h,364.0,,259.0,3.0,2.2,26,,4180525,,0,"Newport County, Swansea City",1,1,5.5,-0.6,0.0,0.0,0.0,30.6,52.6,100.0,3.0,1.3,Rain,Under 2°C,Windy (40-55),1.0
2022-2023,2023-03-11,Saturday,14:30,Sat afternoon,Aberystwyth Town,Haverfordwest County,Mid,South,Mid-South,207.0,footballwebpages,0.0,1.0,Mar,,0,0,103.9,98,1-2h,364.875,0.5673175745118191,388.6,11.0,1.4,26,,4180527,,0,"Newport County, Swansea City",1,1,4.8,-0.1,0.5,0.4,0.07,21.6,41.8,100.0,71.0,1.6,Snow,Under 2°C,Windy (40-55),1.0
2022-2023,2023-03-11,Saturday,14:30,Sat afternoon,Flint Town United,Airbus UK Broughton,North,North,North-North,222.0,footballwebpages,2.0,1.0,Mar,,0,1,18.3,21,<1h,376.3333333333333,0.5899025686448185,226.92857142857144,9.0,1.4,26,,4180528,,0,Wrexham,1,1,3.3,-0.7,0.0,0.0,0.0,12.7,26.6,100.0,3.0,0.0,"Dry, overcast",Under 2°C,Breezy (25-40),0.0
2022-2023,2023-03-11,Saturday,14:30,Sat afternoon,Pontypridd United,Caernarfon Town,South,North,North-South,368.0,footballwebpages,1.0,0.0,Mar,,0,0,251.6,225,>3h,301.64285714285717,1.2199857920909305,485.125,10.0,1.4,26,,4180529,,0,"Newport County, Swansea City",1,1,4.7,-0.5,0.1,0.1,0.0,24.1,45.4,100.0,51.0,0.8999999999999999,Drizzle,Under 2°C,Windy (40-55),0.0
2022-2023,2023-03-13,Monday,19:30,Midweek,The New Saints,Bala Town,North,North,North-North,276.0,footballwebpages,2.0,1.0,Mar,,0,0,54.7,51,<1h,302.0769230769231,0.9136745607333842,263.6666666666667,1.0,2.0,26,,4180526,,0,,0,0,9.0,4.8,1.2,1.2,0.0,23.7,55.8,100.0,55.0,3.0,Rain,2-7°C,Gale (55+),1.0
2022-2023,2023-03-17,Friday,19:45,Fri evening,Connah's Quay Nomads,The New Saints,North,North,North-North,,,0.0,0.0,Mar,,0,0,57.9,50,<1h,259.0,,302.0769230769231,2.0,1.2,27,,4180768,,0,,0,0,11.7,9.2,0.2,0.2,0.0,13.1,22.3,93.0,51.0,0.4,Drizzle,7-12°C,Calm (<25 km/h gusts),0.0
2022-2023,2023-03-17,Friday,19:45,Fri evening,Caernarfon Town,Aberystwyth Town,North,Mid,Mid-North,424.0,footballwebpages,0.0,1.0,Mar,,0,0,125.1,119,1-2h,485.125,0.8740015459933007,364.875,8.0,1.4,27,,4180771,,0,,0,0,11.0,7.7,0.0,0.0,0.0,18.4,37.1,100.0,3.0,0.0,"Dry, overcast",7-12°C,Breezy (25-40),0.0
2022-2023,2023-03-18,Saturday,14:30,Sat afternoon,Bala Town,Cardiff Metropolitan University,North,South,North-South,180.0,footballwebpages,0.0,0.0,Mar,,0,0,213.3,202,>3h,263.6666666666667,0.6826801517067004,193.0625,5.0,0.4,27,,4180769,,0,,0,0,11.6,9.7,0.1,0.1,0.0,10.5,28.1,93.0,51.0,0.7999999999999999,Drizzle,7-12°C,Breezy (25-40),0.0
2022-2023,2023-03-18,Saturday,14:30,Sat afternoon,Newtown AFC,Penybont FC,Mid,South,Mid-South,268.0,footballwebpages,0.0,1.0,Mar,,0,0,172.5,154,2-3h,295.1875,0.907897522760957,364.0,6.0,1.0,27,,4180770,,0,,0,0,11.9,10.0,0.2,0.2,0.0,10.0,22.3,96.0,51.0,0.2,Drizzle,7-12°C,Calm (<25 km/h gusts),0.0
2022-2023,2023-03-18,Saturday,14:30,Sat afternoon,Flint Town United,Pontypridd United,North,South,North-South,233.0,footballwebpages,0.0,0.0,Mar,,0,0,240.2,208,>3h,376.3333333333333,0.6191319751992914,301.64285714285717,9.0,2.0,27,,4180772,,0,,0,0,11.3,9.3,3.4,3.4,0.0,9.6,19.4,85.0,63.0,3.6,Rain,7-12°C,Calm (<25 km/h gusts),1.0
2022-2023,2023-03-18,Saturday,14:30,Sat afternoon,Haverfordwest County,Airbus UK Broughton,South,North,North-South,,,4.0,0.0,Mar,,0,0,269.4,224,>3h,388.6,,226.92857142857144,7.0,1.8,27,,4180773,,0,,0,0,11.8,9.3,0.1,0.1,0.0,15.2,29.2,84.0,51.0,0.30000000000000004,Drizzle,7-12°C,Breezy (25-40),0.0
2022-2023,2023-03-24,Friday,19:45,Fri evening,Connah's Quay Nomads,Newtown AFC,North,Mid,Mid-North,212.0,footballwebpages,2.0,0.0,Mar,,0,0,108.0,96,1-2h,259.0,0.8185328185328186,295.1875,2.0,1.4,28,,4180868,,0,,0,0,9.3,4.1,0.0,0.0,0.0,25.9,45.7,95.0,3.0,0.0,"Dry, overcast",2-7°C,Windy (40-55),0.0
2022-2023,2023-03-25,Saturday,14:30,Sat afternoon,Penybont FC,Bala Town,South,North,North-South,316.0,footballwebpages,2.0,2.0,Mar,,0,0,237.8,213,>3h,364.0,0.8681318681318682,263.6666666666667,3.0,1.8,28,,4180869,,0,,0,1,9.7,4.8,0.0,0.0,0.0,28.1,60.1,100.0,3.0,0.4,Drizzle,2-7°C,Gale (55+),0.0
2022-2023,2023-03-25,Saturday,14:30,Sat afternoon,The New Saints,Cardiff Metropolitan University,North,South,North-South,275.0,footballwebpages,7.0,1.0,Mar,,0,0,199.3,169,2-3h,302.0769230769231,0.9103641456582632,193.0625,1.0,1.6,28,,4180870,,0,Wrexham,1,1,10.8,6.2,0.0,0.0,0.0,22.0,48.2,57.0,2.0,0.2,Drizzle,2-7°C,Windy (40-55),0.0
2022-2023,2023-03-25,Saturday,14:30,Sat afternoon,Aberystwyth Town,Flint Town United,Mid,North,Mid-North,331.0,footballwebpages,1.0,0.0,Mar,,0,0,141.5,143,2-3h,364.875,0.9071599862966768,376.3333333333333,11.0,1.4,28,,4180871,,0,,0,1,10.2,6.3,0.0,0.0,0.0,21.9,47.9,47.0,1.0,0.1,"Dry, overcast",2-7°C,Windy (40-55),0.0
2022-2023,2023-03-25,Saturday,14:30,Sat afternoon,Airbus UK Broughton,Pontypridd United,North,South,North-South,147.0,footballwebpages,0.0,3.0,Mar,,0,0,224.0,195,>3h,226.92857142857144,0.647780925401322,301.64285714285717,12.0,0.0,28,,4180872,,0,Wrexham,1,1,11.6,7.6,0.1,0.1,0.0,19.6,45.4,49.0,51.0,0.30000000000000004,Drizzle,7-12°C,Windy (40-55),0.0
2022-2023,2023-03-25,Saturday,14:30,Sat afternoon,Haverfordwest County,Caernarfon Town,South,North,North-South,378.0,footballwebpages,2.0,2.0,Mar,,0,0,226.3,215,>3h,388.6,0.9727225939269172,485.125,7.0,1.8,28,,4180873,,0,,0,1,11.1,7.5,0.0,0.0,0.0,18.5,36.7,100.0,3.0,0.0,"Dry, overcast",7-12°C,Breezy (25-40),0.0
2022-2023,2023-03-31,Friday,19:45,Fri evening,Bala Town,Connah's Quay Nomads,North,North,North-North,324.0,footballwebpages,1.0,2.0,Mar,,0,0,63.7,67,1-2h,263.6666666666667,1.2288242730720609,259.0,5.0,0.6,29,,4181235,Easter,1,,0,0,9.3,7.1,0.1,0.1,0.0,11.8,28.8,96.0,51.0,0.9,Drizzle,7-12°C,Breezy (25-40),0.0
2022-2023,2023-03-31,Friday,19:45,Fri evening,Cardiff Metropolitan University,Penybont FC,South,South,South-South,401.0,footballwebpages,2.0,3.0,Mar,,0,1,40.1,43,<1h,193.0625,2.077047588216251,364.0,4.0,0.4,29,,4181236,Easter,1,,0,0,10.0,6.1,0.1,0.1,0.0,23.9,46.1,100.0,51.0,0.7,Drizzle,2-7°C,Windy (40-55),0.0
2022-2023,2023-03-31,Friday,19:45,Fri evening,Caernarfon Town,Airbus UK Broughton,North,North,North-North,625.0,footballwebpages,4.0,0.0,Mar,,0,0,103.5,78,1-2h,485.125,1.2883277505797477,226.92857142857144,9.0,1.0,29,,4181247,Easter,1,,0,0,10.3,8.5,0.1,0.1,0.0,9.7,22.3,100.0,51.0,2.3000000000000003,Rain,7-12°C,Calm (<25 km/h gusts),1.0
2022-2023,2023-04-01,Saturday,14:30,Sat afternoon,Newtown AFC,The New Saints,Mid,North,Mid-North,442.0,footballwebpages (club page),0.0,5.0,Apr,,0,0,51.6,50,<1h,295.1875,1.497353377090832,302.0769230769231,6.0,0.8,29,,4181237,Easter,1,Cardiff City,1,1,11.6,8.6,0.1,0.1,0.0,14.5,31.0,37.0,51.0,0.30000000000000004,Drizzle,7-12°C,Breezy (25-40),0.0
2022-2023,2023-04-01,Saturday,14:30,Sat afternoon,Flint Town United,Haverfordwest County,North,South,North-South,418.0,footballwebpages (club page),0.0,2.0,Apr,,0,0,244.2,238,>3h,376.3333333333333,1.1107174490699734,388.6,10.0,1.0,29,,4181248,Easter,1,Wrexham,1,1,9.6,5.4,0.0,0.0,0.0,19.8,36.4,100.0,3.0,0.0,"Dry, overcast",2-7°C,Breezy (25-40),0.0
2022-2023,2023-04-01,Saturday,17:15,Sat evening,Pontypridd United,Aberystwyth Town,South,Mid,Mid-South,437.0,footballwebpages (club page),1.0,1.0,Apr,,0,0,148.0,137,2-3h,301.64285714285717,1.44873312810798,364.875,9.0,2.2,29,,4181249,Easter,1,Cardiff City,1,1,12.8,9.5,0.1,0.1,0.0,14.4,28.8,48.0,51.0,0.2,Drizzle,7-12°C,Breezy (25-40),0.0
2022-2023,2023-04-07,Friday,14:30,Fri evening,Haverfordwest County,Pontypridd United,South,South,South-South,532.0,footballwebpages (club page),2.0,0.0,Apr,,0,0,155.5,118,1-2h,388.6,1.3690169840452906,301.64285714285717,6.0,2.0,30,,4181318,Easter,1,"Newport County, Swansea City",1,1,12.3,9.9,0.0,0.0,0.0,12.2,27.0,92.0,3.0,0.0,"Dry, overcast",7-12°C,Breezy (25-40),0.0
2022-2023,2023-04-07,Friday,19:45,Fri evening,Bala Town,Newtown AFC,North,Mid,Mid-North,259.0,footballwebpages (club page),1.0,2.0,Apr,,0,0,77.5,76,1-2h,263.6666666666667,0.9823008849557522,295.1875,5.0,0.4,30,,4181315,Easter,1,,0,1,10.2,8.7,0.0,0.0,0.0,3.3,6.8,100.0,3.0,0.0,"Dry, overcast",7-12°C,Calm (<25 km/h gusts),0.0
2022-2023,2023-04-08,Saturday,14:30,Sat afternoon,Penybont FC,The New Saints,South,North,North-South,506.0,footballwebpages (club page),2.0,5.0,Apr,,0,0,231.9,193,>3h,364.0,1.39010989010989,302.0769230769231,3.0,1.8,30,,4181316,Easter,1,,0,0,12.6,8.5,0.0,0.0,0.0,20.0,38.9,100.0,3.0,0.0,"Dry, overcast",7-12°C,Breezy (25-40),0.0
2022-2023,2023-04-08,Saturday,14:30,Sat afternoon,Cardiff Metropolitan University,Connah's Quay Nomads,South,North,North-South,163.0,footballwebpages (club page),0.0,2.0,Apr,,0,0,254.9,216,>3h,193.0625,0.8442861767562317,259.0,4.0,0.4,30,,4181317,Easter,1,,0,0,13.0,9.9,0.0,0.0,0.0,12.7,28.8,100.0,3.0,0.0,"Dry, overcast",7-12°C,Breezy (25-40),0.0
2022-2023,2023-04-08,Saturday,14:30,Sat afternoon,Aberystwyth Town,Airbus UK Broughton,Mid,North,Mid-North,387.0,footballwebpages (club page),1.0,1.0,Apr,,0,0,158.8,137,2-3h,364.875,1.0606372045220966,226.92857142857144,10.0,2.0,30,,4181319,Easter,1,,0,0,14.3,11.1,0.0,0.0,0.0,14.4,32.4,100.0,3.0,0.0,"Dry, overcast",7-12°C,Breezy (25-40),0.0
2022-2023,2023-04-14,Friday,19:45,Fri evening,Bala Town,The New Saints,North,North,North-North,,,0.0,2.0,Apr,,0,0,54.3,50,<1h,263.6666666666667,,302.0769230769231,5.0,0.4,31,,4181668,,0,,0,0,6.8,3.9,0.0,0.0,0.0,10.8,26.3,2.0,0.0,0.30000000000000004,Drizzle,2-7°C,Breezy (25-40),0.0
2022-2023,2023-04-14,Friday,19:45,Fri evening,Airbus UK Broughton,Flint Town United,North,North,North-North,310.0,footballwebpages (club page),1.0,3.0,Apr,,0,1,18.6,21,<1h,226.92857142857144,1.3660686181932642,376.3333333333333,12.0,0.2,31,,4181671,,0,,0,0,7.8,4.9,0.0,0.0,0.0,11.8,20.9,90.0,3.0,0.6,Drizzle,2-7°C,Calm (<25 km/h gusts),0.0
2022-2023,2023-04-15,Saturday,14:30,Sat afternoon,Connah's Quay Nomads,Penybont FC,North,South,North-South,221.0,footballwebpages (club page),0.0,0.0,Apr,,0,0,288.3,239,>3h,259.0,0.8532818532818532,364.0,2.0,2.2,31,,4181669,,0,,0,1,12.2,10.5,0.0,0.0,0.0,3.3,14.4,100.0,3.0,0.2,Drizzle,7-12°C,Calm (<25 km/h gusts),0.0
2022-2023,2023-04-15,Saturday,14:30,Sat afternoon,Newtown AFC,Cardiff Metropolitan University,Mid,South,Mid-South,381.0,footballwebpages (club page),1.0,2.0,Apr,,0,0,150.8,144,2-3h,295.1875,1.2907050603430024,193.0625,7.0,0.8,31,,4181670,,0,"Newport County, Swansea City",1,1,11.9,10.4,0.0,0.0,0.0,1.5,12.2,46.0,1.0,0.0,"Dry, overcast",7-12°C,Calm (<25 km/h gusts),0.0
2022-2023,2023-04-15,Saturday,14:30,Sat afternoon,Caernarfon Town,Pontypridd United,North,South,North-South,548.0,footballwebpages (club page),1.0,2.0,Apr,,0,0,251.9,226,>3h,485.125,1.1296057717083223,301.64285714285717,8.0,1.0,31,,4181672,,0,,0,1,12.7,10.4,0.0,0.0,0.0,10.0,23.8,86.0,3.0,0.0,"Dry, overcast",7-12°C,Calm (<25 km/h gusts),0.0
2022-2023,2023-04-15,Saturday,17:15,Sat evening,Haverfordwest County,Aberystwyth Town,South,Mid,Mid-South,475.0,footballwebpages (club page),1.0,1.0,Apr,,0,0,103.9,99,1-2h,388.6,1.222336592897581,364.875,6.0,2.6,31,,4181673,,0,"Newport County, Swansea City",1,1,11.4,8.8,0.0,0.0,0.0,9.9,25.6,100.0,3.0,0.0,"Dry, overcast",7-12°C,Breezy (25-40),0.0
2022-2023,2023-04-19,Wednesday,19:30,Midweek,Flint Town United,Caernarfon Town,North,North,North-North,,,2.0,3.0,Apr,,0,0,92.9,73,1-2h,376.3333333333333,,485.125,10.0,1.4,30,,4181320,,0,,0,1,11.1,6.2,0.0,0.0,0.0,22.3,39.6,0.0,0.0,0.0,Clear,2-7°C,Breezy (25-40),0.0
2022-2023,2023-04-22,Saturday,12:45,Sat lunch,Cardiff Metropolitan University,Bala Town,South,North,North-South,204.0,footballwebpages (club page),2.0,1.0,Apr,,0,0,215.7,202,>3h,193.0625,1.0566526383943025,263.6666666666667,4.0,0.8,32,,4181680,,0,Cardiff City,1,1,9.4,7.0,0.0,0.0,0.0,7.8,20.5,100.0,3.0,0.0,"Dry, overcast",2-7°C,Calm (<25 km/h gusts),0.0
2022-2023,2023-04-22,Saturday,12:45,Sat lunch,Penybont FC,Newtown AFC,South,Mid,Mid-South,,,2.0,1.0,Apr,,0,0,175.4,154,2-3h,364.0,,295.1875,3.0,1.6,32,,4181681,,0,Cardiff City,1,1,9.6,6.7,0.0,0.0,0.0,11.5,25.9,100.0,3.0,0.0,"Dry, overcast",2-7°C,Breezy (25-40),0.0
2022-2023,2023-04-22,Saturday,12:45,Sat lunch,The New Saints,Connah's Quay Nomads,North,North,North-North,,,4.0,1.0,Apr,,0,0,56.4,49,<1h,302.0769230769231,,259.0,1.0,2.6,32,,4181682,,0,Wrexham,1,1,10.2,7.1,0.0,0.0,0.0,9.7,23.4,99.0,3.0,0.0,"Dry, overcast",7-12°C,Calm (<25 km/h gusts),0.0
2022-2023,2023-04-22,Saturday,12:45,Sat lunch,Aberystwyth Town,Caernarfon Town,Mid,North,Mid-North,1120.0,footballwebpages (club page),3.0,2.0,Apr,,0,0,124.4,119,1-2h,364.875,3.0695443645083933,485.125,11.0,1.8,32,,4181683,,0,Cardiff City,1,1,10.5,7.9,0.0,0.0,0.0,9.5,24.5,100.0,3.0,0.0,"Dry, overcast",7-12°C,Calm (<25 km/h gusts),0.0
2022-2023,2023-04-22,Saturday,12:45,Sat lunch,Airbus UK Broughton,Haverfordwest County,North,South,North-South,,,1.0,4.0,Apr,,0,0,269.3,225,>3h,226.92857142857144,,388.6,12.0,0.2,32,,4181684,,0,Wrexham,1,1,11.5,9.1,0.2,0.2,0.0,7.7,22.0,93.0,51.0,0.4,Drizzle,7-12°C,Calm (<25 km/h gusts),0.0
2022-2023,2023-04-22,Saturday,12:45,Sat lunch,Pontypridd United,Flint Town United,South,North,North-South,343.0,footballwebpages (club page),3.0,2.0,Apr,,0,0,240.7,208,>3h,301.64285714285717,1.1371063225195357,376.3333333333333,9.0,1.6,32,,4181685,,0,Cardiff City,1,1,9.9,7.0,0.0,0.0,0.0,10.3,24.8,100.0,3.0,0.0,"Dry, overcast",2-7°C,Calm (<25 km/h gusts),0.0
2023-2024,2023-08-11,Friday,19:45,Fri evening,Haverfordwest County,Pontypridd United,South,South,South-South,536.0,footballwebpages,0.0,0.0,Aug,,0,0,155.5,118,1-2h,458.125,1.169986357435198,299.64285714285717,,,1,,4088996,Summer,1,,0,0,17.2,15.4,0.0,0.0,0.0,21.8,44.6,40.0,1.0,2.4,Rain,12-17°C,Windy (40-55),1.0
2023-2024,2023-08-11,Friday,19:45,Fri evening,The New Saints,Connah's Quay Nomads,North,North,North-North,353.0,footballwebpages,6.0,2.0,Aug,,0,0,56.4,49,<1h,323.8,1.09017912291538,267.5,,,1,,4088997,Summer,1,,0,0,18.4,15.8,0.0,0.0,0.0,21.0,47.5,65.0,2.0,0.0,"Dry, overcast",12-17°C,Windy (40-55),0.0
2023-2024,2023-08-12,Saturday,14:30,Sat afternoon,Aberystwyth Town,Cardiff Metropolitan University,Mid,South,Mid-South,401.0,footballwebpages,0.0,1.0,Aug,,0,0,164.5,157,2-3h,369.625,1.0848833276969905,264.53333333333336,,,1,,4088998,Summer,1,"Cardiff City, Newport County",1,1,18.6,16.3,0.2,0.2,0.0,26.1,55.8,72.0,51.0,3.7,Rain,12-17°C,Gale (55+),1.0
2023-2024,2023-08-12,Saturday,14:30,Sat afternoon,Bala Town,Barry Town United,North,South,North-South,364.0,footballwebpages,1.0,0.0,Aug,,0,0,224.6,205,>3h,311.06666666666666,1.1701671667381055,426.25,,,1,,4088999,Summer,1,,0,1,16.2,14.2,0.6,0.6,0.0,23.7,57.6,76.0,53.0,2.9,Rain,12-17°C,Gale (55+),1.0
2023-2024,2023-08-12,Saturday,14:30,Sat afternoon,Newtown AFC,Penybont FC,Mid,South,Mid-South,310.0,footballwebpages,1.0,3.0,Aug,,0,0,172.5,154,2-3h,298.0,1.0402684563758389,382.6923076923077,,,1,,4089000,Summer,1,"Cardiff City, Newport County",1,1,17.6,16.3,0.1,0.1,0.0,19.3,49.0,100.0,51.0,1.1,Rain,12-17°C,Windy (40-55),1.0
2023-2024,2023-08-13,Sunday,17:15,Sun evening,Colwyn Bay,Caernarfon Town,North,North,North-North,1411.0,footballwebpages,0.0,4.0,Aug,,0,1,50.8,43,<1h,714.0625,1.9760175054704596,576.0625,,,1,,4089001,Summer,1,,0,0,17.1,14.0,0.0,0.0,0.0,21.9,50.0,72.0,2.0,0.0,"Dry, overcast",12-17°C,Windy (40-55),0.0
2023-2024,2023-08-18,Friday,19:45,Fri evening,Caernarfon Town,Newtown AFC,North,Mid,Mid-North,575.0,footballwebpages,2.0,1.0,Aug,,0,0,132.9,120,2-3h,576.0625,0.9981555820765976,298.0,,,2,,4089002,Summer,1,,0,0,19.9,18.7,1.1,1.1,0.0,25.1,47.5,100.0,55.0,1.3,Rain,Over 17°C,Windy (40-55),1.0
2023-2024,2023-08-18,Friday,19:45,Fri evening,Connah's Quay Nomads,Aberystwyth Town,North,Mid,Mid-North,263.0,footballwebpages,4.0,0.0,Aug,,0,0,142.6,144,2-3h,267.5,0.983177570093458,369.625,,,2,,4089003,Summer,1,,0,0,19.7,17.5,0.0,0.0,0.0,28.2,50.8,100.0,3.0,0.0,"Dry, overcast",Over 17°C,Windy (40-55),0.0
2023-2024,2023-08-18,Friday,19:45,Fri evening,Penybont FC,Haverfordwest County,South,South,South-South,476.0,footballwebpages,2.0,0.0,Aug,,0,0,123.6,98,1-2h,382.6923076923077,1.243819095477387,458.125,,,2,,4089004,Summer,1,,0,0,19.4,18.4,1.4,1.4,0.0,28.8,51.8,100.0,61.0,3.9,Rain,Over 17°C,Windy (40-55),1.0
2023-2024,2023-08-19,Saturday,14:30,Sat afternoon,Cardiff Metropolitan University,Bala Town,South,North,North-South,178.0,footballwebpages,0.0,0.0,Aug,,0,0,215.7,202,>3h,264.53333333333336,0.672883064516129,311.06666666666666,,,2,,4089006,Summer,1,Swansea City,1,1,20.3,18.6,0.0,0.0,0.0,23.8,44.3,32.0,1.0,0.5,Drizzle,Over 17°C,Windy (40-55),0.0
2023-2024,2023-08-19,Saturday,14:30,Sat afternoon,Pontypridd United,The New Saints,South,North,North-South,357.0,footballwebpages,0.0,1.0,Aug,,0,0,183.1,163,2-3h,299.64285714285717,1.1914183551847437,323.8,,,2,,4089007,Summer,1,Swansea City,1,1,19.6,17.7,0.0,0.0,0.0,24.2,48.2,31.0,1.0,0.2,Drizzle,Over 17°C,Windy (40-55),0.0
2023-2024,2023-08-19,Saturday,17:15,Sat evening,Barry Town United,Colwyn Bay,South,North,North-South,521.0,footballwebpages,1.0,1.0,Aug,,0,0,319.2,256,>3h,426.25,1.2222873900293254,714.0625,,,2,,4089005,Summer,1,Swansea City,1,1,20.2,18.6,0.0,0.0,0.0,22.0,41.4,70.0,2.0,0.2,Drizzle,Over 17°C,Windy (40-55),0.0
2023-2024,2023-08-25,Friday,19:45,Fri evening,Bala Town,Connah's Quay Nomads,North,North,North-North,438.0,footballwebpages,1.0,0.0,Aug,,0,0,63.7,67,1-2h,311.06666666666666,1.408058294042006,267.5,,,3,,4089008,Summer,1,,0,0,14.1,12.4,0.0,0.0,0.0,12.6,31.3,35.0,1.0,0.1,Clear,12-17°C,Breezy (25-40),0.0
2023-2024,2023-08-25,Friday,19:45,Fri evening,Pontypridd United,Penybont FC,South,South,South-South,537.0,footballwebpages,0.0,0.0,Aug,,0,1,33.7,36,<1h,299.64285714285717,1.7921334922526817,382.6923076923077,,,3,,4089009,Summer,1,,0,0,14.5,13.3,0.0,0.0,0.0,12.6,32.8,29.0,1.0,0.7,Drizzle,12-17°C,Breezy (25-40),0.0
2023-2024,2023-08-26,Saturday,14:30,Sat afternoon,Cardiff Metropolitan University,Colwyn Bay,South,North,North-South,204.0,footballwebpages,1.0,0.0,Aug,,0,0,297.4,240,>3h,264.53333333333336,0.7711693548387096,714.0625,,,3,,4089010,Summer,1,"Cardiff City, Newport County",1,1,15.7,13.6,1.5,1.5,0.0,17.8,39.2,96.0,61.0,1.8,Rain,12-17°C,Breezy (25-40),1.0
2023-2024,2023-08-26,Saturday,14:30,Sat afternoon,Haverfordwest County,Caernarfon Town,South,North,North-South,446.0,footballwebpages,1.0,1.0,Aug,,0,0,226.3,215,>3h,458.125,0.9735334242837652,576.0625,,,3,,4089011,Summer,1,"Cardiff City, Newport County",1,1,15.3,12.8,0.6,0.6,0.0,18.1,35.6,59.0,53.0,3.6,Rain,12-17°C,Breezy (25-40),1.0
2023-2024,2023-08-26,Saturday,14:30,Sat afternoon,The New Saints,Barry Town United,North,South,North-South,271.0,footballwebpages,2.0,2.0,Aug,,0,0,221.4,185,>3h,323.8,0.8369363804817789,426.25,,,3,,4089013,Summer,1,,0,1,15.1,13.5,1.3,1.3,0.0,12.1,27.7,81.0,61.0,6.0,Heavy rain,12-17°C,Breezy (25-40),1.0
2023-2024,2023-08-26,Saturday,17:15,Sat evening,Newtown AFC,Aberystwyth Town,Mid,Mid,Mid-Mid,274.0,footballwebpages,0.0,0.0,Aug,,0,0,68.2,66,1-2h,298.0,0.9194630872483222,369.625,,,3,,4089012,Summer,1,"Cardiff City, Newport County",1,1,16.6,15.5,0.0,0.0,0.0,8.6,22.0,26.0,1.0,0.6,Drizzle,12-17°C,Calm (<25 km/h gusts),0.0
2023-2024,2023-08-29,Tuesday,19:45,Midweek,Barry Town United,Haverfordwest County,South,South,South-South,438.0,footballwebpages,2.0,2.0,Aug,,0,0,156.7,121,2-3h,426.25,1.027565982404692,458.125,8.0,0.6666666666666666,4,,4089015,Summer,1,,0,0,17.3,16.1,0.0,0.0,0.0,15.3,33.5,22.0,1.0,0.2,Drizzle,12-17°C,Breezy (25-40),0.0
2023-2024,2023-08-29,Tuesday,19:45,Midweek,Caernarfon Town,Bala Town,North,North,North-North,694.0,footballwebpages,1.0,1.0,Aug,,0,0,74.4,66,1-2h,576.0625,1.2047303894976673,311.06666666666666,2.0,2.3333333333333335,4,,4089016,Summer,1,,0,0,15.1,13.8,0.0,0.0,0.0,9.9,25.2,55.0,2.0,0.0,"Dry, overcast",12-17°C,Breezy (25-40),0.0
2023-2024,2023-08-29,Tuesday,19:45,Midweek,Colwyn Bay,The New Saints,North,North,North-North,841.0,footballwebpages,0.0,1.0,Aug,,0,0,98.2,73,1-2h,714.0625,1.1777680525164114,323.8,12.0,0.3333333333333333,4,,4089017,Summer,1,,0,0,14.7,12.0,0.0,0.0,0.0,15.9,36.7,14.0,0.0,0.0,Clear,7-12°C,Breezy (25-40),0.0
2023-2024,2023-08-29,Tuesday,19:45,Midweek,Connah's Quay Nomads,Newtown AFC,North,Mid,Mid-North,213.0,footballwebpages,3.0,1.0,Aug,,0,0,108.0,96,1-2h,267.5,0.7962616822429907,298.0,6.0,1.0,4,,4089018,Summer,1,,0,0,14.9,12.4,0.0,0.0,0.0,16.2,35.3,8.0,0.0,0.0,Clear,12-17°C,Breezy (25-40),0.0
2023-2024,2023-08-29,Tuesday,19:45,Midweek,Penybont FC,Cardiff Metropolitan University,South,South,South-South,379.0,footballwebpages,0.0,0.0,Aug,,0,1,37.0,43,<1h,382.6923076923077,0.99035175879397,264.53333333333336,4.0,2.3333333333333335,4,,4089019,Summer,1,,0,0,15.8,13.4,0.0,0.0,0.0,19.5,37.8,25.0,1.0,0.2,Drizzle,12-17°C,Breezy (25-40),0.0
2023-2024,2023-08-29,Tuesday,20:00,Midweek,Aberystwyth Town,Pontypridd United,Mid,South,Mid-South,272.0,footballwebpages,0.0,1.0,Aug,,0,0,148.2,138,2-3h,369.625,0.7358809604328711,299.64285714285717,10.0,0.3333333333333333,4,,4089014,Summer,1,,0,0,14.4,13.5,0.0,0.0,0.0,8.5,22.3,44.0,1.0,0.0,"Dry, overcast",12-17°C,Calm (<25 km/h gusts),0.0
2023-2024,2023-09-01,Friday,19:45,Fri evening,Caernarfon Town,Connah's Quay Nomads,North,North,North-North,814.0,footballwebpages,0.0,4.0,Sep,,0,0,97.5,78,1-2h,576.0625,1.4130411196701749,267.5,2.0,2.0,5,,4089020,Summer,1,,0,0,17.4,18.0,0.0,0.0,0.0,6.3,14.4,56.0,2.0,0.7,Drizzle,Over 17°C,Calm (<25 km/h gusts),0.0
2023-2024,2023-09-01,Friday,19:45,Fri evening,Newtown AFC,Cardiff Metropolitan University,Mid,South,Mid-South,254.0,footballwebpages,2.0,1.0,Sep,,0,0,150.8,144,2-3h,298.0,0.8523489932885906,264.53333333333336,10.0,0.25,5,,4089021,Summer,1,,0,0,16.7,17.9,0.1,0.1,0.0,1.1,10.4,52.0,51.0,0.6,Drizzle,Over 17°C,Calm (<25 km/h gusts),0.0
2023-2024,2023-09-01,Friday,19:45,Fri evening,The New Saints,Aberystwyth Town,North,Mid,Mid-North,327.0,footballwebpages,6.0,0.0,Sep,,0,0,118.1,106,1-2h,323.8,1.0098826436071648,369.625,1.0,2.5,5,,4089022,Summer,1,,0,0,18.1,19.2,0.0,0.0,0.0,3.4,11.5,31.0,1.0,0.0,Clear,Over 17°C,Calm (<25 km/h gusts),0.0
2023-2024,2023-09-02,Saturday,14:30,Sat afternoon,Bala Town,Penybont FC,North,South,North-South,238.0,footballwebpages,2.0,1.0,Sep,,0,0,235.0,212,>3h,311.06666666666666,0.7651093013287613,382.6923076923077,4.0,2.0,5,,4089023,,0,,0,1,20.1,21.0,0.0,0.0,0.0,2.4,13.0,59.0,2.0,0.2,Drizzle,Over 17°C,Calm (<25 km/h gusts),0.0
2023-2024,2023-09-02,Saturday,14:30,Sat afternoon,Colwyn Bay,Haverfordwest County,North,South,North-South,740.0,footballwebpages,1.0,2.0,Sep,,0,0,236.9,230,>3h,714.0625,1.0363238512035011,458.125,11.0,0.25,5,,4089024,,0,,0,1,20.3,20.9,0.0,0.0,0.0,6.6,18.4,38.0,1.0,0.0,Clear,Over 17°C,Calm (<25 km/h gusts),0.0
2023-2024,2023-09-02,Saturday,14:30,Sat afternoon,Pontypridd United,Barry Town United,South,South,South-South,479.0,footballwebpages,1.0,0.0,Sep,,0,1,30.2,30,<1h,299.64285714285717,1.5985697258641238,426.25,8.0,1.25,5,,4089025,,0,"Newport County, Swansea City",1,1,20.7,20.2,0.0,0.0,0.0,12.3,27.7,100.0,3.0,0.0,"Dry, overcast",Over 17°C,Breezy (25-40),0.0
2023-2024,2023-09-08,Friday,19:45,Fri evening,Cardiff Metropolitan University,Pontypridd United,South,South,South-South,402.0,footballwebpages,2.0,0.0,Sep,,0,1,21.8,28,<1h,264.53333333333336,1.519657258064516,299.64285714285717,6.0,1.6,6,,4093535,,0,,0,0,23.9,26.9,0.0,0.0,0.0,5.2,9.4,100.0,3.0,0.0,"Dry, overcast",Over 17°C,Calm (<25 km/h gusts),0.0
2023-2024,2023-09-09,Saturday,14:30,Sat afternoon,Aberystwyth Town,Caernarfon Town,Mid,North,Mid-North,502.0,footballwebpages,2.0,4.0,Sep,,0,0,124.4,119,1-2h,369.625,1.3581332431518431,576.0625,12.0,0.2,6,,4093536,,0,,0,1,23.3,26.7,0.0,0.0,0.0,7.1,21.6,18.0,0.0,0.0,Clear,Over 17°C,Calm (<25 km/h gusts),0.0
2023-2024,2023-09-09,Saturday,14:30,Sat afternoon,Barry Town United,Connah's Quay Nomads,South,North,North-South,478.0,footballwebpages,1.0,4.0,Sep,,0,0,276.7,231,>3h,426.25,1.121407624633431,267.5,10.0,0.6,6,,4093537,,0,,0,1,22.4,26.0,0.0,0.0,0.0,7.0,19.4,100.0,3.0,0.3,Drizzle,Over 17°C,Calm (<25 km/h gusts),0.0
2023-2024,2023-09-09,Saturday,14:30,Sat afternoon,Haverfordwest County,Newtown AFC,South,Mid,Mid-South,401.0,footballwebpages,0.0,4.0,Sep,,0,0,180.1,155,2-3h,458.125,0.8753069577080491,298.0,8.0,1.2,6,,4093538,,0,,0,1,25.1,27.3,0.0,0.0,0.0,8.1,20.2,96.0,3.0,0.0,"Dry, overcast",Over 17°C,Calm (<25 km/h gusts),0.0
2023-2024,2023-09-09,Saturday,14:30,Sat afternoon,Penybont FC,Colwyn Bay,South,North,North-South,216.0,footballwebpages,0.0,1.0,Sep,,0,0,329.7,263,>3h,382.6923076923077,0.5644221105527638,714.0625,6.0,1.6,6,,4093539,,0,,0,1,22.9,26.6,0.0,0.0,0.0,8.8,22.3,99.0,3.0,0.0,"Dry, overcast",Over 17°C,Calm (<25 km/h gusts),0.0
2023-2024,2023-09-13,Wednesday,19:45,Midweek,Bala Town,The New Saints,North,North,North-North,327.0,footballwebpages,0.0,0.0,Sep,,0,0,54.3,50,<1h,311.06666666666666,1.0512216030861552,323.8,4.0,2.2,6,,4093540,,0,,0,0,15.1,13.9,0.0,0.0,0.0,9.5,23.8,100.0,3.0,0.0,"Dry, overcast",12-17°C,Calm (<25 km/h gusts),0.0
2023-2024,2023-09-15,Friday,19:45,Fri evening,Colwyn Bay,Aberystwyth Town,North,Mid,Mid-North,1003.0,footballwebpages,3.0,1.0,Sep,,0,0,135.0,134,2-3h,714.0625,1.4046389496717724,369.625,10.0,0.8,7,,4093541,,0,,0,0,15.3,15.7,0.0,0.0,0.0,6.6,16.2,99.0,3.0,0.6000000000000001,Drizzle,12-17°C,Calm (<25 km/h gusts),0.0
2023-2024,2023-09-16,Saturday,14:30,Sat afternoon,Connah's Quay Nomads,Cardiff Metropolitan University,North,South,North-South,190.0,footballwebpages,4.0,0.0,Sep,,0,0,255.8,216,>3h,267.5,0.7102803738317757,264.53333333333336,2.0,2.4,7,,4093542,,0,Wrexham,1,1,17.2,16.1,0.0,0.0,0.0,15.2,28.1,100.0,3.0,0.1,"Dry, overcast",12-17°C,Breezy (25-40),0.0
2023-2024,2023-09-16,Saturday,14:30,Sat afternoon,Newtown AFC,Barry Town United,Mid,South,Mid-South,239.0,footballwebpages,2.0,0.0,Sep,,0,0,162.1,147,2-3h,298.0,0.802013422818792,426.25,8.0,1.4,7,,4093543,,0,"Cardiff City, Newport County",1,1,15.2,14.5,0.1,0.1,0.0,14.9,29.9,100.0,51.0,0.1,"Dry, overcast",12-17°C,Breezy (25-40),0.0
2023-2024,2023-09-16,Saturday,14:30,Sat afternoon,Penybont FC,Caernarfon Town,South,North,North-South,,,3.0,2.0,Sep,,0,0,292.7,255,>3h,382.6923076923077,,576.0625,7.0,1.0,7,,4093544,,0,"Cardiff City, Newport County",1,1,19.0,17.7,0.1,0.1,0.0,20.9,37.4,100.0,51.0,0.2,Drizzle,Over 17°C,Breezy (25-40),0.0
2023-2024,2023-09-16,Saturday,14:30,Sat afternoon,Pontypridd United,Bala Town,South,North,North-South,,,0.0,0.0,Sep,,0,0,196.8,183,>3h,299.64285714285717,,311.06666666666666,8.0,1.4,7,,4093545,,0,"Cardiff City, Newport County",1,1,17.9,16.3,0.1,0.1,0.0,21.5,41.8,100.0,51.0,1.2000000000000002,Rain,12-17°C,Windy (40-55),1.0
2023-2024,2023-09-16,Saturday,14:30,Sat afternoon,The New Saints,Haverfordwest County,North,South,North-South,248.0,footballwebpages,5.0,1.0,Sep,,0,0,228.7,194,>3h,323.8,0.765904879555281,458.125,2.0,2.2,7,,4093546,,0,Wrexham,1,1,16.4,15.8,0.1,0.1,0.0,12.1,25.9,100.0,51.0,0.1,"Dry, overcast",12-17°C,Breezy (25-40),0.0
2023-2024,2023-09-22,Friday,19:45,Fri evening,Cardiff Metropolitan University,The New Saints,South,North,North-South,563.0,footballwebpages,1.0,5.0,Sep,,0,0,199.7,170,2-3h,264.53333333333336,2.128276209677419,323.8,6.0,1.4,8,,4093548,,0,,0,0,12.0,9.2,0.0,0.0,0.0,15.0,31.0,6.0,0.0,0.0,Clear,7-12°C,Breezy (25-40),0.0
2023-2024,2023-09-22,Friday,20:00,Fri evening,Aberystwyth Town,Penybont FC,Mid,South,Mid-South,332.0,footballwebpages,1.0,2.0,Sep,,0,0,147.7,140,2-3h,369.625,0.8982076428812986,382.6923076923077,12.0,0.2,8,,4093547,,0,,0,0,12.0,9.3,0.2,0.2,0.0,16.1,34.2,41.0,51.0,0.6000000000000001,Drizzle,7-12°C,Breezy (25-40),0.0
2023-2024,2023-09-23,Saturday,14:30,Sat afternoon,Barry Town United,Bala Town,South,North,North-South,374.0,footballwebpages,3.0,1.0,Sep,,0,0,225.3,206,>3h,426.25,0.8774193548387097,311.06666666666666,11.0,0.4,8,,4093549,,0,"Newport County, Swansea City",1,1,15.9,12.8,0.0,0.0,0.0,16.6,30.6,90.0,3.0,0.1,"Dry, overcast",12-17°C,Breezy (25-40),0.0
2023-2024,2023-09-23,Saturday,14:30,Sat afternoon,Colwyn Bay,Newtown AFC,North,Mid,Mid-North,777.0,footballwebpages,2.0,4.0,Sep,,0,0,148.3,119,1-2h,714.0625,1.088140043763676,298.0,9.0,1.2,8,,4093551,,0,,0,1,13.9,10.8,0.0,0.0,0.0,15.5,36.0,51.0,2.0,0.0,"Dry, overcast",7-12°C,Breezy (25-40),0.0
2023-2024,2023-09-23,Saturday,14:30,Sat afternoon,Haverfordwest County,Connah's Quay Nomads,South,North,North-South,337.0,footballwebpages,1.0,3.0,Sep,,0,0,284.1,240,>3h,458.125,0.7356070941336972,267.5,11.0,1.0,8,,4093552,,0,"Newport County, Swansea City",1,1,14.9,11.1,0.1,0.1,0.0,23.4,41.8,97.0,51.0,0.1,"Dry, overcast",7-12°C,Windy (40-55),0.0
2023-2024,2023-09-23,Saturday,17:15,Sat evening,Caernarfon Town,Pontypridd United,North,South,North-South,395.0,footballwebpages,1.0,0.0,Sep,,0,0,251.9,226,>3h,576.0625,0.6856894868178366,299.64285714285717,6.0,1.0,8,,4093550,,0,,0,1,14.9,11.4,0.0,0.0,0.0,21.0,51.8,100.0,3.0,0.0,"Dry, overcast",7-12°C,Windy (40-55),0.0
2023-2024,2023-09-26,Tuesday,19:45,Midweek,Caernarfon Town,The New Saints,North,North,North-North,678.0,footballwebpages,1.0,3.0,Sep,,0,0,143.5,105,1-2h,576.0625,1.1769556254746665,323.8,4.0,1.4,9,,4093553,,0,,0,0,14.8,11.2,0.0,0.0,0.0,26.9,59.0,75.0,2.0,0.0,"Dry, overcast",7-12°C,Gale (55+),0.0
2023-2024,2023-09-26,Tuesday,19:45,Midweek,Cardiff Metropolitan University,Haverfordwest County,South,South,South-South,499.0,footballwebpages,1.0,1.0,Sep,,0,0,158.6,125,2-3h,264.53333333333336,1.8863407258064515,458.125,7.0,0.8,9,,4093554,,0,,0,0,14.7,13.2,0.0,0.0,0.0,13.8,29.9,48.0,1.0,0.0,"Dry, overcast",12-17°C,Breezy (25-40),0.0
2023-2024,2023-09-26,Tuesday,19:45,Midweek,Connah's Quay Nomads,Colwyn Bay,North,North,North-North,506.0,footballwebpages,2.0,1.0,Sep,,0,0,52.5,47,<1h,267.5,1.891588785046729,714.0625,2.0,3.0,9,,4093555,,0,,0,0,14.9,12.8,0.0,0.0,0.0,12.9,26.3,99.0,3.0,0.0,"Dry, overcast",12-17°C,Breezy (25-40),0.0
2023-2024,2023-09-26,Tuesday,19:45,Midweek,Penybont FC,Barry Town United,South,South,South-South,863.0,footballwebpages,1.0,0.0,Sep,,0,1,32.5,38,<1h,382.6923076923077,2.255075376884422,426.25,3.0,1.4,9,,4093556,,0,,0,0,15.3,12.8,0.0,0.0,0.0,20.8,40.7,29.0,1.0,0.0,Clear,12-17°C,Windy (40-55),0.0
2023-2024,2023-09-26,Tuesday,19:45,Midweek,Pontypridd United,Newtown AFC,South,Mid,Mid-South,326.0,footballwebpages,0.0,1.0,Sep,,0,0,134.3,125,2-3h,299.64285714285717,1.0879618593563765,298.0,8.0,1.4,9,,4093557,,0,,0,0,14.2,12.8,0.0,0.0,0.0,13.0,32.0,42.0,1.0,0.0,"Dry, overcast",12-17°C,Breezy (25-40),0.0
2023-2024,2023-09-27,Wednesday,19:45,Midweek,Bala Town,Aberystwyth Town,North,Mid,Mid-North,,,0.0,1.0,Sep,,0,0,79.6,79,1-2h,311.06666666666666,,369.625,6.0,1.2,9,,4093558,,0,,0,0,14.5,10.5,0.1,0.1,0.0,33.8,80.3,100.0,51.0,0.7,Drizzle,7-12°C,Gale (55+),0.0
2023-2024,2023-09-30,Saturday,14:30,Sat afternoon,Barry Town United,Caernarfon Town,South,North,North-South,471.0,footballwebpages,0.0,3.0,Sep,,0,0,280.1,248,>3h,426.25,1.1049853372434018,576.0625,11.0,0.6,10,,4093559,,0,Cardiff City,1,1,17.3,15.0,0.0,0.0,0.0,22.6,39.6,100.0,3.0,0.3,Drizzle,12-17°C,Breezy (25-40),0.0
2023-2024,2023-09-30,Saturday,14:30,Sat afternoon,Colwyn Bay,Cardiff Metropolitan University,North,South,North-South,523.0,footballwebpages,2.0,2.0,Sep,,0,0,296.1,239,>3h,714.0625,0.7324288840262582,264.53333333333336,9.0,1.2,10,,4093560,,0,Wrexham,1,1,13.3,11.7,1.7,1.7,0.0,13.4,30.6,100.0,61.0,4.1,Heavy rain,7-12°C,Breezy (25-40),1.0
2023-2024,2023-09-30,Saturday,14:30,Sat afternoon,Haverfordwest County,Aberystwyth Town,South,Mid,Mid-South,308.0,footballwebpages,3.0,0.0,Sep,,0,0,103.9,99,1-2h,458.125,0.6723055934515689,369.625,10.0,0.8,10,,4093562,,0,Cardiff City,1,1,14.9,12.2,0.6,0.6,0.0,26.1,47.5,100.0,53.0,2.3,Rain,12-17°C,Windy (40-55),1.0
2023-2024,2023-09-30,Saturday,14:30,Sat afternoon,Newtown AFC,Bala Town,Mid,North,Mid-North,292.0,footballwebpages,1.0,0.0,Sep,,0,0,77.9,76,1-2h,298.0,0.9798657718120806,311.06666666666666,5.0,3.0,10,,4093563,,0,Cardiff City,1,1,13.7,12.6,1.4,1.4,0.0,13.0,24.8,100.0,61.0,3.8,Rain,12-17°C,Calm (<25 km/h gusts),1.0
2023-2024,2023-09-30,Saturday,14:30,Sat afternoon,The New Saints,Pontypridd United,North,South,North-South,311.0,footballwebpages,4.0,0.0,Sep,,0,0,183.3,164,2-3h,323.8,0.9604694255713404,299.64285714285717,1.0,2.6,10,,4093564,,0,Wrexham,1,1,12.6,11.6,2.2,2.2,0.0,11.4,24.8,100.0,61.0,3.8000000000000003,Rain,7-12°C,Calm (<25 km/h gusts),1.0
2023-2024,2023-09-30,Saturday,17:15,Sat evening,Connah's Quay Nomads,Penybont FC,North,South,North-South,139.0,footballwebpages,4.0,2.0,Sep,,0,0,288.3,239,>3h,267.5,0.5196261682242991,382.6923076923077,2.0,3.0,10,,4093561,,0,Wrexham,1,1,13.5,11.2,0.4,0.4,0.0,19.6,34.9,100.0,51.0,2.9,Rain,7-12°C,Breezy (25-40),1.0
2023-2024,2023-10-06,Friday,19:45,Fri evening,Cardiff Metropolitan University,Barry Town United,South,South,South-South,402.0,footballwebpages,2.0,1.0,Oct,,0,1,17.8,29,<1h,264.53333333333336,1.519657258064516,426.25,7.0,1.0,11,,4093566,,0,,0,0,16.6,15.1,0.0,0.0,0.0,18.6,32.4,97.0,3.0,0.0,"Dry, overcast",12-17°C,Breezy (25-40),0.0
2023-2024,2023-10-06,Friday,20:00,Fri evening,Aberystwyth Town,Connah's Quay Nomads,Mid,North,Mid-North,365.0,footballwebpages,1.0,1.0,Oct,,0,0,142.0,144,2-3h,369.625,0.9874873182279336,267.5,12.0,0.6,11,,4093565,,0,,0,0,17.2,16.9,0.0,0.0,0.0,15.3,31.3,100.0,3.0,0.30000000000000004,Drizzle,12-17°C,Breezy (25-40),0.0
2023-2024,2023-10-07,Saturday,14:30,Sat afternoon,Bala Town,Colwyn Bay,North,North,North-North,564.0,footballwebpages,2.0,1.0,Oct,,0,0,56.6,62,1-2h,311.06666666666666,1.8131161594513503,714.0625,7.0,0.4,11,,4093567,,0,,0,1,19.1,18.6,0.0,0.0,0.0,16.9,42.1,100.0,3.0,0.0,"Dry, overcast",Over 17°C,Windy (40-55),0.0
2023-2024,2023-10-07,Saturday,14:30,Sat afternoon,Newtown AFC,Caernarfon Town,Mid,North,Mid-North,421.0,footballwebpages,4.0,0.0,Oct,,0,0,132.9,120,2-3h,298.0,1.412751677852349,576.0625,3.0,3.0,11,,4093568,,0,"Cardiff City, Newport County",1,1,20.4,19.9,0.0,0.0,0.0,16.1,35.3,100.0,3.0,0.0,"Dry, overcast",Over 17°C,Breezy (25-40),0.0
2023-2024,2023-10-07,Saturday,14:30,Sat afternoon,Penybont FC,The New Saints,South,North,North-South,,,1.0,4.0,Oct,,0,0,231.9,193,>3h,382.6923076923077,,323.8,4.0,1.8,11,,4093569,,0,"Cardiff City, Newport County",1,1,17.4,16.4,0.0,0.0,0.0,17.7,34.9,100.0,3.0,0.0,"Dry, overcast",12-17°C,Breezy (25-40),0.0
2023-2024,2023-10-07,Saturday,17:15,Sat evening,Pontypridd United,Haverfordwest County,South,South,South-South,279.0,footballwebpages,2.0,0.0,Oct,,0,0,155.7,118,1-2h,299.64285714285717,0.931108462455304,458.125,9.0,0.2,11,,4093570,,0,"Cardiff City, Newport County",1,1,18.5,17.9,0.0,0.0,0.0,15.2,34.2,100.0,3.0,0.0,"Dry, overcast",Over 17°C,Breezy (25-40),0.0
2023-2024,2023-10-17,Tuesday,19:45,Midweek,Barry Town United,Pontypridd United,South,South,South-South,377.0,footballwebpages,2.0,0.0,Oct,,0,1,31.5,33,<1h,426.25,0.884457478005865,299.64285714285717,11.0,0.6,12,,4093571,,0,,0,0,12.7,7.7,0.0,0.0,0.0,27.8,48.2,100.0,3.0,0.0,"Dry, overcast",7-12°C,Windy (40-55),0.0
2023-2024,2023-10-17,Tuesday,19:45,Midweek,Caernarfon Town,Aberystwyth Town,North,Mid,Mid-North,474.0,footballwebpages,3.0,0.0,Oct,,0,0,125.1,119,1-2h,576.0625,0.8228273841814039,369.625,5.0,1.2,12,,4093572,,0,,0,0,12.5,8.9,0.0,0.0,0.0,17.1,31.3,100.0,3.0,0.0,"Dry, overcast",7-12°C,Breezy (25-40),0.0
2023-2024,2023-10-17,Tuesday,19:45,Midweek,Cardiff Metropolitan University,Newtown AFC,South,Mid,Mid-South,187.0,footballwebpages,2.0,1.0,Oct,,0,0,153.2,143,2-3h,264.53333333333336,0.7069052419354838,298.0,7.0,1.0,12,,4093573,,0,,0,0,11.6,6.9,0.0,0.0,0.0,23.9,42.5,100.0,3.0,0.0,"Dry, overcast",2-7°C,Windy (40-55),0.0
2023-2024,2023-10-17,Tuesday,19:45,Midweek,Haverfordwest County,Penybont FC,South,South,South-South,377.0,footballwebpages,3.0,2.0,Oct,,0,0,123.9,98,1-2h,458.125,0.8229195088676671,382.6923076923077,9.0,0.8,12,,4093575,,0,,0,0,12.5,5.9,0.0,0.0,0.0,34.8,60.5,100.0,3.0,0.0,"Dry, overcast",2-7°C,Gale (55+),0.0
2023-2024,2023-10-18,Wednesday,19:45,Midweek,Connah's Quay Nomads,Bala Town,North,North,North-North,235.0,footballwebpages,1.0,1.0,Oct,,0,0,63.6,67,1-2h,267.5,0.8785046728971962,311.06666666666666,2.0,2.6,12,,4093574,,0,,0,0,12.8,9.6,0.0,0.0,0.0,22.5,41.0,100.0,3.0,0.6000000000000001,Drizzle,7-12°C,Windy (40-55),0.0
2023-2024,2023-10-21,Saturday,14:30,Sat afternoon,Bala Town,Haverfordwest County,North,South,North-South,163.0,footballwebpages,2.0,0.0,Oct,,0,0,181.6,175,2-3h,311.06666666666666,0.5240034290612945,458.125,6.0,0.8,13,,4097852,,0,,0,1,9.7,7.5,0.3,0.3,0.0,12.4,31.3,64.0,51.0,0.9000000000000001,Drizzle,7-12°C,Breezy (25-40),0.0
2023-2024,2023-10-21,Saturday,14:30,Sat afternoon,Barry Town United,The New Saints,South,North,North-South,340.0,footballwebpages,2.0,6.0,Oct,,0,0,221.4,185,>3h,426.25,0.7976539589442815,323.8,10.0,1.2,13,,4097853,,0,Swansea City,1,1,13.4,10.7,0.1,0.1,0.0,14.8,27.4,100.0,51.0,0.30000000000000004,Drizzle,7-12°C,Breezy (25-40),0.0
2023-2024,2023-10-21,Saturday,14:30,Sat afternoon,Caernarfon Town,Cardiff Metropolitan University,North,South,North-South,412.0,footballwebpages,5.0,1.0,Oct,,0,0,268.1,244,>3h,576.0625,0.7152001735922752,264.53333333333336,4.0,1.8,13,,4097854,,0,,0,1,11.0,8.1,0.1,0.1,0.0,14.7,32.0,100.0,51.0,0.1,"Dry, overcast",7-12°C,Breezy (25-40),0.0
2023-2024,2023-10-21,Saturday,14:30,Sat afternoon,Pontypridd United,Connah's Quay Nomads,South,North,North-South,225.0,footballwebpages,0.0,3.0,Oct,,0,0,238.3,209,>3h,299.64285714285717,0.7508939213349225,267.5,9.0,0.6,13,,4097856,,0,Swansea City,1,1,12.6,9.6,0.0,0.0,0.0,15.7,32.0,100.0,3.0,0.0,"Dry, overcast",7-12°C,Breezy (25-40),0.0
2023-2024,2023-10-27,Friday,19:45,Fri evening,Connah's Quay Nomads,Caernarfon Town,North,North,North-North,287.0,footballwebpages,6.0,1.0,Oct,,0,0,98.9,81,1-2h,267.5,1.0728971962616822,576.0625,2.0,2.2,14,,4097881,,0,,0,0,9.7,7.3,0.0,0.0,0.0,13.0,23.0,68.0,2.0,0.0,"Dry, overcast",7-12°C,Calm (<25 km/h gusts),0.0
2023-2024,2023-10-27,Friday,19:45,Fri evening,Penybont FC,Aberystwyth Town,South,Mid,Mid-South,,,0.0,2.0,Oct,,0,0,147.2,139,2-3h,382.6923076923077,,369.625,7.0,1.2,14,,4097882,,0,,0,0,11.0,8.5,0.0,0.0,0.0,13.1,22.3,100.0,3.0,0.0,"Dry, overcast",7-12°C,Calm (<25 km/h gusts),0.0
2023-2024,2023-10-28,Saturday,14:30,Sat afternoon,Colwyn Bay,Barry Town United,North,South,North-South,603.0,footballwebpages,0.0,1.0,Oct,,0,0,318.2,254,>3h,714.0625,0.8444638949671772,426.25,11.0,0.8,14,,4097884,,0,,0,1,13.3,11.0,0.1,0.1,0.0,12.8,29.5,82.0,51.0,0.1,"Dry, overcast",7-12°C,Breezy (25-40),0.0
2023-2024,2023-10-28,Saturday,14:30,Sat afternoon,Newtown AFC,Haverfordwest County,Mid,South,Mid-South,260.0,footballwebpages,1.0,1.0,Oct,,0,0,179.9,156,2-3h,298.0,0.87248322147651,458.125,4.0,2.4,14,,4097885,,0,Cardiff City,1,1,12.8,10.4,0.0,0.0,0.0,14.9,34.2,74.0,2.0,0.1,"Dry, overcast",7-12°C,Breezy (25-40),0.0
2023-2024,2023-10-28,Saturday,14:30,Sat afternoon,Pontypridd United,Cardiff Metropolitan University,South,South,South-South,215.0,footballwebpages,1.0,3.0,Oct,,0,1,18.9,28,<1h,299.64285714285717,0.7175208581644814,264.53333333333336,9.0,0.6,14,,4097886,,0,Cardiff City,1,1,12.3,8.5,0.1,0.1,0.0,21.3,38.9,100.0,51.0,0.1,"Dry, overcast",7-12°C,Breezy (25-40),0.0
2023-2024,2023-10-28,Saturday,17:15,Sat evening,The New Saints,Bala Town,North,North,North-North,314.0,footballwebpages,2.0,0.0,Oct,,0,0,54.7,51,<1h,323.8,0.9697344039530574,311.06666666666666,1.0,3.0,14,,4097883,,0,,0,1,11.2,8.8,0.0,0.0,0.0,13.9,26.3,100.0,3.0,0.5,Drizzle,7-12°C,Breezy (25-40),0.0
2023-2024,2023-10-31,Tuesday,19:45,Midweek,The New Saints,Colwyn Bay,North,North,North-North,297.0,footballwebpages,6.0,1.0,Oct,,0,0,99.0,74,1-2h,323.8,0.9172328597899938,714.0625,1.0,3.0,12,,4093576,October half-term,1,,0,0,8.1,6.6,0.0,0.0,0.0,5.2,9.7,100.0,3.0,0.0,"Dry, overcast",2-7°C,Calm (<25 km/h gusts),0.0
2023-2024,2023-11-04,Saturday,14:30,Sat afternoon,Bala Town,Pontypridd United,North,South,North-South,138.0,footballwebpages,0.0,0.0,Nov,,0,0,197.0,184,>3h,311.06666666666666,0.4436348049721388,299.64285714285717,6.0,1.4,15,,4097869,October half-term,1,,0,1,6.1,2.5,0.3,0.3,0.0,18.3,43.2,100.0,51.0,1.9000000000000001,Rain,2-7°C,Windy (40-55),1.0
2023-2024,2023-11-04,Saturday,14:30,Sat afternoon,Barry Town United,Aberystwyth Town,South,Mid,Mid-South,520.0,footballwebpages,0.0,1.0,Nov,,0,0,176.5,161,2-3h,426.25,1.219941348973607,369.625,10.0,1.2,15,,4097870,October half-term,1,Swansea City,1,1,12.5,8.1,0.7,0.7,0.0,27.9,48.2,69.0,53.0,0.8999999999999999,Drizzle,7-12°C,Windy (40-55),0.0
2023-2024,2023-11-04,Saturday,14:30,Sat afternoon,Caernarfon Town,Penybont FC,North,South,North-South,390.0,footballwebpages,2.0,4.0,Nov,,0,0,289.8,254,>3h,576.0625,0.6770098730606487,382.6923076923077,4.0,1.8,15,,4097871,October half-term,1,,0,1,7.7,3.7,0.2,0.2,0.0,20.2,37.8,100.0,51.0,1.2,Rain,2-7°C,Breezy (25-40),1.0
2023-2024,2023-11-04,Saturday,14:30,Sat afternoon,Cardiff Metropolitan University,Connah's Quay Nomads,South,North,North-South,202.0,footballwebpages,3.0,1.0,Nov,,0,0,254.9,216,>3h,264.53333333333336,0.7636088709677419,267.5,5.0,2.0,15,,4097872,October half-term,1,Swansea City,1,1,11.5,7.4,0.1,0.1,0.0,25.4,44.6,61.0,51.0,0.4,Drizzle,7-12°C,Windy (40-55),0.0
2023-2024,2023-11-04,Saturday,14:30,Sat afternoon,Haverfordwest County,Colwyn Bay,South,North,North-South,450.0,footballwebpages,5.0,0.0,Nov,,0,0,236.2,231,>3h,458.125,0.9822646657571624,714.0625,8.0,1.4,15,,4097873,October half-term,1,Swansea City,1,1,10.4,8.3,0.0,0.0,0.0,10.8,20.5,76.0,2.0,0.0,"Dry, overcast",7-12°C,Calm (<25 km/h gusts),0.0
2023-2024,2023-11-04,Saturday,14:30,Sat afternoon,Newtown AFC,The New Saints,Mid,North,Mid-North,309.0,footballwebpages,0.0,2.0,Nov,,0,0,51.6,50,<1h,298.0,1.0369127516778522,323.8,4.0,2.0,15,,4097874,October half-term,1,Swansea City,1,1,6.8,3.2,0.4,0.4,0.0,18.7,38.5,100.0,51.0,3.4999999999999996,Rain,2-7°C,Breezy (25-40),1.0
2023-2024,2023-11-14,Tuesday,20:00,Midweek,Aberystwyth Town,Newtown AFC,Mid,Mid,Mid-Mid,326.0,footballwebpages,0.0,1.0,Nov,,0,0,68.3,66,1-2h,369.625,0.8819749746364559,298.0,11.0,1.4,13,,4097851,,0,,0,0,11.2,7.2,0.4,0.4,0.0,24.9,47.9,14.0,51.0,3.4,Rain,7-12°C,Windy (40-55),1.0
2023-2024,2023-11-17,Friday,20:00,Fri evening,Aberystwyth Town,Bala Town,Mid,North,Mid-North,287.0,footballwebpages,2.0,3.0,Nov,,0,0,78.8,79,1-2h,369.625,0.776462631044978,311.06666666666666,11.0,1.4,16,,4097857,,0,,0,0,8.9,6.0,0.4,0.4,0.0,15.5,32.0,100.0,51.0,0.8,Drizzle,2-7°C,Breezy (25-40),0.0
2023-2024,2023-11-19,Sunday,14:30,Sun afternoon,Caernarfon Town,Barry Town United,North,South,North-South,468.0,footballwebpages,2.0,3.0,Nov,,0,0,279.4,247,>3h,576.0625,0.8124118476727785,426.25,6.0,1.2,16,,4097858,,0,,0,0,12.4,7.8,3.9,3.9,0.0,33.7,61.9,100.0,63.0,6.1,Heavy rain,7-12°C,Gale (55+),1.0
2023-2024,2023-11-19,Sunday,14:30,Sun afternoon,Connah's Quay Nomads,Haverfordwest County,North,South,North-South,285.0,footballwebpages,1.0,2.0,Nov,,0,0,244.6,240,>3h,267.5,1.0654205607476634,458.125,2.0,1.6,16,,4097859,,0,,0,0,13.4,10.1,0.3,0.3,0.0,24.0,44.6,61.0,51.0,1.3,Rain,7-12°C,Windy (40-55),1.0
2023-2024,2023-11-19,Sunday,14:30,Sun afternoon,Penybont FC,Newtown AFC,South,Mid,Mid-South,196.0,footballwebpages,1.0,1.0,Nov,,0,0,175.4,154,2-3h,382.6923076923077,0.5121608040201006,298.0,7.0,0.6,16,,4097860,,0,,0,0,11.9,5.4,0.0,0.0,0.0,45.2,79.9,54.0,2.0,1.0,Rain,2-7°C,Gale (55+),1.0
2023-2024,2023-11-19,Sunday,14:30,Sun afternoon,Pontypridd United,Colwyn Bay,South,North,North-South,229.0,footballwebpages,0.0,3.0,Nov,,0,0,280.9,234,>3h,299.64285714285717,0.7642431466030989,714.0625,10.0,0.8,16,,4097861,,0,,0,0,11.7,6.2,0.1,0.1,0.0,37.9,74.5,95.0,51.0,0.9,Drizzle,2-7°C,Gale (55+),0.0
2023-2024,2023-11-25,Saturday,14:30,Sat afternoon,Colwyn Bay,Penybont FC,North,South,North-South,566.0,footballwebpages,2.0,1.0,Nov,,0,0,328.6,262,>3h,714.0625,0.7926477024070022,382.6923076923077,11.0,0.6,13,,4097855,,0,Wrexham,1,1,6.2,2.7,0.0,0.0,0.0,10.2,23.4,100.0,3.0,0.0,"Dry, overcast",2-7°C,Calm (<25 km/h gusts),0.0
2023-2024,2023-11-28,Tuesday,19:45,Midweek,Barry Town United,Penybont FC,South,South,South-South,474.0,footballwebpages,1.0,1.0,Nov,,0,1,32.6,38,<1h,426.25,1.1120234604105572,382.6923076923077,9.0,1.8,17,,4097864,,0,Cardiff City,1,1,4.1,1.3,0.0,0.0,0.0,7.2,9.0,13.0,0.0,0.0,Clear,Under 2°C,Calm (<25 km/h gusts),0.0
2023-2024,2023-11-28,Tuesday,19:45,Midweek,Newtown AFC,Pontypridd United,Mid,South,Mid-South,181.0,footballwebpages,3.0,1.0,Nov,,0,0,134.5,125,2-3h,298.0,0.6073825503355704,299.64285714285717,3.0,1.0,17,,4097865,,0,Cardiff City,1,1,4.7,2.1,0.0,0.0,0.0,7.3,13.7,100.0,3.0,0.0,"Dry, overcast",2-7°C,Calm (<25 km/h gusts),0.0
2023-2024,2023-11-28,Tuesday,19:45,Midweek,Bala Town,Caernarfon Town,North,North,North-North,302.0,footballwebpages,1.0,1.0,Nov,,0,0,74.4,67,1-2h,311.06666666666666,0.9708529789969996,576.0625,5.0,1.6,17,,4097866,,0,,0,1,3.7,1.2,0.0,0.0,0.0,6.4,15.1,84.0,3.0,0.0,"Dry, overcast",Under 2°C,Calm (<25 km/h gusts),0.0
2023-2024,2023-11-28,Tuesday,19:45,Midweek,Haverfordwest County,Cardiff Metropolitan University,South,South,South-South,550.0,footballwebpages,1.0,1.0,Nov,,0,0,155.7,125,2-3h,458.125,1.2005457025920874,264.53333333333336,8.0,2.0,17,,4097868,,0,Cardiff City,1,1,3.6,1.2,0.0,0.0,0.0,5.1,6.8,34.0,1.0,0.0,Clear,Under 2°C,Calm (<25 km/h gusts),0.0
2023-2024,2023-11-28,Tuesday,20:00,Midweek,Aberystwyth Town,The New Saints,Mid,North,Mid-North,271.0,footballwebpages,1.0,3.0,Nov,,0,0,118.2,107,1-2h,369.625,0.7331755157253974,323.8,12.0,1.2,17,,4097863,,0,Cardiff City,1,1,5.8,3.4,0.1,0.1,0.0,7.7,13.7,100.0,51.0,0.9,Drizzle,2-7°C,Calm (<25 km/h gusts),0.0
2023-2024,2023-11-29,Wednesday,19:45,Midweek,Colwyn Bay,Connah's Quay Nomads,North,North,North-North,629.0,footballwebpages,2.0,3.0,Nov,,0,0,52.3,46,<1h,714.0625,0.8808752735229759,267.5,10.0,1.2,17,,4097867,,0,,0,0,1.8,-1.7,0.0,0.0,0.0,8.4,22.0,40.0,1.0,0.0,"Dry, overcast",Under 2°C,Calm (<25 km/h gusts),0.0
2023-2024,2023-12-02,Saturday,14:30,Sat afternoon,Cardiff Metropolitan University,Aberystwyth Town,South,Mid,Mid-South,201.0,footballwebpages,4.0,2.0,Dec,,0,0,166.9,156,2-3h,264.53333333333336,0.759828629032258,369.625,4.0,2.0,18,,4097875,,0,Swansea City,1,1,0.1,-2.8,0.0,0.0,0.0,4.8,11.9,100.0,3.0,0.0,"Dry, overcast",Under 2°C,Calm (<25 km/h gusts),0.0
2023-2024,2023-12-02,Saturday,14:30,Sat afternoon,Connah's Quay Nomads,Barry Town United,North,South,North-South,201.0,footballwebpages,7.0,0.0,Dec,,0,0,277.9,231,>3h,267.5,0.7514018691588785,426.25,2.0,1.8,18,,4097876,,0,,0,1,3.3,-0.7,0.0,0.0,0.0,10.3,20.2,97.0,3.0,0.0,"Dry, overcast",Under 2°C,Calm (<25 km/h gusts),0.0
2023-2024,2023-12-02,Saturday,14:30,Sat afternoon,Newtown AFC,Colwyn Bay,Mid,North,Mid-North,320.0,footballwebpages,4.0,2.0,Dec,,0,0,149.3,121,2-3h,298.0,1.0738255033557047,714.0625,3.0,1.6,18,,4097878,,0,Swansea City,1,1,3.2,-0.9,0.0,0.0,0.0,13.8,27.0,28.0,1.0,0.0,Clear,Under 2°C,Breezy (25-40),0.0
2023-2024,2023-12-02,Saturday,14:30,Sat afternoon,Pontypridd United,Caernarfon Town,South,North,North-South,191.0,footballwebpages,1.0,2.0,Dec,,0,0,251.6,225,>3h,299.64285714285717,0.6374255065554231,576.0625,11.0,0.2,18,,4097880,,0,Swansea City,1,1,-0.2,-3.1,0.0,0.0,0.0,4.4,13.3,100.0,3.0,0.0,"Dry, overcast",Under 2°C,Calm (<25 km/h gusts),0.0
2023-2024,2023-12-02,Saturday,17:15,Sat evening,Penybont FC,Bala Town,South,North,North-South,220.0,footballwebpages,0.0,2.0,Dec,,0,0,237.8,213,>3h,382.6923076923077,0.5748743718592965,311.06666666666666,7.0,1.0,18,,4097879,,0,Swansea City,1,1,0.5,-4.0,0.0,0.0,0.0,14.8,27.7,20.0,1.0,0.0,Clear,Under 2°C,Breezy (25-40),0.0
2023-2024,2023-12-16,Saturday,14:30,Sat afternoon,Caernarfon Town,Haverfordwest County,North,South,North-South,339.0,footballwebpages,0.0,1.0,Dec,,0,0,227.1,215,>3h,576.0625,0.5884778127373332,458.125,6.0,0.8,19,,4097908,,0,Wrexham,1,1,10.4,5.8,0.0,0.0,0.0,30.4,57.6,100.0,3.0,0.0,"Dry, overcast",2-7°C,Gale (55+),0.0
2023-2024,2023-12-16,Saturday,14:30,Sat afternoon,Connah's Quay Nomads,Pontypridd United,North,South,North-South,138.0,footballwebpages,3.0,1.0,Dec,,0,0,239.8,210,>3h,267.5,0.5158878504672897,299.64285714285717,2.0,1.8,19,,4097909,,0,Wrexham,1,1,11.5,9.1,0.0,0.0,0.0,13.6,31.3,100.0,3.0,0.0,"Dry, overcast",7-12°C,Breezy (25-40),0.0
2023-2024,2023-12-16,Saturday,14:30,Sat afternoon,The New Saints,Penybont FC,North,South,North-South,261.0,footballwebpages,3.0,0.0,Dec,,0,0,231.8,192,>3h,323.8,0.8060531192093885,382.6923076923077,1.0,3.0,19,,4097910,,0,Wrexham,1,1,10.4,5.8,0.0,0.0,0.0,27.6,54.7,100.0,3.0,0.0,"Dry, overcast",2-7°C,Windy (40-55),0.0
2023-2024,2023-12-16,Saturday,17:15,Sat evening,Bala Town,Cardiff Metropolitan University,North,South,North-South,202.0,footballwebpages,0.0,1.0,Dec,,0,0,213.3,202,>3h,311.06666666666666,0.6493784826403772,264.53333333333336,5.0,1.6,19,,4097906,,0,Wrexham,1,1,9.0,5.0,0.1,0.1,0.0,25.1,59.0,100.0,51.0,0.2,Drizzle,2-7°C,Gale (55+),0.0
2023-2024,2023-12-23,Saturday,14:30,Sat afternoon,Haverfordwest County,The New Saints,South,North,North-South,350.0,footballwebpages,0.0,1.0,Dec,,0,0,228.8,194,>3h,458.125,0.7639836289222374,323.8,7.0,2.2,18,,4097877,Christmas,1,,0,1,9.8,5.3,0.0,0.0,0.0,24.8,46.8,100.0,3.0,0.1,"Dry, overcast",2-7°C,Windy (40-55),0.0
2023-2024,2023-12-26,Tuesday,14:30,Midweek,Cardiff Metropolitan University,Penybont FC,South,South,South-South,203.0,footballwebpages,0.0,3.0,Dec,Christmas/New Year,0,1,40.1,43,<1h,264.53333333333336,0.7673891129032258,382.6923076923077,4.0,2.6,20,,4097887,Christmas,1,"Cardiff City, Newport County",1,1,8.0,6.5,0.0,0.0,0.0,2.7,9.0,100.0,3.0,0.0,"Dry, overcast",2-7°C,Calm (<25 km/h gusts),0.0
2023-2024,2023-12-26,Tuesday,14:30,Midweek,Colwyn Bay,Bala Town,North,North,North-North,745.0,footballwebpages,2.0,3.0,Dec,Christmas/New Year,0,0,56.6,62,1-2h,714.0625,1.0433260393873085,311.06666666666666,10.0,1.2,20,,4097888,Christmas,1,,0,1,7.1,4.2,0.0,0.0,0.0,9.7,29.2,100.0,3.0,0.0,"Dry, overcast",2-7°C,Breezy (25-40),0.0
2023-2024,2023-12-26,Tuesday,14:30,Midweek,Haverfordwest County,Barry Town United,South,South,South-South,427.0,footballwebpages,2.0,0.0,Dec,Christmas/New Year,0,0,156.4,120,2-3h,458.125,0.9320600272851296,426.25,8.0,2.0,20,,4097889,Christmas,1,"Cardiff City, Newport County",1,1,8.3,6.2,0.0,0.0,0.0,5.4,10.8,100.0,3.0,0.0,"Dry, overcast",2-7°C,Calm (<25 km/h gusts),0.0
2023-2024,2023-12-26,Tuesday,14:30,Midweek,Newtown AFC,Connah's Quay Nomads,Mid,North,Mid-North,405.0,footballwebpages,1.0,2.0,Dec,Christmas/New Year,0,0,106.8,96,1-2h,298.0,1.359060402684564,267.5,3.0,2.0,20,,4097890,Christmas,1,"Cardiff City, Newport County",1,1,7.6,5.1,0.0,0.0,0.0,6.8,18.7,100.0,3.0,0.0,"Dry, overcast",2-7°C,Calm (<25 km/h gusts),0.0
2023-2024,2023-12-26,Tuesday,14:30,Midweek,Pontypridd United,Aberystwyth Town,South,Mid,Mid-South,202.0,footballwebpages,2.0,0.0,Dec,Christmas/New Year,0,0,148.0,137,2-3h,299.64285714285717,0.6741358760429081,369.625,11.0,0.2,20,,4097891,Christmas,1,"Cardiff City, Newport County",1,1,7.7,6.2,0.0,0.0,0.0,1.1,9.0,100.0,3.0,0.0,"Dry, overcast",2-7°C,Calm (<25 km/h gusts),0.0
2023-2024,2023-12-26,Tuesday,14:30,Midweek,The New Saints,Caernarfon Town,North,North,North-North,511.0,footballwebpages,2.0,1.0,Dec,Christmas/New Year,0,0,145.4,108,1-2h,323.8,1.5781346510191476,576.0625,1.0,3.0,20,,4097892,Christmas,1,,0,1,7.4,4.7,0.0,0.0,0.0,7.3,17.3,100.0,3.0,0.0,"Dry, overcast",2-7°C,Calm (<25 km/h gusts),0.0
2023-2024,2023-12-30,Saturday,14:30,Sat afternoon,Aberystwyth Town,Haverfordwest County,Mid,South,Mid-South,301.0,footballwebpages,1.0,1.0,Dec,,0,0,103.9,98,1-2h,369.625,0.8143388569496111,458.125,12.0,0.0,21,,4097893,Christmas,1,,0,0,10.6,6.3,0.8,0.8,0.0,28.4,63.0,100.0,53.0,6.999999999999999,Heavy rain,2-7°C,Gale (55+),1.0
2023-2024,2023-12-30,Saturday,14:30,Sat afternoon,Bala Town,Newtown AFC,North,Mid,Mid-North,505.0,footballwebpages,2.0,1.0,Dec,,0,0,77.5,76,1-2h,311.06666666666666,1.623446206600943,298.0,5.0,2.0,21,,4097894,Christmas,1,,0,0,9.0,5.0,0.5,0.5,0.0,25.3,63.0,100.0,53.0,4.6,Heavy rain,2-7°C,Gale (55+),1.0
2023-2024,2023-12-30,Saturday,14:30,Sat afternoon,Barry Town United,Cardiff Metropolitan University,South,South,South-South,489.0,footballwebpages,0.0,0.0,Dec,,0,1,17.8,30,<1h,426.25,1.1472140762463343,264.53333333333336,10.0,0.8,21,,4097895,Christmas,1,,0,0,10.8,6.2,1.5,1.5,0.0,29.0,54.7,100.0,61.0,1.9,Rain,2-7°C,Windy (40-55),1.0
2023-2024,2023-12-31,Sunday,12:30,Sun lunch,Caernarfon Town,Colwyn Bay,North,North,North-North,978.0,footballwebpages,2.0,1.0,Dec,,0,1,49.6,41,<1h,576.0625,1.6977324509059346,714.0625,7.0,0.8,21,,4097896,Christmas,1,,0,0,7.7,2.9,0.3,0.3,0.0,25.2,45.4,95.0,51.0,0.4,Drizzle,2-7°C,Windy (40-55),0.0
2023-2024,2023-12-31,Sunday,14:30,Sun afternoon,Connah's Quay Nomads,The New Saints,North,North,North-North,559.0,footballwebpages,0.0,4.0,Dec,,0,0,57.9,50,<1h,267.5,2.0897196261682245,323.8,2.0,2.4,21,,4097897,Christmas,1,,0,0,7.7,3.7,0.3,0.3,0.0,19.0,32.4,100.0,51.0,0.8,Drizzle,2-7°C,Breezy (25-40),0.0
2023-2024,2023-12-31,Sunday,14:30,Sun afternoon,Penybont FC,Pontypridd United,South,South,South-South,436.0,footballwebpages,1.0,0.0,Dec,,0,1,33.8,37,<1h,382.6923076923077,1.1392964824120604,299.64285714285717,8.0,0.8,21,,4097898,Christmas,1,,0,0,7.9,1.1,1.7,1.7,0.0,38.4,70.2,92.0,61.0,2.5,Rain,Under 2°C,Gale (55+),1.0
2023-2024,2024-01-05,Friday,20:00,Fri evening,Aberystwyth Town,Colwyn Bay,Mid,North,Mid-North,333.0,footballwebpages,1.0,0.0,Jan,,0,0,134.2,135,2-3h,369.625,0.9009130875887724,714.0625,12.0,0.2,19,,4097905,,0,,0,0,6.1,2.7,0.0,0.0,0.0,13.9,27.4,26.0,1.0,0.0,Clear,2-7°C,Breezy (25-40),0.0
2023-2024,2024-01-06,Saturday,14:30,Sat afternoon,The New Saints,Cardiff Metropolitan University,North,South,North-South,326.0,footballwebpages,8.0,0.0,Jan,,0,0,199.3,169,2-3h,323.8,1.006794317479926,264.53333333333336,1.0,3.0,16,,4097862,,0,,0,0,6.4,2.5,0.0,0.0,0.0,15.9,34.6,40.0,1.0,0.0,"Dry, overcast",2-7°C,Breezy (25-40),0.0
2023-2024,2024-01-06,Saturday,14:30,Sat afternoon,Barry Town United,Newtown AFC,South,Mid,Mid-South,366.0,footballwebpages,4.0,0.0,Jan,,0,0,162.8,148,2-3h,426.25,0.8586510263929619,298.0,9.0,1.0,19,,4097907,,0,,0,0,7.9,5.5,0.0,0.0,0.0,6.6,14.8,1.0,0.0,0.0,Clear,2-7°C,Calm (<25 km/h gusts),0.0
2023-2024,2024-01-13,Saturday,17:15,Sat evening,Aberystwyth Town,Barry Town United,Mid,South,Mid-South,368.0,footballwebpages,2.0,4.0,Jan,,0,0,175.8,159,2-3h,369.625,0.9956036523503552,426.25,11.0,0.8,22,,4097899,,0,Cardiff City,1,1,4.7,2.5,0.0,0.0,0.0,3.5,10.8,100.0,3.0,0.0,"Dry, overcast",2-7°C,Calm (<25 km/h gusts),0.0
2023-2024,2024-01-13,Saturday,17:15,Sat evening,Cardiff Metropolitan University,Caernarfon Town,South,North,North-South,302.0,footballwebpages,2.0,2.0,Jan,,0,0,270.5,244,>3h,264.53333333333336,1.141633064516129,576.0625,5.0,1.4,22,,4097900,,0,Cardiff City,1,1,3.8,1.6,0.0,0.0,0.0,2.3,8.6,100.0,3.0,0.0,"Dry, overcast",Under 2°C,Calm (<25 km/h gusts),0.0
2023-2024,2024-01-13,Saturday,17:15,Sat evening,Colwyn Bay,Pontypridd United,North,South,North-South,631.0,footballwebpages,2.0,3.0,Jan,,0,0,280.1,233,>3h,714.0625,0.8836761487964989,299.64285714285717,12.0,0.0,22,,4097901,,0,Wrexham,1,1,5.4,2.2,0.1,0.1,0.0,12.2,25.9,100.0,51.0,0.1,"Dry, overcast",2-7°C,Breezy (25-40),0.0
2023-2024,2024-01-13,Saturday,17:15,Sat evening,Haverfordwest County,Bala Town,South,North,North-South,350.0,footballwebpages,2.0,3.0,Jan,,0,0,180.8,175,2-3h,458.125,0.7639836289222374,311.06666666666666,7.0,1.6,22,,4097902,,0,Cardiff City,1,1,3.4,0.9,0.0,0.0,0.0,4.7,6.8,70.0,2.0,0.0,"Dry, overcast",Under 2°C,Calm (<25 km/h gusts),0.0
2023-2024,2024-01-13,Saturday,17:15,Sat evening,Penybont FC,Connah's Quay Nomads,South,North,North-South,179.0,footballwebpages,0.0,1.0,Jan,,0,0,287.2,239,>3h,382.6923076923077,0.4677386934673367,267.5,7.0,1.4,22,,4097903,,0,Cardiff City,1,1,2.6,0.0,0.0,0.0,0.0,3.3,5.4,90.0,3.0,0.0,"Dry, overcast",Under 2°C,Calm (<25 km/h gusts),0.0
2023-2024,2024-01-13,Saturday,17:15,Sat evening,The New Saints,Newtown AFC,North,Mid,Mid-North,306.0,footballwebpages,3.0,1.0,Jan,,0,0,51.5,50,<1h,323.8,0.9450277949351452,298.0,1.0,3.0,22,,4097904,,0,Wrexham,1,1,5.0,2.8,0.0,0.0,0.0,4.0,11.5,98.0,3.0,0.0,"Dry, overcast",2-7°C,Calm (<25 km/h gusts),0.0
2023-2024,2024-02-02,Friday,19:45,Fri evening,Connah's Quay Nomads,Caernarfon Town,North,North,North-North,313.0,footballwebpages,1.0,1.0,Feb,,0,0,98.9,81,1-2h,267.5,1.1700934579439253,576.0625,2.0,2.4,23,,4270627,,0,,0,0,10.9,6.7,0.0,0.0,0.0,26.1,49.3,100.0,3.0,0.0,"Dry, overcast",2-7°C,Windy (40-55),0.0
2023-2024,2024-02-02,Friday,20:00,Fri evening,Aberystwyth Town,Haverfordwest County,Mid,South,Mid-South,303.0,footballwebpages,1.0,0.0,Feb,,0,0,103.9,98,1-2h,369.625,0.8197497463645587,458.125,11.0,0.8,23,,4270630,,0,,0,0,9.9,6.1,0.1,0.1,0.0,26.0,50.4,100.0,51.0,0.2,Drizzle,2-7°C,Windy (40-55),0.0
2023-2024,2024-02-03,Saturday,13:00,Sat lunch,Barry Town United,Pontypridd United,South,South,South-South,392.0,footballwebpages,0.0,3.0,Feb,,0,1,31.5,33,<1h,426.25,0.9196480938416424,299.64285714285717,9.0,1.4,23,,4270631,,0,"Newport County, Swansea City",1,1,9.9,5.7,0.1,0.1,0.0,27.6,47.9,100.0,51.0,0.7999999999999999,Drizzle,2-7°C,Windy (40-55),0.0
2023-2024,2024-02-03,Saturday,14:30,Sat afternoon,Bala Town,Cardiff Metropolitan University,North,South,North-South,183.0,footballwebpages,1.0,1.0,Feb,,0,0,213.3,202,>3h,311.06666666666666,0.588298328332619,264.53333333333336,3.0,2.4,23,,4270628,,0,,0,1,9.6,6.8,0.1,0.1,0.0,18.2,44.3,100.0,51.0,0.9,Drizzle,2-7°C,Windy (40-55),0.0
2023-2024,2024-02-03,Saturday,14:30,Sat afternoon,Colwyn Bay,Penybont FC,North,South,North-South,521.0,footballwebpages,1.0,2.0,Feb,,0,0,328.6,262,>3h,714.0625,0.7296280087527353,382.6923076923077,12.0,0.0,23,,4270632,,0,,0,1,9.1,6.8,0.1,0.1,0.0,12.2,34.2,100.0,51.0,0.1,"Dry, overcast",2-7°C,Breezy (25-40),0.0
2023-2024,2024-02-06,Tuesday,19:45,Midweek,The New Saints,Newtown AFC,North,Mid,Mid-North,161.0,footballwebpages,3.0,0.0,Feb,,0,0,51.5,50,<1h,323.8,0.4972205064854848,298.0,1.0,3.0,23,,4270629,,0,,0,0,4.4,0.2,1.8,1.8,0.0,17.4,35.6,100.0,61.0,5.5,Heavy rain,Under 2°C,Breezy (25-40),1.0
2023-2024,2024-02-09,Friday,19:45,Fri evening,Bala Town,The New Saints,North,North,North-North,285.0,footballwebpages,0.0,1.0,Feb,,0,0,54.3,50,<1h,311.06666666666666,0.9162023146163738,323.8,3.0,2.0,24,,4270633,,0,,0,0,7.3,4.6,0.0,0.0,0.0,13.9,31.3,100.0,3.0,0.2,Drizzle,2-7°C,Breezy (25-40),0.0
2023-2024,2024-02-09,Friday,19:45,Fri evening,Haverfordwest County,Pontypridd United,South,South,South-South,512.0,footballwebpages,1.0,1.0,Feb,,0,0,155.5,118,1-2h,458.125,1.117598908594816,299.64285714285717,8.0,0.8,24,,4270636,,0,,0,0,6.7,4.7,0.0,0.0,0.0,7.1,16.9,74.0,2.0,0.0,"Dry, overcast",2-7°C,Calm (<25 km/h gusts),0.0
2023-2024,2024-02-09,Friday,20:00,Fri evening,Aberystwyth Town,Colwyn Bay,Mid,North,Mid-North,354.0,footballwebpages,0.0,1.0,Feb,,0,0,134.2,135,2-3h,369.625,0.957727426445722,714.0625,11.0,1.4,24,,4270637,,0,,0,0,8.0,6.0,0.0,0.0,0.0,9.5,19.1,80.0,3.0,0.0,"Dry, overcast",2-7°C,Calm (<25 km/h gusts),0.0
2023-2024,2024-02-10,Saturday,12:45,Sat lunch,Penybont FC,Barry Town United,South,South,South-South,456.0,footballwebpages,2.0,2.0,Feb,,0,1,32.5,38,<1h,382.6923076923077,1.1915577889447238,426.25,7.0,1.8,24,,4270638,,0,Cardiff City,1,1,8.4,4.6,0.0,0.0,0.0,19.5,34.6,30.0,1.0,0.0,Clear,2-7°C,Breezy (25-40),0.0
2023-2024,2024-02-10,Saturday,14:30,Sat afternoon,Cardiff Metropolitan University,Caernarfon Town,South,North,North-South,180.0,footballwebpages,2.0,2.0,Feb,,0,0,270.5,244,>3h,264.53333333333336,0.6804435483870968,576.0625,4.0,0.6,24,,4270634,,0,Cardiff City,1,1,10.0,6.2,0.0,0.0,0.0,18.5,35.3,32.0,1.0,0.3,Drizzle,2-7°C,Breezy (25-40),0.0
2023-2024,2024-02-10,Saturday,14:30,Sat afternoon,Newtown AFC,Connah's Quay Nomads,Mid,North,Mid-North,304.0,footballwebpages,2.0,3.0,Feb,,0,0,106.8,96,1-2h,298.0,1.0201342281879195,267.5,5.0,0.0,24,,4270635,,0,Cardiff City,1,1,9.0,5.8,0.0,0.0,0.0,13.0,31.0,43.0,1.0,0.0,"Dry, overcast",2-7°C,Breezy (25-40),0.0
2023-2024,2024-02-23,Friday,19:45,Fri evening,Caernarfon Town,The New Saints,North,North,North-North,875.0,footballwebpages,1.0,8.0,Feb,,0,0,143.5,105,1-2h,576.0625,1.5189324075078658,323.8,6.0,1.2,25,,4270640,February half-term,1,,0,0,3.8,0.6,0.0,0.0,0.0,8.9,18.4,28.0,1.0,0.2,Drizzle,Under 2°C,Calm (<25 km/h gusts),0.0
2023-2024,2024-02-23,Friday,19:45,Fri evening,Barry Town United,Haverfordwest County,South,South,South-South,347.0,footballwebpages,1.0,1.0,Feb,,0,0,156.7,121,2-3h,426.25,0.8140762463343109,458.125,9.0,1.6,25,,4270643,February half-term,1,,0,0,5.4,0.8,0.0,0.0,0.0,17.6,32.8,18.0,0.0,0.0,Clear,Under 2°C,Breezy (25-40),0.0
2023-2024,2024-02-23,Friday,19:45,Fri evening,Penybont FC,Aberystwyth Town,South,Mid,Mid-South,453.0,footballwebpages,1.0,1.0,Feb,,0,0,147.2,139,2-3h,382.6923076923077,1.1837185929648242,369.625,7.0,2.0,25,,4270644,February half-term,1,,0,0,4.7,-0.0,0.0,0.0,0.0,17.9,32.0,14.0,0.0,0.0,Clear,Under 2°C,Breezy (25-40),0.0
2023-2024,2024-02-24,Saturday,12:15,Sat lunch,Pontypridd United,Colwyn Bay,South,North,North-South,227.0,footballwebpages,4.0,0.0,Feb,,0,0,280.9,234,>3h,299.64285714285717,0.7575685339690107,714.0625,10.0,2.0,25,,4270645,February half-term,1,Cardiff City,1,1,5.5,3.2,0.0,0.0,0.0,4.5,13.3,42.0,1.0,0.4,Drizzle,2-7°C,Calm (<25 km/h gusts),0.0
2023-2024,2024-02-24,Saturday,14:30,Sat afternoon,Newtown AFC,Bala Town,Mid,North,Mid-North,386.0,footballwebpages,1.0,5.0,Feb,,0,0,77.9,76,1-2h,298.0,1.2953020134228188,311.06666666666666,5.0,0.0,25,,4270642,February half-term,1,Cardiff City,1,1,7.3,4.6,0.0,0.0,0.0,6.0,15.8,100.0,3.0,0.1,"Dry, overcast",2-7°C,Calm (<25 km/h gusts),0.0
2023-2024,2024-02-24,Saturday,17:15,Sat evening,Connah's Quay Nomads,Cardiff Metropolitan University,North,South,North-South,158.0,footballwebpages,2.0,1.0,Feb,,0,0,255.8,216,>3h,267.5,0.5906542056074766,264.53333333333336,2.0,2.0,25,,4270641,February half-term,1,,0,1,6.5,3.0,0.0,0.0,0.0,12.9,24.1,32.0,1.0,0.30000000000000004,Drizzle,2-7°C,Calm (<25 km/h gusts),0.0
2023-2024,2024-03-01,Friday,19:45,Fri evening,Bala Town,Connah's Quay Nomads,North,North,North-North,248.0,footballwebpages,1.0,0.0,Mar,,0,0,63.7,67,1-2h,311.06666666666666,0.7972567509644235,267.5,3.0,2.0,26,,4271202,,0,,0,0,2.2,-0.5,0.0,0.0,0.0,5.4,18.7,98.0,3.0,0.0,"Dry, overcast",Under 2°C,Calm (<25 km/h gusts),0.0
2023-2024,2024-03-01,Friday,19:45,Fri evening,Caernarfon Town,Newtown AFC,North,Mid,Mid-North,512.0,footballwebpages,1.0,0.0,Mar,,0,0,132.9,120,2-3h,576.0625,0.8887924487360312,298.0,7.0,1.2,26,,4271203,,0,,0,0,2.9,-0.0,0.0,0.0,0.0,6.2,9.7,71.0,2.0,0.0,"Dry, overcast",Under 2°C,Calm (<25 km/h gusts),0.0
2023-2024,2024-03-02,Saturday,12:30,Sat lunch,Colwyn Bay,Haverfordwest County,North,South,North-South,422.0,footballwebpages,0.0,0.0,Mar,,0,0,236.9,230,>3h,714.0625,0.5909846827133479,458.125,12.0,0.6,26,,4271205,,0,Wrexham,1,1,3.9,0.0,0.1,0.1,0.0,14.0,32.0,100.0,51.0,0.1,"Dry, overcast",Under 2°C,Breezy (25-40),0.0
2023-2024,2024-03-02,Saturday,12:45,Sat lunch,The New Saints,Cardiff Metropolitan University,North,South,North-South,323.0,footballwebpages,4.0,0.0,Mar,,0,0,199.3,169,2-3h,323.8,0.9975293390982088,264.53333333333336,1.0,3.0,26,,4271204,,0,Wrexham,1,1,2.0,-2.4,0.5,0.4,0.07,17.1,35.6,100.0,71.0,0.9,Snow,Under 2°C,Breezy (25-40),0.0
2023-2024,2024-03-02,Saturday,14:30,Sat afternoon,Aberystwyth Town,Barry Town United,Mid,South,Mid-South,352.0,footballwebpages,1.0,1.0,Mar,,0,0,175.8,159,2-3h,369.625,0.9523165370307743,426.25,11.0,1.4,26,,4271206,,0,"Newport County, Swansea City",1,1,6.0,1.9,0.1,0.1,0.0,15.5,32.8,100.0,51.0,0.30000000000000004,Drizzle,Under 2°C,Breezy (25-40),0.0
2023-2024,2024-03-02,Saturday,14:30,Sat afternoon,Penybont FC,Pontypridd United,South,South,South-South,279.0,footballwebpages,0.0,1.0,Mar,,0,1,33.8,37,<1h,382.6923076923077,0.7290452261306533,299.64285714285717,6.0,1.6,26,,4271207,,0,"Newport County, Swansea City",1,1,5.7,1.4,0.0,0.0,0.0,16.1,29.9,100.0,3.0,0.30000000000000004,Drizzle,Under 2°C,Breezy (25-40),0.0
2023-2024,2024-03-08,Friday,19:45,Fri evening,Bala Town,Caernarfon Town,North,North,North-North,385.0,footballwebpages,1.0,1.0,Mar,,0,0,74.4,67,1-2h,311.06666666666666,1.237676810972996,576.0625,3.0,2.0,27,,4271196,,0,,0,0,5.7,1.0,0.0,0.0,0.0,20.9,49.7,80.0,3.0,0.0,"Dry, overcast",Under 2°C,Windy (40-55),0.0
2023-2024,2024-03-08,Friday,19:45,Fri evening,Connah's Quay Nomads,The New Saints,North,North,North-North,202.0,footballwebpages,1.0,5.0,Mar,,0,0,57.9,50,<1h,267.5,0.7551401869158878,323.8,2.0,2.0,27,,4271197,,0,,0,0,7.0,1.8,0.0,0.0,0.0,22.7,40.3,100.0,3.0,0.0,"Dry, overcast",Under 2°C,Windy (40-55),0.0
2023-2024,2024-03-08,Friday,19:45,Fri evening,Haverfordwest County,Penybont FC,South,South,South-South,698.0,footballwebpages,0.0,1.0,Mar,,0,0,123.9,98,1-2h,458.125,1.5236016371077763,382.6923076923077,8.0,0.6,27,,4271199,,0,,0,0,7.3,2.1,0.0,0.0,0.0,22.8,41.0,96.0,3.0,0.0,"Dry, overcast",2-7°C,Windy (40-55),0.0
2023-2024,2024-03-09,Saturday,14:30,Sat afternoon,Newtown AFC,Cardiff Metropolitan University,Mid,South,Mid-South,202.0,footballwebpages,2.0,0.0,Mar,,0,0,150.8,144,2-3h,298.0,0.6778523489932886,264.53333333333336,7.0,0.0,27,,4271198,,0,Cardiff City,1,1,9.1,5.5,0.1,0.1,0.0,18.5,42.1,100.0,51.0,0.30000000000000004,Drizzle,2-7°C,Windy (40-55),0.0
2023-2024,2024-03-09,Saturday,14:30,Sat afternoon,Barry Town United,Colwyn Bay,South,North,North-South,243.0,footballwebpages,1.0,1.0,Mar,,0,0,319.2,256,>3h,426.25,0.5700879765395894,714.0625,10.0,1.2,27,,4271200,,0,Cardiff City,1,1,11.0,6.1,0.1,0.1,0.0,26.3,49.7,99.0,51.0,0.30000000000000004,Drizzle,2-7°C,Windy (40-55),0.0
2023-2024,2024-03-15,Friday,19:45,Fri evening,Caernarfon Town,Connah's Quay Nomads,North,North,North-North,704.0,footballwebpages,2.0,1.0,Mar,,0,0,97.5,78,1-2h,576.0625,1.222089617012043,267.5,4.0,1.2,28,,4271208,,0,,0,0,8.7,5.1,0.0,0.0,0.0,14.4,30.6,22.0,1.0,0.1,Clear,2-7°C,Breezy (25-40),0.0
2023-2024,2024-03-15,Friday,19:45,Fri evening,Haverfordwest County,Aberystwyth Town,South,Mid,Mid-South,562.0,footballwebpages,2.0,0.0,Mar,,0,0,103.9,99,1-2h,458.125,1.2267394270122782,369.625,8.0,0.6,28,,4271211,,0,,0,0,8.6,5.8,0.0,0.0,0.0,9.7,23.8,5.0,0.0,0.0,Clear,2-7°C,Calm (<25 km/h gusts),0.0
2023-2024,2024-03-16,Saturday,14:30,Sat afternoon,Cardiff Metropolitan University,Bala Town,South,North,North-South,112.0,footballwebpages,0.0,1.0,Mar,,0,0,215.7,202,>3h,264.53333333333336,0.4233870967741935,311.06666666666666,7.0,0.4,28,,4271209,,0,Swansea City,1,1,9.5,6.1,0.1,0.1,0.0,16.9,30.2,100.0,51.0,0.1,"Dry, overcast",2-7°C,Breezy (25-40),0.0
2023-2024,2024-03-16,Saturday,14:30,Sat afternoon,Newtown AFC,The New Saints,Mid,North,Mid-North,201.0,footballwebpages,0.0,1.0,Mar,,0,0,51.6,50,<1h,298.0,0.674496644295302,323.8,5.0,0.6,28,,4271210,,0,Swansea City,1,1,8.3,5.1,0.1,0.1,0.0,14.9,30.6,100.0,51.0,0.2,Drizzle,2-7°C,Breezy (25-40),0.0
2023-2024,2024-03-16,Saturday,14:30,Sat afternoon,Penybont FC,Colwyn Bay,South,North,North-South,175.0,footballwebpages,5.0,0.0,Mar,,0,0,329.7,263,>3h,382.6923076923077,0.457286432160804,714.0625,5.0,1.6,28,,4271212,,0,Swansea City,1,1,9.9,5.8,0.1,0.1,0.0,23.7,43.9,100.0,51.0,0.30000000000000004,Drizzle,2-7°C,Windy (40-55),0.0
2023-2024,2024-03-16,Saturday,17:15,Sat evening,Pontypridd United,Barry Town United,South,South,South-South,298.0,footballwebpages,1.0,1.0,Mar,,0,1,30.2,30,<1h,299.64285714285717,0.9945172824791416,426.25,9.0,2.6,28,,4271213,,0,Swansea City,1,1,9.6,6.9,6.2,6.2,0.0,16.8,33.1,100.0,63.0,7.1,Heavy rain,2-7°C,Breezy (25-40),1.0
2023-2024,2024-03-23,Saturday,14:30,Sat afternoon,Caernarfon Town,Cardiff Metropolitan University,North,South,North-South,368.0,footballwebpages,1.0,2.0,Mar,,0,0,268.1,244,>3h,576.0625,0.6388195725290224,264.53333333333336,4.0,1.6,29,,4271220,Easter,1,,0,0,7.2,0.6,0.2,0.2,0.0,31.2,60.1,100.0,51.0,1.3,Rain,Under 2°C,Gale (55+),1.0
2023-2024,2024-03-29,Friday,12:30,Fri evening,Connah's Quay Nomads,Newtown AFC,North,Mid,Mid-North,320.0,footballwebpages,0.0,0.0,Mar,,0,0,108.0,96,1-2h,267.5,1.1962616822429906,298.0,2.0,1.2,29,,4271221,Easter,1,Wrexham,1,1,10.6,6.7,0.0,0.0,0.0,18.1,40.7,35.0,1.0,0.0,Clear,2-7°C,Windy (40-55),0.0
2023-2024,2024-03-29,Friday,12:30,Fri evening,Pontypridd United,Haverfordwest County,South,South,South-South,352.0,footballwebpages,0.0,1.0,Mar,,0,0,155.7,118,1-2h,299.64285714285717,1.1747318235995232,458.125,9.0,2.2,29,,4271222,Easter,1,Cardiff City,1,1,10.9,6.4,0.1,0.1,0.0,23.3,52.6,31.0,51.0,0.1,Clear,2-7°C,Windy (40-55),0.0
2023-2024,2024-03-29,Friday,12:30,Fri evening,Barry Town United,Penybont FC,South,South,South-South,471.0,footballwebpages,0.0,0.0,Mar,,0,1,32.6,38,<1h,426.25,1.1049853372434018,382.6923076923077,10.0,1.0,29,,4271224,Easter,1,Cardiff City,1,1,11.1,6.5,0.0,0.0,0.0,23.9,48.2,23.0,1.0,0.0,Clear,2-7°C,Windy (40-55),0.0
2023-2024,2024-03-29,Friday,12:30,Fri evening,Colwyn Bay,Aberystwyth Town,North,Mid,Mid-North,636.0,footballwebpages,1.0,2.0,Mar,,0,0,135.0,134,2-3h,714.0625,0.8906783369803063,369.625,12.0,1.0,29,,4271225,Easter,1,Wrexham,1,1,9.6,5.6,0.0,0.0,0.0,17.3,42.8,38.0,1.0,0.0,Clear,2-7°C,Windy (40-55),0.0
2023-2024,2024-04-05,Friday,19:45,Fri evening,Haverfordwest County,Barry Town United,South,South,South-South,503.0,footballwebpages (club page),2.0,1.0,Apr,,0,0,156.4,120,2-3h,458.125,1.0979536152796725,426.25,7.0,1.6,30,,4271214,,0,,0,0,11.6,8.0,0.8,0.8,0.0,24.9,46.8,100.0,53.0,1.2000000000000002,Rain,7-12°C,Windy (40-55),1.0
2023-2024,2024-04-05,Friday,19:45,Fri evening,Bala Town,Newtown AFC,North,Mid,Mid-North,324.0,footballwebpages (club page),1.0,1.0,Apr,,0,0,77.5,76,1-2h,311.06666666666666,1.0415773681954563,298.0,3.0,2.0,30,,4271217,,0,,0,0,11.9,7.7,0.0,0.0,0.0,26.9,70.9,100.0,3.0,0.1,"Dry, overcast",7-12°C,Gale (55+),0.0
2023-2024,2024-04-05,Friday,19:45,Fri evening,The New Saints,Caernarfon Town,North,North,North-North,315.0,footballwebpages (club page),7.0,1.0,Apr,,0,0,145.4,108,1-2h,323.8,0.9728227300802964,576.0625,1.0,3.0,30,,4271218,,0,,0,0,12.7,9.1,0.0,0.0,0.0,21.0,51.1,100.0,3.0,0.0,"Dry, overcast",7-12°C,Windy (40-55),0.0
2023-2024,2024-04-06,Saturday,14:30,Sat afternoon,Cardiff Metropolitan University,Connah's Quay Nomads,South,North,North-South,,,0.0,3.0,Apr,,0,0,254.9,216,>3h,264.53333333333336,,267.5,7.0,0.6,30,,4271219,,0,Cardiff City,1,1,15.3,10.5,0.3,0.3,0.0,32.6,59.0,86.0,51.0,0.7,Drizzle,7-12°C,Gale (55+),0.0
2023-2024,2024-04-06,Saturday,15:30,Sat afternoon,Colwyn Bay,Pontypridd United,North,South,North-South,453.0,footballwebpages (club page),1.0,0.0,Apr,,0,0,280.1,233,>3h,714.0625,0.6343982494529541,299.64285714285717,12.0,0.4,30,,4271216,,0,,0,1,13.7,6.8,0.0,0.0,0.0,42.1,90.0,56.0,2.0,0.1,"Dry, overcast",2-7°C,Gale (55+),0.0
2023-2024,2024-04-06,Saturday,17:15,Sat evening,Aberystwyth Town,Penybont FC,Mid,South,Mid-South,323.0,footballwebpages (club page),0.0,3.0,Apr,,0,0,147.7,140,2-3h,369.625,0.8738586405140345,382.6923076923077,11.0,1.0,30,,4271215,,0,Cardiff City,1,1,13.9,8.8,0.0,0.0,0.0,32.5,68.0,100.0,3.0,0.4,Drizzle,7-12°C,Gale (55+),0.0
2023-2024,2024-04-09,Tuesday,19:45,Midweek,Pontypridd United,Aberystwyth Town,South,Mid,Mid-South,,,0.0,0.0,Apr,,0,0,148.0,137,2-3h,299.64285714285717,,369.625,9.0,1.4,27,,4271201,,0,Newport County,1,1,9.4,4.6,0.0,0.0,0.0,20.1,50.0,8.0,0.0,0.0,Clear,2-7°C,Windy (40-55),0.0
2023-2024,2024-04-09,Tuesday,19:45,Midweek,The New Saints,Bala Town,North,North,North-North,,,4.0,1.0,Apr,,0,0,54.7,51,<1h,323.8,,311.06666666666666,1.0,3.0,29,,4271223,,0,Wrexham,1,1,8.5,3.4,0.0,0.0,0.0,21.8,54.7,1.0,0.0,0.2,Drizzle,2-7°C,Windy (40-55),0.0
2023-2024,2024-04-12,Friday,19:45,Fri evening,Connah's Quay Nomads,Bala Town,North,North,North-North,271.0,footballwebpages (club page),0.0,0.0,Apr,,0,0,63.6,67,1-2h,267.5,1.0130841121495326,311.06666666666666,2.0,0.8,31,,4271229,,0,,0,0,13.9,10.7,0.0,0.0,0.0,17.4,33.5,32.0,1.0,0.0,Clear,7-12°C,Breezy (25-40),0.0
2023-2024,2024-04-13,Saturday,12:45,Sat lunch,Haverfordwest County,Colwyn Bay,South,North,North-South,523.0,footballwebpages (club page),3.0,1.0,Apr,,0,0,236.2,231,>3h,458.125,1.1416098226466576,714.0625,5.0,2.0,31,,4271226,,0,"Newport County, Swansea City",1,1,10.6,8.1,0.6,0.6,0.0,18.1,31.7,100.0,53.0,1.4,Rain,7-12°C,Breezy (25-40),1.0
2023-2024,2024-04-13,Saturday,14:30,Sat afternoon,Barry Town United,Aberystwyth Town,South,Mid,Mid-South,519.0,footballwebpages (club page),2.0,1.0,Apr,,0,0,176.5,161,2-3h,426.25,1.2175953079178885,369.625,10.0,0.8,31,,4271227,,0,"Newport County, Swansea City",1,1,13.3,9.1,0.0,0.0,0.0,27.5,48.6,100.0,3.0,0.0,"Dry, overcast",7-12°C,Windy (40-55),0.0
2023-2024,2024-04-13,Saturday,14:30,Sat afternoon,Pontypridd United,Penybont FC,South,South,South-South,278.0,footballwebpages (club page),0.0,3.0,Apr,,0,1,33.7,36,<1h,299.64285714285717,0.9277711561382598,382.6923076923077,10.0,1.0,31,,4271228,,0,"Newport County, Swansea City",1,1,11.8,8.2,0.0,0.0,0.0,22.7,47.5,100.0,3.0,0.1,"Dry, overcast",7-12°C,Windy (40-55),0.0
2023-2024,2024-04-13,Saturday,14:30,Sat afternoon,Cardiff Metropolitan University,The New Saints,South,North,North-South,140.0,footballwebpages (club page),0.0,5.0,Apr,,0,0,199.7,170,2-3h,264.53333333333336,0.5292338709677419,323.8,7.0,0.6,31,,4271230,,0,"Newport County, Swansea City",1,1,13.1,9.4,0.0,0.0,0.0,23.6,45.0,100.0,3.0,0.0,"Dry, overcast",7-12°C,Windy (40-55),0.0
2023-2024,2024-04-13,Saturday,14:30,Sat afternoon,Newtown AFC,Caernarfon Town,Mid,North,Mid-North,410.0,footballwebpages (club page),5.0,0.0,Apr,,0,0,132.9,120,2-3h,298.0,1.3758389261744963,576.0625,8.0,1.0,31,,4271231,,0,"Newport County, Swansea City",1,1,13.2,8.7,0.0,0.0,0.0,30.2,58.3,100.0,3.0,0.2,Drizzle,7-12°C,Gale (55+),0.0
2023-2024,2024-04-21,Sunday,14:15,Sun afternoon,Aberystwyth Town,Pontypridd United,Mid,South,Mid-South,824.0,footballwebpages (club page),3.0,0.0,Apr,,0,0,148.2,138,2-3h,369.625,2.229286438958404,299.64285714285717,11.0,0.8,32,,4271232,,0,,0,0,12.5,10.1,0.1,0.1,0.0,10.8,25.9,100.0,51.0,0.1,"Dry, overcast",7-12°C,Breezy (25-40),0.0
2023-2024,2024-04-21,Sunday,14:15,Sun afternoon,Colwyn Bay,Barry Town United,North,South,North-South,924.0,footballwebpages (club page),1.0,0.0,Apr,,0,0,318.2,254,>3h,714.0625,1.2940043763676148,426.25,12.0,0.8,32,,4271233,,0,,0,0,10.1,7.2,0.0,0.0,0.0,10.5,26.6,97.0,3.0,0.0,"Dry, overcast",7-12°C,Breezy (25-40),0.0
2023-2024,2024-04-21,Sunday,14:15,Sun afternoon,Penybont FC,Haverfordwest County,South,South,South-South,647.0,footballwebpages (club page),1.0,0.0,Apr,,0,0,123.6,98,1-2h,382.6923076923077,1.6906532663316582,458.125,4.0,2.6,32,,4271234,,0,,0,0,11.8,8.6,0.1,0.1,0.0,13.5,28.1,100.0,51.0,0.1,"Dry, overcast",7-12°C,Breezy (25-40),0.0
2023-2024,2024-04-21,Sunday,14:15,Sun afternoon,Caernarfon Town,Bala Town,North,North,North-North,541.0,footballwebpages (club page),2.0,2.0,Apr,,0,0,74.4,66,1-2h,576.0625,0.9391342085277206,311.06666666666666,7.0,0.8,32,,4271235,,0,,0,0,11.5,8.9,0.0,0.0,0.0,10.6,23.0,100.0,3.0,0.0,"Dry, overcast",7-12°C,Calm (<25 km/h gusts),0.0
2023-2024,2024-04-21,Sunday,14:15,Sun afternoon,Cardiff Metropolitan University,Newtown AFC,South,Mid,Mid-South,193.0,footballwebpages (club page),1.0,3.0,Apr,,0,0,153.2,143,2-3h,264.53333333333336,0.729586693548387,298.0,8.0,0.6,32,,4271236,,0,,0,0,10.6,6.5,0.0,0.0,0.0,17.8,37.1,100.0,3.0,0.0,"Dry, overcast",2-7°C,Breezy (25-40),0.0
2023-2024,2024-04-21,Sunday,14:15,Sun afternoon,The New Saints,Connah's Quay Nomads,North,North,North-North,533.0,footballwebpages (club page),2.0,0.0,Apr,,0,0,56.4,49,<1h,323.8,1.6460778258184063,267.5,1.0,3.0,32,,4271237,,0,,0,0,10.1,6.9,0.0,0.0,0.0,11.6,29.2,98.0,3.0,0.0,"Dry, overcast",2-7°C,Breezy (25-40),0.0
2024-2025,2024-08-09,Friday,19:45,Fri evening,Newtown AFC,Aberystwyth Town,Mid,Mid,Mid-Mid,580.0,footballwebpages,4.0,1.0,Aug,,0,0,68.2,66,1-2h,333.9375,1.736851955830058,352.4375,,,1,,4364419,Summer,1,,0,0,17.0,15.1,0.0,0.0,0.0,16.7,41.4,16.0,0.0,0.0,Clear,12-17°C,Windy (40-55),0.0
2024-2025,2024-08-10,Saturday,14:30,Sat afternoon,Barry Town United,Bala Town,South,North,North-South,334.0,footballwebpages,1.0,1.0,Aug,,0,0,225.3,206,>3h,438.25,0.7621220764403879,271.8,,,1,,4364420,Summer,1,Cardiff City,1,1,20.4,19.0,0.0,0.0,0.0,26.6,47.2,100.0,3.0,0.8,Drizzle,Over 17°C,Windy (40-55),0.0
2024-2025,2024-08-10,Saturday,14:30,Sat afternoon,Flint Town United,Cardiff Metropolitan University,North,South,North-South,318.0,footballwebpages,1.0,2.0,Aug,,0,0,256.1,214,>3h,341.4375,0.9313563975837452,284.625,,,1,,4364421,Summer,1,Wrexham,1,1,18.8,18.6,0.4,0.4,0.0,16.9,33.8,47.0,51.0,0.8,Drizzle,Over 17°C,Breezy (25-40),0.0
2024-2025,2024-08-11,Sunday,14:30,Sun afternoon,Connah's Quay Nomads,Haverfordwest County,North,South,North-South,272.0,footballwebpages,0.0,1.0,Aug,,0,0,244.6,240,>3h,233.6875,1.1639475795667291,519.375,,,1,,4364423,Summer,1,,0,0,21.4,19.9,0.0,0.0,0.0,16.3,32.8,100.0,3.0,0.0,"Dry, overcast",Over 17°C,Breezy (25-40),0.0
2024-2025,2024-08-11,Sunday,17:10,Sun evening,Briton Ferry Llansawel,Penybont FC,South,South,South-South,1328.0,footballwebpages,0.0,2.0,Aug,,0,1,26.5,26,<1h,548.6875,2.4203212210957967,618.375,,,1,,4364422,Summer,1,,0,0,25.3,25.7,0.0,0.0,0.0,20.6,42.5,16.0,0.0,0.0,Clear,Over 17°C,Windy (40-55),0.0
2024-2025,2024-08-16,Friday,19:45,Fri evening,Bala Town,Briton Ferry Llansawel,North,South,North-South,326.0,footballwebpages,2.0,0.0,Aug,,0,0,213.5,191,>3h,271.8,1.199411331861663,548.6875,,,2,,4364425,Summer,1,,0,0,14.5,12.9,0.0,0.0,0.0,10.3,28.8,1.0,0.0,0.0,Clear,12-17°C,Breezy (25-40),0.0
2024-2025,2024-08-16,Friday,19:45,Fri evening,Cardiff Metropolitan University,Barry Town United,South,South,South-South,310.0,footballwebpages,1.0,1.0,Aug,,0,1,17.8,29,<1h,284.625,1.0891523935002196,438.25,,,2,,4364426,Summer,1,,0,0,18.5,17.2,0.0,0.0,0.0,13.3,24.5,0.0,0.0,0.0,Clear,Over 17°C,Calm (<25 km/h gusts),0.0
2024-2025,2024-08-16,Friday,19:45,Fri evening,Flint Town United,The New Saints,North,North,North-North,402.0,footballwebpages,1.0,4.0,Aug,,0,0,58.2,48,<1h,341.4375,1.1773750686436024,360.1875,,,2,,4364427,Summer,1,,0,0,17.1,15.5,0.0,0.0,0.0,9.3,18.4,0.0,0.0,0.0,Clear,12-17°C,Calm (<25 km/h gusts),0.0
2024-2025,2024-08-16,Friday,19:45,Fri evening,Penybont FC,Newtown AFC,South,Mid,Mid-South,746.0,footballwebpages,0.0,0.0,Aug,,0,0,175.4,154,2-3h,618.375,1.2063877097230644,333.9375,,,2,,4364428,Summer,1,,0,0,16.2,13.9,0.0,0.0,0.0,16.7,31.7,1.0,0.0,0.0,Clear,12-17°C,Breezy (25-40),0.0
2024-2025,2024-08-16,Friday,20:00,Fri evening,Aberystwyth Town,Connah's Quay Nomads,Mid,North,Mid-North,340.0,footballwebpages,1.0,1.0,Aug,,0,0,142.0,144,2-3h,352.4375,0.9647100549742862,233.6875,,,2,,4364429,Summer,1,,0,0,14.2,13.0,0.0,0.0,0.0,8.9,18.4,27.0,1.0,0.0,Clear,12-17°C,Calm (<25 km/h gusts),0.0
2024-2025,2024-08-17,Saturday,17:15,Sat evening,Caernarfon Town,Haverfordwest County,North,South,North-South,715.0,footballwebpages,1.0,2.0,Aug,,0,0,227.1,215,>3h,575.75,1.241858445505862,519.375,,,2,,4364430,Summer,1,,0,1,17.1,14.4,0.0,0.0,0.0,20.4,40.7,100.0,3.0,0.0,"Dry, overcast",12-17°C,Windy (40-55),0.0
2024-2025,2024-08-23,Friday,19:45,Fri evening,Bala Town,Flint Town United,North,North,North-North,223.0,footballwebpages,2.0,0.0,Aug,,0,0,63.3,65,1-2h,271.8,0.8204562178072111,341.4375,,,3,,4364431,Summer,1,,0,0,13.9,10.6,0.0,0.0,0.0,22.7,58.3,55.0,2.0,0.0,"Dry, overcast",7-12°C,Gale (55+),0.0
2024-2025,2024-08-23,Friday,19:45,Fri evening,Briton Ferry Llansawel,Cardiff Metropolitan University,South,South,South-South,428.0,footballwebpages,1.0,5.0,Aug,,0,0,58.3,53,<1h,548.6875,0.7800432851121996,284.625,,,3,,4364432,Summer,1,,0,0,15.0,12.2,0.0,0.0,0.0,22.4,45.7,100.0,3.0,0.4,Drizzle,12-17°C,Windy (40-55),0.0
2024-2025,2024-08-23,Friday,19:45,Fri evening,Haverfordwest County,Penybont FC,South,South,South-South,427.0,footballwebpages,0.0,0.0,Aug,,0,0,123.9,98,1-2h,519.375,0.8221419975932611,618.375,,,3,,4364434,Summer,1,,0,0,14.6,11.6,0.2,0.2,0.0,21.2,43.6,57.0,51.0,0.4,Drizzle,7-12°C,Windy (40-55),0.0
2024-2025,2024-08-23,Friday,19:45,Fri evening,Newtown AFC,Caernarfon Town,Mid,North,Mid-North,480.0,footballwebpages,0.0,4.0,Aug,,0,0,132.9,120,2-3h,333.9375,1.4373947220662548,575.75,,,3,,4364435,Summer,1,,0,0,15.0,12.5,0.1,0.1,0.0,17.9,43.6,38.0,51.0,0.30000000000000004,Drizzle,12-17°C,Windy (40-55),0.0
2024-2025,2024-08-23,Friday,20:00,Fri evening,Aberystwyth Town,Barry Town United,Mid,South,Mid-South,342.0,footballwebpages,1.0,0.0,Aug,,0,0,175.8,159,2-3h,352.4375,0.9703848200035468,438.25,,,3,,4364436,Summer,1,,0,0,14.6,12.0,0.1,0.1,0.0,19.6,40.7,79.0,51.0,0.4,Drizzle,7-12°C,Windy (40-55),0.0
2024-2025,2024-08-26,Monday,14:30,Midweek,Caernarfon Town,Bala Town,North,North,North-North,959.0,footballwebpages,0.0,0.0,Aug,August BH,0,0,74.4,66,1-2h,575.75,1.6656534954407294,271.8,,,4,,4364437,Summer,1,,0,0,17.1,13.7,0.1,0.1,0.0,27.6,54.0,100.0,51.0,0.4,Drizzle,12-17°C,Windy (40-55),0.0
2024-2025,2024-08-26,Monday,14:30,Midweek,Cardiff Metropolitan University,Haverfordwest County,South,South,South-South,340.0,footballwebpages,0.0,0.0,Aug,August BH,0,0,158.6,125,2-3h,284.625,1.194554238032499,519.375,2.0,2.3333333333333335,4,,4364438,Summer,1,,0,0,19.5,17.9,0.0,0.0,0.0,19.8,40.3,50.0,2.0,0.0,"Dry, overcast",Over 17°C,Windy (40-55),0.0
2024-2025,2024-08-26,Monday,14:30,Midweek,Flint Town United,Connah's Quay Nomads,North,North,North-North,670.0,footballwebpages,0.0,1.0,Aug,August BH,0,1,5.3,12,<1h,341.4375,1.9622917810726708,233.6875,11.0,0.0,4,,4364439,Summer,1,,0,0,18.6,16.3,0.0,0.0,0.0,18.4,34.6,100.0,3.0,0.0,"Dry, overcast",12-17°C,Breezy (25-40),0.0
2024-2025,2024-08-26,Monday,14:30,Midweek,Penybont FC,Aberystwyth Town,South,Mid,Mid-South,602.0,footballwebpages,5.0,1.0,Aug,August BH,0,0,147.2,139,2-3h,618.375,0.973519304629068,352.4375,4.0,1.6666666666666667,4,,4364440,Summer,1,,0,0,17.3,16.6,0.0,0.0,0.0,16.3,34.9,93.0,3.0,0.0,"Dry, overcast",12-17°C,Breezy (25-40),0.0
2024-2025,2024-08-26,Monday,14:30,Midweek,Barry Town United,Newtown AFC,South,Mid,Mid-South,419.0,footballwebpages,1.0,2.0,Aug,August BH,0,0,162.8,148,2-3h,438.25,0.9560752994865944,333.9375,10.0,0.6666666666666666,4,,4364442,Summer,1,,0,0,18.7,18.5,0.0,0.0,0.0,14.1,30.2,77.0,2.0,0.0,"Dry, overcast",Over 17°C,Breezy (25-40),0.0
2024-2025,2024-08-30,Friday,19:45,Fri evening,Haverfordwest County,Newtown AFC,South,Mid,Mid-South,361.0,footballwebpages,3.0,0.0,Aug,,0,0,180.1,155,2-3h,519.375,0.6950661853188929,333.9375,4.0,2.0,5,,4364444,Summer,1,,0,0,15.9,15.0,0.0,0.0,0.0,11.4,24.5,15.0,0.0,0.0,Clear,12-17°C,Calm (<25 km/h gusts),0.0
2024-2025,2024-08-31,Saturday,14:30,Sat afternoon,Bala Town,Penybont FC,North,South,North-South,202.0,footballwebpages,1.0,2.0,Aug,,0,0,235.0,212,>3h,271.8,0.7431935246504783,618.375,4.0,2.0,5,,4364445,Summer,1,,0,1,17.3,15.4,0.0,0.0,0.0,16.8,40.0,67.0,2.0,0.0,"Dry, overcast",12-17°C,Breezy (25-40),0.0
2024-2025,2024-08-31,Saturday,14:30,Sat afternoon,Barry Town United,Flint Town United,South,North,North-South,413.0,footballwebpages,3.0,2.0,Aug,,0,0,279.0,230,>3h,438.25,0.9423844837421564,341.4375,10.0,0.5,5,,4364446,Summer,1,Cardiff City,1,1,20.2,16.9,0.0,0.0,0.0,26.7,48.2,85.0,3.0,0.0,"Dry, overcast",12-17°C,Windy (40-55),0.0
2024-2025,2024-08-31,Saturday,14:30,Sat afternoon,Briton Ferry Llansawel,Connah's Quay Nomads,South,North,North-South,152.0,footballwebpages,1.0,5.0,Aug,,0,0,254.7,216,>3h,548.6875,0.2770247180772297,233.6875,12.0,0.0,5,,4364447,Summer,1,Cardiff City,1,1,19.7,17.6,0.0,0.0,0.0,21.6,43.9,46.0,1.0,0.0,"Dry, overcast",Over 17°C,Windy (40-55),0.0
2024-2025,2024-08-31,Saturday,14:30,Sat afternoon,Caernarfon Town,Cardiff Metropolitan University,North,South,North-South,421.0,footballwebpages,1.0,2.0,Aug,,0,0,268.1,244,>3h,575.75,0.7312201476335215,284.625,8.0,1.3333333333333333,5,,4364448,Summer,1,,0,1,19.3,18.7,0.0,0.0,0.0,11.9,25.9,5.0,0.0,0.0,Clear,Over 17°C,Breezy (25-40),0.0
2024-2025,2024-09-03,Tuesday,19:45,Midweek,The New Saints,Aberystwyth Town,North,Mid,Mid-North,217.0,footballwebpages,2.0,0.0,Sep,,0,0,118.1,106,1-2h,360.1875,0.6024639944473364,352.4375,,,5,,4364443,,0,,0,0,15.6,14.2,0.0,0.0,0.0,10.4,24.5,91.0,3.0,0.0,"Dry, overcast",12-17°C,Calm (<25 km/h gusts),0.0
2024-2025,2024-09-07,Saturday,14:30,Sat afternoon,Bala Town,Cardiff Metropolitan University,North,South,North-South,303.0,footballwebpages,0.0,1.0,Sep,,0,0,213.3,202,>3h,271.8,1.1147902869757174,284.625,4.0,1.6,6,,4367234,,0,Wrexham,1,1,18.9,19.8,0.0,0.0,0.0,9.5,23.8,100.0,3.0,0.4,Drizzle,Over 17°C,Calm (<25 km/h gusts),0.0
2024-2025,2024-09-07,Saturday,14:30,Sat afternoon,Connah's Quay Nomads,Barry Town United,North,South,North-South,193.0,footballwebpages,1.0,2.0,Sep,,0,0,277.9,231,>3h,233.6875,0.8258892752072746,438.25,5.0,1.75,6,,4367235,,0,Wrexham,1,1,20.0,20.4,0.1,0.1,0.0,10.0,19.8,100.0,51.0,0.2,Drizzle,Over 17°C,Calm (<25 km/h gusts),0.0
2024-2025,2024-09-07,Saturday,14:30,Sat afternoon,Haverfordwest County,The New Saints,South,North,North-South,388.0,footballwebpages,0.0,1.0,Sep,,0,0,228.8,194,>3h,519.375,0.7470517448856799,360.1875,3.0,2.2,6,,4367236,,0,Newport County,1,1,17.7,17.8,0.5,0.5,0.0,13.3,25.9,100.0,53.0,0.7,Drizzle,Over 17°C,Breezy (25-40),0.0
2024-2025,2024-09-07,Saturday,14:30,Sat afternoon,Newtown AFC,Briton Ferry Llansawel,Mid,South,Mid-South,382.0,footballwebpages,1.0,0.0,Sep,,0,0,151.0,133,2-3h,333.9375,1.1439266329777278,548.6875,8.0,1.4,6,,4367237,,0,Newport County,1,1,18.2,18.6,0.0,0.0,0.0,12.1,25.6,100.0,3.0,0.2,Drizzle,Over 17°C,Breezy (25-40),0.0
2024-2025,2024-09-07,Saturday,14:30,Sat afternoon,Penybont FC,Caernarfon Town,South,North,North-South,388.0,footballwebpages,2.0,0.0,Sep,,0,0,292.7,255,>3h,618.375,0.6274509803921569,575.75,2.0,2.2,6,,4367238,,0,Newport County,1,1,19.1,20.0,0.0,0.0,0.0,7.1,17.6,100.0,3.0,0.1,"Dry, overcast",Over 17°C,Calm (<25 km/h gusts),0.0
2024-2025,2024-09-07,Saturday,17:15,Sat evening,Aberystwyth Town,Flint Town United,Mid,North,Mid-North,273.0,footballwebpages,0.0,2.0,Sep,,0,0,141.5,143,2-3h,352.4375,0.7746054264940593,341.4375,10.0,0.8,6,,4367233,,0,Newport County,1,1,20.5,21.3,0.0,0.0,0.0,11.2,23.8,100.0,3.0,0.1,"Dry, overcast",Over 17°C,Calm (<25 km/h gusts),0.0
2024-2025,2024-09-13,Friday,19:45,Fri evening,Bala Town,Aberystwyth Town,North,Mid,Mid-North,304.0,footballwebpages,3.0,0.0,Sep,,0,0,79.6,79,1-2h,271.8,1.1184694628403238,352.4375,6.0,1.4,7,,4367239,,0,,0,0,10.7,8.5,0.0,0.0,0.0,8.3,23.8,96.0,3.0,0.0,"Dry, overcast",7-12°C,Calm (<25 km/h gusts),0.0
2024-2025,2024-09-13,Friday,19:45,Fri evening,Newtown AFC,Cardiff Metropolitan University,Mid,South,Mid-South,380.0,footballwebpages,2.0,1.0,Sep,,0,0,150.8,144,2-3h,333.9375,1.1379374883024518,284.625,5.0,1.4,7,,4367240,,0,,0,0,11.6,10.0,0.0,0.0,0.0,5.9,14.8,92.0,3.0,0.0,"Dry, overcast",7-12°C,Calm (<25 km/h gusts),0.0
2024-2025,2024-09-14,Saturday,14:30,Sat afternoon,Caernarfon Town,Briton Ferry Llansawel,North,South,North-South,370.0,footballwebpages,3.0,2.0,Sep,,0,0,268.3,233,>3h,575.75,0.6426400347372991,548.6875,9.0,0.8,7,,4367241,,0,,0,1,15.9,10.8,0.0,0.0,0.0,35.8,70.9,100.0,3.0,0.0,"Dry, overcast",7-12°C,Gale (55+),0.0
2024-2025,2024-09-14,Saturday,14:30,Sat afternoon,Flint Town United,Haverfordwest County,North,South,North-South,325.0,footballwebpages,1.0,0.0,Sep,,0,0,244.2,238,>3h,341.4375,0.9518579535054,519.375,11.0,0.6,7,,4367242,,0,,0,1,17.5,14.7,0.0,0.0,0.0,19.9,37.1,61.0,2.0,0.0,"Dry, overcast",12-17°C,Breezy (25-40),0.0
2024-2025,2024-09-14,Saturday,14:30,Sat afternoon,The New Saints,Barry Town United,North,South,North-South,216.0,footballwebpages,4.0,0.0,Sep,,0,0,221.4,185,>3h,360.1875,0.5996876626756897,438.25,6.0,3.0,7,,4367243,,0,,0,1,16.8,13.5,0.0,0.0,0.0,22.2,45.7,86.0,3.0,0.0,"Dry, overcast",12-17°C,Windy (40-55),0.0
2024-2025,2024-09-15,Sunday,14:30,Sun afternoon,Connah's Quay Nomads,Penybont FC,North,South,North-South,200.0,footballwebpages,0.0,1.0,Sep,,0,0,288.3,239,>3h,233.6875,0.8558438085049479,618.375,8.0,1.4,7,,4367244,,0,,0,0,15.6,14.7,0.6,0.6,0.0,12.2,24.1,100.0,53.0,14.799999999999999,Heavy rain,12-17°C,Calm (<25 km/h gusts),1.0
2024-2025,2024-09-20,Friday,19:45,Fri evening,Bala Town,Newtown AFC,North,Mid,Mid-North,328.0,footballwebpages,2.0,2.0,Sep,,0,0,77.5,76,1-2h,271.8,1.2067696835908757,333.9375,5.0,1.4,8,,4367245,,0,,0,0,14.4,14.1,0.0,0.0,0.0,10.9,24.1,28.0,1.0,2.8,Rain,12-17°C,Calm (<25 km/h gusts),1.0
2024-2025,2024-09-20,Friday,19:45,Fri evening,Penybont FC,The New Saints,South,North,North-South,1022.0,footballwebpages,2.0,1.0,Sep,,0,0,231.9,193,>3h,618.375,1.6527188194865574,360.1875,1.0,2.6,8,,4367246,,0,,0,0,15.9,13.7,0.0,0.0,0.0,21.7,38.2,48.0,1.0,0.7,Drizzle,12-17°C,Breezy (25-40),0.0
2024-2025,2024-09-20,Friday,20:00,Fri evening,Aberystwyth Town,Haverfordwest County,Mid,South,Mid-South,356.0,footballwebpages,0.0,3.0,Sep,,0,0,103.9,98,1-2h,352.4375,1.0101081752083705,519.375,11.0,0.6,8,,4367319,,0,,0,0,16.0,14.5,0.0,0.0,0.0,17.9,33.1,56.0,2.0,0.0,"Dry, overcast",12-17°C,Breezy (25-40),0.0
2024-2025,2024-09-21,Saturday,14:30,Sat afternoon,Barry Town United,Caernarfon Town,South,North,North-South,350.0,footballwebpages,1.0,1.0,Sep,,0,0,280.1,248,>3h,438.25,0.7986309184255562,575.75,7.0,1.2,8,,4367248,,0,Cardiff City,1,1,18.0,16.8,0.1,0.1,0.0,19.1,36.4,69.0,51.0,0.1,"Dry, overcast",12-17°C,Breezy (25-40),0.0
2024-2025,2024-09-21,Saturday,14:30,Sat afternoon,Briton Ferry Llansawel,Flint Town United,South,North,North-South,232.0,footballwebpages,1.0,1.0,Sep,,0,0,257.0,215,>3h,548.6875,0.4228272012757717,341.4375,12.0,0.0,8,,4367249,,0,Cardiff City,1,1,18.6,17.0,0.0,0.0,0.0,20.2,44.6,91.0,3.0,0.1,"Dry, overcast",12-17°C,Windy (40-55),0.0
2024-2025,2024-09-21,Saturday,14:30,Sat afternoon,Cardiff Metropolitan University,Connah's Quay Nomads,South,North,North-South,152.0,footballwebpages,2.0,1.0,Sep,,0,0,254.9,216,>3h,284.625,0.5340360122968819,233.6875,2.0,2.0,8,,4367250,,0,Cardiff City,1,1,17.4,16.8,0.4,0.4,0.0,15.5,36.4,51.0,51.0,0.7000000000000001,Drizzle,12-17°C,Breezy (25-40),0.0
2024-2025,2024-09-24,Tuesday,19:45,Midweek,Connah's Quay Nomads,Newtown AFC,North,Mid,Mid-North,206.0,footballwebpages,1.0,1.0,Sep,,0,0,108.0,96,1-2h,233.6875,0.8815191227600963,333.9375,9.0,1.2,9,,4367251,,0,,0,0,11.7,9.1,0.0,0.0,0.0,12.6,28.1,21.0,1.0,0.0,Clear,7-12°C,Breezy (25-40),0.0
2024-2025,2024-09-24,Tuesday,19:45,Midweek,Haverfordwest County,Barry Town United,South,South,South-South,350.0,footballwebpages,1.0,1.0,Sep,,0,0,156.4,120,2-3h,519.375,0.6738868832731648,438.25,4.0,1.4,9,,4367252,,0,,0,0,11.6,10.0,0.0,0.0,0.0,7.2,22.7,100.0,3.0,0.1,"Dry, overcast",7-12°C,Calm (<25 km/h gusts),0.0
2024-2025,2024-09-24,Tuesday,19:45,Midweek,Penybont FC,Briton Ferry Llansawel,South,South,South-South,612.0,footballwebpages,0.0,1.0,Sep,,0,1,24.9,25,<1h,618.375,0.9896907216494846,548.6875,1.0,3.0,9,,4367253,,0,,0,0,12.7,9.9,0.0,0.0,0.0,16.0,31.3,94.0,3.0,0.0,"Dry, overcast",7-12°C,Breezy (25-40),0.0
2024-2025,2024-09-24,Tuesday,19:45,Midweek,The New Saints,Bala Town,North,North,North-North,179.0,footballwebpages,2.0,3.0,Sep,,0,0,54.7,51,<1h,360.1875,0.4969633871247614,271.8,5.0,2.4,9,,4367254,,0,,0,0,10.8,8.4,0.0,0.0,0.0,10.8,27.7,41.0,1.0,0.0,"Dry, overcast",7-12°C,Breezy (25-40),0.0
2024-2025,2024-09-24,Tuesday,20:00,Midweek,Aberystwyth Town,Cardiff Metropolitan University,Mid,South,Mid-South,320.0,footballwebpages,1.0,2.0,Sep,,0,0,164.5,157,2-3h,352.4375,0.9079624046816812,284.625,12.0,0.0,9,,4367255,,0,,0,0,12.3,10.2,0.3,0.3,0.0,12.1,22.3,100.0,51.0,0.3,Drizzle,7-12°C,Calm (<25 km/h gusts),0.0
2024-2025,2024-09-25,Wednesday,19:45,Midweek,Flint Town United,Caernarfon Town,North,North,North-North,425.0,footballwebpages,1.0,2.0,Sep,,0,0,92.9,73,1-2h,341.4375,1.244737323814754,575.75,10.0,1.4,9,,4367256,,0,,0,0,11.7,8.5,0.0,0.0,0.0,21.8,39.2,100.0,3.0,1.3,Rain,7-12°C,Breezy (25-40),1.0
2024-2025,2024-09-27,Friday,19:45,Fri evening,Barry Town United,Aberystwyth Town,South,Mid,Mid-South,426.0,footballwebpages,1.0,0.0,Sep,,0,0,176.5,161,2-3h,438.25,0.9720479178551056,352.4375,8.0,1.6,10,,4367257,,0,,0,0,10.4,6.6,0.0,0.0,0.0,17.7,34.6,6.0,0.0,0.0,Clear,2-7°C,Breezy (25-40),0.0
2024-2025,2024-09-27,Friday,19:45,Fri evening,Newtown AFC,The New Saints,Mid,North,Mid-North,493.0,footballwebpages,1.0,6.0,Sep,,0,0,51.6,50,<1h,333.9375,1.4763241624555494,360.1875,5.0,1.6,10,,4367259,,0,,0,0,8.4,5.2,0.0,0.0,0.0,11.5,27.0,21.0,1.0,0.2,Drizzle,2-7°C,Breezy (25-40),0.0
2024-2025,2024-09-27,Friday,19:45,Fri evening,Haverfordwest County,Cardiff Metropolitan University,South,South,South-South,288.0,footballwebpages,1.0,0.0,Sep,,0,0,155.7,125,2-3h,519.375,0.5545126353790614,284.625,5.0,1.4,10,,4367260,,0,,0,0,9.5,5.3,0.2,0.2,0.0,20.3,39.2,28.0,51.0,0.6000000000000001,Drizzle,2-7°C,Breezy (25-40),0.0
2024-2025,2024-09-28,Saturday,14:30,Sat afternoon,Briton Ferry Llansawel,Bala Town,South,North,North-South,304.0,footballwebpages,2.0,2.0,Sep,,0,0,213.1,190,>3h,548.6875,0.5540494361544595,271.8,11.0,0.8,10,,4367261,,0,Newport County,1,1,13.4,11.2,0.0,0.0,0.0,9.0,20.2,100.0,3.0,0.0,"Dry, overcast",7-12°C,Calm (<25 km/h gusts),0.0
2024-2025,2024-09-28,Saturday,14:30,Sat afternoon,Flint Town United,Penybont FC,North,South,North-South,305.0,footballwebpages,0.0,1.0,Sep,,0,0,288.6,237,>3h,341.4375,0.8932820794435292,618.375,10.0,1.4,10,,4367262,,0,,0,1,13.0,10.0,0.0,0.0,0.0,14.0,27.4,96.0,3.0,0.30000000000000004,Drizzle,7-12°C,Breezy (25-40),0.0
2024-2025,2024-09-28,Saturday,17:15,Sat evening,Caernarfon Town,Connah's Quay Nomads,North,North,North-North,512.0,footballwebpages,3.0,1.0,Sep,,0,0,97.5,78,1-2h,575.75,0.8892748588797221,233.6875,8.0,1.4,10,,4367258,,0,,0,1,12.1,9.2,0.0,0.0,0.0,15.0,32.8,97.0,3.0,0.1,"Dry, overcast",7-12°C,Breezy (25-40),0.0
2024-2025,2024-10-04,Friday,19:45,Fri evening,Penybont FC,Barry Town United,South,South,South-South,956.0,footballwebpages,4.0,1.0,Oct,,0,1,32.5,38,<1h,618.375,1.5459874671518092,438.25,1.0,2.4,11,,4367344,,0,,0,0,13.1,10.1,0.0,0.0,0.0,18.1,31.7,100.0,3.0,0.0,"Dry, overcast",7-12°C,Breezy (25-40),0.0
2024-2025,2024-10-04,Friday,19:45,Fri evening,Bala Town,Haverfordwest County,North,South,North-South,328.0,footballwebpages,0.0,2.0,Oct,,0,0,181.6,175,2-3h,271.8,1.2067696835908757,519.375,4.0,1.6,11,,4367346,,0,,0,0,12.0,9.8,0.0,0.0,0.0,15.2,35.3,100.0,3.0,0.0,"Dry, overcast",7-12°C,Breezy (25-40),0.0
2024-2025,2024-10-04,Friday,19:45,Fri evening,Connah's Quay Nomads,Aberystwyth Town,North,Mid,Mid-North,207.0,footballwebpages,3.0,0.0,Oct,,0,0,142.6,144,2-3h,233.6875,0.8857983418026211,352.4375,9.0,0.2,11,,4367348,,0,,0,0,12.3,9.6,0.0,0.0,0.0,15.9,28.4,100.0,3.0,0.3,Drizzle,7-12°C,Breezy (25-40),0.0
2024-2025,2024-10-04,Friday,19:45,Fri evening,Newtown AFC,Flint Town United,Mid,North,Mid-North,284.0,footballwebpages,2.0,4.0,Oct,,0,0,109.2,95,1-2h,333.9375,0.8504585438892008,341.4375,6.0,1.6,11,,4367349,,0,,0,0,11.8,9.5,0.0,0.0,0.0,13.8,26.3,100.0,3.0,0.0,"Dry, overcast",7-12°C,Breezy (25-40),0.0
2024-2025,2024-10-05,Saturday,14:30,Sat afternoon,Cardiff Metropolitan University,Caernarfon Town,South,North,North-South,315.0,footballwebpages,1.0,2.0,Oct,,0,0,270.5,244,>3h,284.625,1.1067193675889329,575.75,3.0,1.8,11,,4367345,,0,Swansea City,1,1,15.4,11.5,0.0,0.0,0.0,25.4,46.1,36.0,1.0,0.0,Clear,7-12°C,Windy (40-55),0.0
2024-2025,2024-10-09,Wednesday,19:45,Midweek,The New Saints,Caernarfon Town,North,North,North-North,202.0,footballwebpages,1.0,2.0,Oct,,0,0,145.4,108,1-2h,360.1875,0.5608190178726358,575.75,6.0,1.8,1,,4364424,,0,,0,0,10.5,6.9,0.1,0.1,0.0,22.0,44.3,100.0,51.0,0.4,Drizzle,2-7°C,Windy (40-55),0.0
2024-2025,2024-10-12,Saturday,14:30,Sat afternoon,Aberystwyth Town,Penybont FC,Mid,South,Mid-South,503.0,footballwebpages,0.0,3.0,Oct,,0,0,147.7,140,2-3h,352.4375,1.4272034048590176,618.375,12.0,0.0,12,,4367350,,0,,0,0,11.5,7.2,0.0,0.0,0.0,21.3,43.9,100.0,3.0,0.0,"Dry, overcast",7-12°C,Windy (40-55),0.0
2024-2025,2024-10-12,Saturday,14:30,Sat afternoon,Barry Town United,Briton Ferry Llansawel,South,South,South-South,507.0,footballwebpages,3.0,1.0,Oct,,0,0,58.0,47,<1h,438.25,1.15687393040502,548.6875,8.0,1.0,12,,4367351,,0,,0,0,13.1,9.2,0.0,0.0,0.0,22.1,40.0,24.0,1.0,0.2,Drizzle,7-12°C,Breezy (25-40),0.0
2024-2025,2024-10-12,Saturday,14:30,Sat afternoon,Caernarfon Town,Newtown AFC,North,Mid,Mid-North,612.0,footballwebpages,1.0,2.0,Oct,,0,0,132.9,120,2-3h,575.75,1.062961354754668,333.9375,4.0,2.6,12,,4367352,,0,,0,0,10.6,6.1,0.1,0.1,0.0,25.1,53.6,98.0,51.0,0.4,Drizzle,2-7°C,Windy (40-55),0.0
2024-2025,2024-10-12,Saturday,14:30,Sat afternoon,Flint Town United,Bala Town,North,North,North-North,338.0,footballwebpages,2.0,2.0,Oct,,0,0,63.2,65,1-2h,341.4375,0.989932271645616,271.8,10.0,1.4,12,,4367353,,0,,0,0,12.5,7.5,0.0,0.0,0.0,24.1,42.5,94.0,3.0,0.0,"Dry, overcast",7-12°C,Windy (40-55),0.0
2024-2025,2024-10-12,Saturday,14:30,Sat afternoon,Haverfordwest County,Connah's Quay Nomads,South,North,North-South,305.0,footballwebpages,0.0,0.0,Oct,,0,0,284.1,240,>3h,519.375,0.5872442839951865,233.6875,2.0,2.0,12,,4367354,,0,,0,0,11.8,7.8,0.0,0.0,0.0,19.6,34.9,90.0,3.0,0.0,"Dry, overcast",7-12°C,Breezy (25-40),0.0
2024-2025,2024-10-12,Saturday,14:30,Sat afternoon,The New Saints,Cardiff Metropolitan University,North,South,North-South,215.0,footballwebpages,3.0,0.0,Oct,,0,0,199.3,169,2-3h,360.1875,0.596911330904043,284.625,8.0,1.2,12,,4367355,,0,,0,0,11.2,6.4,0.0,0.0,0.0,22.0,44.6,45.0,1.0,0.0,"Dry, overcast",2-7°C,Windy (40-55),0.0
2024-2025,2024-10-15,Tuesday,19:45,Midweek,Bala Town,Connah's Quay Nomads,North,North,North-North,201.0,footballwebpages,0.0,0.0,Oct,,0,0,63.7,67,1-2h,271.8,0.739514348785872,233.6875,7.0,1.2,13,,4367332,,0,,0,0,13.4,11.6,0.0,0.0,0.0,19.9,43.9,100.0,3.0,0.2,Drizzle,7-12°C,Windy (40-55),0.0
2024-2025,2024-10-15,Tuesday,19:45,Midweek,Briton Ferry Llansawel,Haverfordwest County,South,South,South-South,392.0,footballwebpages,1.0,2.0,Oct,,0,0,99.0,76,1-2h,548.6875,0.7144321676728557,519.375,11.0,1.0,13,,4367333,,0,,0,0,16.0,13.7,0.1,0.1,0.0,24.9,45.7,100.0,51.0,0.1,"Dry, overcast",12-17°C,Windy (40-55),0.0
2024-2025,2024-10-15,Tuesday,19:45,Midweek,Caernarfon Town,Aberystwyth Town,North,Mid,Mid-North,642.0,footballwebpages,1.0,4.0,Oct,,0,0,125.1,119,1-2h,575.75,1.1150673035171514,352.4375,3.0,2.4,13,,4367334,,0,,0,0,15.2,12.8,0.0,0.0,0.0,22.5,43.9,100.0,3.0,0.0,"Dry, overcast",12-17°C,Windy (40-55),0.0
2024-2025,2024-10-15,Tuesday,19:45,Midweek,Cardiff Metropolitan University,Penybont FC,South,South,South-South,528.0,footballwebpages,1.0,1.0,Oct,,0,1,40.1,43,<1h,284.625,1.855072463768116,618.375,3.0,1.2,13,,4367335,,0,,0,0,14.9,13.5,0.0,0.0,0.0,16.8,28.4,100.0,3.0,0.0,"Dry, overcast",12-17°C,Breezy (25-40),0.0
2024-2025,2024-10-15,Tuesday,19:45,Midweek,Newtown AFC,Barry Town United,Mid,South,Mid-South,264.0,footballwebpages,2.0,4.0,Oct,,0,0,162.1,147,2-3h,333.9375,0.7905670971364402,438.25,7.0,1.0,13,,4367336,,0,,0,0,14.2,12.8,0.0,0.0,0.0,17.7,34.9,100.0,3.0,0.0,"Dry, overcast",12-17°C,Breezy (25-40),0.0
2024-2025,2024-10-15,Tuesday,19:45,Midweek,The New Saints,Flint Town United,North,North,North-North,203.0,footballwebpages,5.0,0.0,Oct,,0,0,58.8,48,<1h,360.1875,0.5635953496442825,341.4375,6.0,1.2,13,,4367337,,0,,0,0,13.0,11.6,0.0,0.0,0.0,14.8,29.2,100.0,3.0,0.0,"Dry, overcast",7-12°C,Breezy (25-40),0.0
2024-2025,2024-10-25,Friday,19:45,Fri evening,Cardiff Metropolitan University,Newtown AFC,South,Mid,Mid-South,218.0,footballwebpages,2.0,1.0,Oct,,0,0,153.2,143,2-3h,284.625,0.7659200702678963,333.9375,4.0,0.8,14,,4367339,,0,,0,0,11.7,10.1,0.0,0.0,0.0,9.5,20.5,78.0,2.0,0.0,"Dry, overcast",7-12°C,Calm (<25 km/h gusts),0.0
2024-2025,2024-10-26,Saturday,14:30,Sat afternoon,Flint Town United,Barry Town United,North,South,North-South,246.0,footballwebpages,1.0,2.0,Oct,,0,0,278.2,229,>3h,341.4375,0.7204832509610104,438.25,10.0,0.8,14,,4367340,,0,,0,1,13.6,11.9,0.0,0.0,0.0,10.5,20.9,17.0,0.0,0.0,Clear,7-12°C,Calm (<25 km/h gusts),0.0
2024-2025,2024-10-26,Saturday,14:30,Sat afternoon,Penybont FC,Bala Town,South,North,North-South,432.0,footballwebpages,1.0,1.0,Oct,,0,0,237.8,213,>3h,618.375,0.698605215281989,271.8,1.0,2.0,14,,4367342,,0,"Newport County, Swansea City",1,1,13.9,12.8,0.0,0.0,0.0,6.7,17.3,8.0,0.0,0.0,Clear,12-17°C,Calm (<25 km/h gusts),0.0
2024-2025,2024-10-26,Saturday,17:15,Sat evening,Haverfordwest County,Caernarfon Town,South,North,North-South,218.0,footballwebpages,0.0,0.0,Oct,,0,0,226.3,215,>3h,519.375,0.4197352587244284,575.75,2.0,2.2,14,,4367341,,0,"Newport County, Swansea City",1,1,13.1,11.1,0.0,0.0,0.0,11.9,29.2,37.0,1.0,0.0,Clear,7-12°C,Breezy (25-40),0.0
2024-2025,2024-10-27,Sunday,13:00,Sun lunch,Aberystwyth Town,The New Saints,Mid,North,Mid-North,379.0,footballwebpages,2.0,4.0,Oct,,0,0,118.2,107,1-2h,352.4375,1.0753679730448662,360.1875,11.0,0.6,14,,4367338,,0,,0,0,11.6,9.0,0.0,0.0,0.0,12.3,27.0,70.0,2.0,0.0,"Dry, overcast",7-12°C,Breezy (25-40),0.0
2024-2025,2024-10-27,Sunday,14:30,Sun afternoon,Connah's Quay Nomads,Briton Ferry Llansawel,North,South,North-South,256.0,footballwebpages,2.0,1.0,Oct,,0,0,256.3,218,>3h,233.6875,1.0954800748863331,548.6875,9.0,1.2,14,,4367343,,0,,0,0,11.1,8.2,0.0,0.0,0.0,11.0,21.6,100.0,3.0,0.0,"Dry, overcast",7-12°C,Calm (<25 km/h gusts),0.0
2024-2025,2024-10-30,Wednesday,19:45,Midweek,Connah's Quay Nomads,The New Saints,North,North,North-North,296.0,footballwebpages,1.0,2.0,Oct,,0,0,57.9,50,<1h,233.6875,1.2666488365873227,360.1875,9.0,1.6,3,,4364433,October half-term,1,,0,0,10.3,9.4,0.0,0.0,0.0,5.0,5.8,100.0,3.0,0.0,"Dry, overcast",7-12°C,Calm (<25 km/h gusts),0.0
2024-2025,2024-11-02,Saturday,13:00,Sat lunch,Barry Town United,The New Saints,South,North,North-South,406.0,footballwebpages,1.0,4.0,Nov,,0,0,221.4,185,>3h,438.25,0.9264118653736452,360.1875,5.0,2.4,15,,4367357,October half-term,1,Cardiff City,1,1,12.6,9.8,0.0,0.0,0.0,16.6,31.3,100.0,3.0,0.0,"Dry, overcast",7-12°C,Breezy (25-40),0.0
2024-2025,2024-11-02,Saturday,14:30,Sat afternoon,Caernarfon Town,Penybont FC,North,South,North-South,610.0,footballwebpages,1.0,5.0,Nov,,0,0,289.8,254,>3h,575.75,1.059487624837169,618.375,6.0,1.4,15,,4367358,October half-term,1,,0,1,12.7,10.8,0.0,0.0,0.0,11.4,25.6,74.0,2.0,0.0,"Dry, overcast",7-12°C,Breezy (25-40),0.0
2024-2025,2024-11-02,Saturday,14:30,Sat afternoon,Connah's Quay Nomads,Cardiff Metropolitan University,North,South,North-South,170.0,footballwebpages,1.0,0.0,Nov,,0,0,255.8,216,>3h,233.6875,0.7274672372292057,284.625,9.0,1.6,15,,4367359,October half-term,1,,0,1,11.8,9.5,0.1,0.1,0.0,14.6,27.0,100.0,51.0,0.2,Drizzle,7-12°C,Breezy (25-40),0.0
2024-2025,2024-11-02,Saturday,14:30,Sat afternoon,Haverfordwest County,Flint Town United,South,North,North-South,276.0,footballwebpages,4.0,1.0,Nov,,0,0,286.4,239,>3h,519.375,0.5314079422382672,341.4375,3.0,2.2,15,,4367360,October half-term,1,Cardiff City,1,1,11.8,8.8,0.0,0.0,0.0,18.2,32.8,100.0,3.0,0.0,"Dry, overcast",7-12°C,Breezy (25-40),0.0
2024-2025,2024-11-02,Saturday,14:30,Sat afternoon,Newtown AFC,Bala Town,Mid,North,Mid-North,299.0,footballwebpages,0.0,0.0,Nov,,0,0,77.9,76,1-2h,333.9375,0.8953771289537713,271.8,9.0,0.6,15,,4367361,October half-term,1,Cardiff City,1,1,11.4,9.4,0.0,0.0,0.0,11.8,27.4,100.0,3.0,0.1,"Dry, overcast",7-12°C,Breezy (25-40),0.0
2024-2025,2024-11-02,Saturday,17:15,Sat evening,Briton Ferry Llansawel,Aberystwyth Town,South,Mid,Mid-South,318.0,footballwebpages,4.0,0.0,Nov,,0,0,122.5,116,1-2h,548.6875,0.5795648707142044,352.4375,12.0,0.8,15,,4367356,October half-term,1,Cardiff City,1,1,12.8,11.8,0.0,0.0,0.0,7.7,25.2,100.0,3.0,0.0,"Dry, overcast",7-12°C,Breezy (25-40),0.0
2024-2025,2024-11-08,Friday,19:45,Fri evening,Aberystwyth Town,Newtown AFC,Mid,Mid,Mid-Mid,403.0,footballwebpages,3.0,1.0,Nov,,0,0,68.3,66,1-2h,352.4375,1.1434651533959923,333.9375,12.0,0.6,16,,4367326,,0,,0,0,8.7,5.7,0.0,0.0,0.0,12.5,23.8,71.0,2.0,0.0,"Dry, overcast",2-7°C,Calm (<25 km/h gusts),0.0
2024-2025,2024-11-09,Saturday,14:30,Sat afternoon,Barry Town United,Connah's Quay Nomads,South,North,North-South,427.0,footballwebpages,3.0,2.0,Nov,,0,0,276.7,231,>3h,438.25,0.9743297204791784,233.6875,5.0,1.8,16,,4367328,,0,Cardiff City,1,1,9.4,7.5,0.0,0.0,0.0,7.3,16.2,100.0,3.0,0.0,"Dry, overcast",7-12°C,Calm (<25 km/h gusts),0.0
2024-2025,2024-11-09,Saturday,14:30,Sat afternoon,Briton Ferry Llansawel,Caernarfon Town,South,North,North-South,301.0,footballwebpages,0.0,1.0,Nov,,0,0,268.0,232,>3h,548.6875,0.5485818430345142,575.75,12.0,0.8,16,,4367329,,0,Cardiff City,1,1,10.1,8.3,0.0,0.0,0.0,8.3,18.4,100.0,3.0,0.0,"Dry, overcast",7-12°C,Calm (<25 km/h gusts),0.0
2024-2025,2024-11-09,Saturday,14:30,Sat afternoon,Penybont FC,Flint Town United,South,North,North-South,356.0,footballwebpages,3.0,1.0,Nov,,0,0,289.5,238,>3h,618.375,0.5757024459268243,341.4375,1.0,2.2,16,,4367330,,0,Cardiff City,1,1,9.1,6.5,0.0,0.0,0.0,11.8,24.1,100.0,3.0,0.0,"Dry, overcast",2-7°C,Calm (<25 km/h gusts),0.0
2024-2025,2024-11-09,Saturday,17:15,Sat evening,Cardiff Metropolitan University,Bala Town,South,North,North-South,226.0,footballwebpages,3.0,3.0,Nov,,0,0,215.7,202,>3h,284.625,0.7940272288098376,271.8,5.0,0.8,16,,4367327,,0,Cardiff City,1,1,8.7,7.3,0.0,0.0,0.0,3.5,8.3,100.0,3.0,0.0,"Dry, overcast",7-12°C,Calm (<25 km/h gusts),0.0
2024-2025,2024-11-10,Sunday,14:30,Sun afternoon,The New Saints,Haverfordwest County,North,South,North-South,286.0,footballwebpages,2.0,1.0,Nov,,0,0,228.7,194,>3h,360.1875,0.7940308866909596,519.375,2.0,3.0,16,,4367331,,0,,0,0,12.2,10.9,0.2,0.2,0.0,10.1,23.0,100.0,51.0,0.2,Drizzle,7-12°C,Calm (<25 km/h gusts),0.0
2024-2025,2024-11-20,Wednesday,19:45,Midweek,Briton Ferry Llansawel,The New Saints,South,North,North-South,712.0,footballwebpages,3.0,1.0,Nov,,0,0,199.5,170,2-3h,548.6875,1.2976421004670236,360.1875,12.0,0.6,11,,4367347,,0,,0,0,-0.3,-3.5,0.0,0.0,0.0,5.4,12.2,100.0,3.0,0.0,"Dry, overcast",Under 2°C,Calm (<25 km/h gusts),0.0
2024-2025,2024-11-23,Saturday,14:30,Sat afternoon,Cardiff Metropolitan University,Aberystwyth Town,South,Mid,Mid-South,182.0,footballwebpages,3.0,0.0,Nov,,0,0,166.9,156,2-3h,284.625,0.6394378568291612,352.4375,4.0,1.0,17,,4367363,,0,,0,1,12.4,8.5,1.3,1.3,0.0,30.3,60.8,100.0,61.0,7.1,Heavy rain,7-12°C,Gale (55+),1.0
2024-2025,2024-11-23,Saturday,14:30,Sat afternoon,Flint Town United,Briton Ferry Llansawel,North,South,North-South,185.0,footballwebpages,2.0,1.0,Nov,,0,0,256.6,216,>3h,341.4375,0.5418268350723046,548.6875,11.0,0.2,17,,4367364,,0,Wrexham,1,1,12.3,7.6,1.0,1.0,0.0,32.3,70.2,100.0,55.0,7.4,Heavy rain,7-12°C,Gale (55+),1.0
2024-2025,2024-11-23,Saturday,14:30,Sat afternoon,Haverfordwest County,Bala Town,South,North,North-South,238.0,footballwebpages,0.0,0.0,Nov,,0,0,180.8,175,2-3h,519.375,0.4582430806257521,271.8,3.0,1.6,17,,4367365,,0,,0,1,13.8,8.1,0.9,0.9,0.0,44.3,76.0,100.0,53.0,5.300000000000001,Heavy rain,7-12°C,Gale (55+),1.0
2024-2025,2024-11-23,Saturday,14:30,Sat afternoon,The New Saints,Penybont FC,North,South,North-South,287.0,footballwebpages,3.0,2.0,Nov,,0,0,231.8,192,>3h,360.1875,0.7968072184626063,618.375,2.0,2.4,17,,4367367,,0,Wrexham,1,1,11.8,5.9,2.7,2.7,0.0,41.1,77.4,100.0,63.0,8.600000000000001,Heavy rain,2-7°C,Gale (55+),1.0
2024-2025,2024-11-30,Saturday,14:30,Sat afternoon,Newtown AFC,Connah's Quay Nomads,Mid,North,Mid-North,284.0,footballwebpages,0.0,3.0,Nov,,0,0,106.8,96,1-2h,333.9375,0.8504585438892008,233.6875,9.0,0.8,17,,4367366,,0,Swansea City,1,1,13.6,10.9,0.0,0.0,0.0,22.7,46.1,89.0,3.0,0.0,"Dry, overcast",7-12°C,Windy (40-55),0.0
2024-2025,2024-12-03,Tuesday,19:45,Midweek,Briton Ferry Llansawel,Newtown AFC,South,Mid,Mid-South,304.0,footballwebpages,2.0,1.0,Dec,,0,0,150.7,131,2-3h,548.6875,0.5540494361544595,333.9375,11.0,1.2,18,,4367382,,0,,0,1,4.7,2.7,0.0,0.0,0.0,3.2,6.1,100.0,3.0,0.0,"Dry, overcast",2-7°C,Calm (<25 km/h gusts),0.0
2024-2025,2024-12-03,Tuesday,19:45,Midweek,Connah's Quay Nomads,Caernarfon Town,North,North,North-North,213.0,footballwebpages,1.0,1.0,Dec,,0,0,98.9,81,1-2h,233.6875,0.9114736560577694,575.75,7.0,1.8,18,,4367383,,0,Wrexham,1,1,4.5,1.6,0.0,0.0,0.0,8.0,15.5,100.0,3.0,0.0,"Dry, overcast",Under 2°C,Calm (<25 km/h gusts),0.0
2024-2025,2024-12-03,Tuesday,19:45,Midweek,Penybont FC,Haverfordwest County,South,South,South-South,354.0,footballwebpages,1.0,0.0,Dec,,0,0,123.6,98,1-2h,618.375,0.572468162522741,519.375,1.0,1.6,18,,4367384,,0,,0,1,5.1,2.3,0.0,0.0,0.0,8.9,15.1,100.0,3.0,0.0,"Dry, overcast",2-7°C,Calm (<25 km/h gusts),0.0
2024-2025,2024-12-04,Wednesday,19:45,Midweek,Bala Town,The New Saints,North,North,North-North,213.0,footballwebpages,1.0,0.0,Dec,,0,0,54.3,50,<1h,271.8,0.7836644591611479,360.1875,8.0,1.0,18,,4367380,,0,,0,0,9.0,4.6,0.9,0.9,0.0,27.6,60.1,100.0,53.0,1.7999999999999998,Rain,2-7°C,Gale (55+),1.0
2024-2025,2024-12-04,Wednesday,19:45,Midweek,Flint Town United,Aberystwyth Town,North,Mid,Mid-North,225.0,footballwebpages,3.0,0.0,Dec,,0,0,142.2,142,2-3h,341.4375,0.6589785831960461,352.4375,11.0,0.6,18,,4367385,,0,,0,0,9.0,5.1,0.3,0.3,0.0,21.3,41.4,100.0,51.0,0.5,Drizzle,2-7°C,Windy (40-55),0.0
2024-2025,2024-12-10,Tuesday,19:45,Midweek,Barry Town United,Cardiff Metropolitan University,South,South,South-South,270.0,footballwebpages,2.0,1.0,Dec,,0,1,17.8,30,<1h,438.25,0.6160867084997148,284.625,7.0,2.4,18,,4367381,,0,,0,0,6.3,1.1,0.0,0.0,0.0,22.8,41.4,100.0,3.0,0.0,"Dry, overcast",Under 2°C,Windy (40-55),0.0
2024-2025,2024-12-14,Saturday,14:30,Sat afternoon,Caernarfon Town,Barry Town United,North,South,North-South,374.0,footballwebpages,3.0,2.0,Dec,,0,0,279.4,247,>3h,575.75,0.649587494572297,438.25,7.0,1.0,17,,4367362,,0,Wrexham,1,1,7.3,3.5,0.0,0.0,0.0,17.8,29.9,100.0,3.0,0.2,Drizzle,2-7°C,Breezy (25-40),0.0
2024-2025,2024-12-14,Saturday,14:30,Sat afternoon,Cardiff Metropolitan University,Flint Town United,South,North,North-South,144.0,footballwebpages,2.0,0.0,Dec,,0,0,257.2,215,>3h,284.625,0.5059288537549407,341.4375,4.0,1.4,19,,4367378,,0,Swansea City,1,1,7.8,4.0,0.0,0.0,0.0,15.0,29.2,14.0,0.0,0.0,Clear,2-7°C,Breezy (25-40),0.0
2024-2025,2024-12-21,Saturday,14:30,Sat afternoon,Aberystwyth Town,Caernarfon Town,Mid,North,Mid-North,266.0,footballwebpages,3.0,1.0,Dec,,0,0,124.4,119,1-2h,352.4375,0.7547437488916474,575.75,12.0,0.6,19,,4367376,Christmas,1,"Cardiff City, Newport County",1,1,10.6,5.3,0.1,0.1,0.0,32.6,57.6,99.0,51.0,1.6,Rain,2-7°C,Gale (55+),1.0
2024-2025,2024-12-21,Saturday,14:30,Sat afternoon,Bala Town,Barry Town United,North,South,North-South,178.0,footballwebpages,3.0,1.0,Dec,,0,0,224.6,205,>3h,271.8,0.6548933038999264,438.25,7.0,1.4,19,,4367377,Christmas,1,,0,1,9.8,3.9,0.0,0.0,0.0,32.3,71.3,95.0,3.0,0.4,Drizzle,2-7°C,Gale (55+),0.0
2024-2025,2024-12-22,Sunday,14:30,Sun afternoon,The New Saints,Briton Ferry Llansawel,North,South,North-South,236.0,footballwebpages,5.0,2.0,Dec,,0,0,199.8,171,2-3h,360.1875,0.655214298108624,548.6875,2.0,1.8,4,,4364441,Christmas,1,,0,0,5.0,-3.4,1.3,0.4,0.63,43.8,80.3,51.0,73.0,2.1,Snow,Under 2°C,Gale (55+),1.0
2024-2025,2024-12-26,Thursday,12:30,Midweek,Barry Town United,Penybont FC,South,South,South-South,812.0,footballwebpages,1.0,2.0,Dec,Christmas/New Year,0,1,32.6,38,<1h,438.25,1.8528237307472903,618.375,7.0,1.2,20,,4367368,Christmas,1,Swansea City,1,1,7.7,6.1,0.0,0.0,0.0,5.4,16.2,100.0,3.0,0.0,"Dry, overcast",2-7°C,Calm (<25 km/h gusts),0.0
2024-2025,2024-12-26,Thursday,12:30,Midweek,Cardiff Metropolitan University,Briton Ferry Llansawel,South,South,South-South,363.0,footballwebpages,1.0,3.0,Dec,Christmas/New Year,0,0,59.9,51,<1h,284.625,1.2753623188405796,548.6875,3.0,1.4,20,,4367369,Christmas,1,Swansea City,1,1,7.9,6.6,0.0,0.0,0.0,4.0,10.8,100.0,3.0,0.0,"Dry, overcast",2-7°C,Calm (<25 km/h gusts),0.0
2024-2025,2024-12-26,Thursday,14:30,Midweek,Aberystwyth Town,Bala Town,Mid,North,Mid-North,426.0,footballwebpages,0.0,0.0,Dec,Christmas/New Year,0,0,78.8,79,1-2h,352.4375,1.208724951232488,271.8,12.0,1.2,20,,4367370,Christmas,1,Swansea City,1,1,10.9,10.3,0.0,0.0,0.0,2.7,11.5,100.0,3.0,0.0,"Dry, overcast",7-12°C,Calm (<25 km/h gusts),0.0
2024-2025,2024-12-26,Thursday,14:30,Midweek,Caernarfon Town,The New Saints,North,North,North-North,747.0,footballwebpages,2.0,5.0,Dec,Christmas/New Year,0,0,143.5,105,1-2h,575.75,1.2974381241858446,360.1875,6.0,1.4,20,,4367371,Christmas,1,Wrexham,1,1,10.0,8.2,0.0,0.0,0.0,10.0,18.7,100.0,3.0,0.0,"Dry, overcast",7-12°C,Calm (<25 km/h gusts),0.0
2024-2025,2024-12-26,Thursday,14:30,Midweek,Connah's Quay Nomads,Flint Town United,North,North,North-North,387.0,footballwebpages,7.0,2.0,Dec,Christmas/New Year,0,1,5.4,12,<1h,233.6875,1.6560577694570742,341.4375,8.0,1.4,20,,4367372,Christmas,1,Wrexham,1,1,8.2,6.2,0.0,0.0,0.0,7.1,18.0,75.0,2.0,0.0,"Dry, overcast",2-7°C,Calm (<25 km/h gusts),0.0
2024-2025,2024-12-26,Thursday,14:30,Midweek,Newtown AFC,Haverfordwest County,Mid,South,Mid-South,307.0,footballwebpages,0.0,2.0,Dec,Christmas/New Year,0,0,179.9,156,2-3h,333.9375,0.9193337076548757,519.375,9.0,0.2,20,,4367373,Christmas,1,Swansea City,1,1,8.5,7.2,0.0,0.0,0.0,4.3,11.9,100.0,3.0,0.0,"Dry, overcast",7-12°C,Calm (<25 km/h gusts),0.0
2024-2025,2024-12-31,Tuesday,12:30,Midweek,Briton Ferry Llansawel,Barry Town United,South,South,South-South,1384.0,footballwebpages,0.0,0.0,Dec,,0,0,59.1,48,<1h,548.6875,2.522382959334776,438.25,10.0,1.8,21,,4367322,Christmas,1,,0,0,9.8,5.4,0.8,0.8,0.0,28.5,55.4,99.0,53.0,1.3,Rain,2-7°C,Gale (55+),1.0
2024-2025,2024-12-31,Tuesday,14:30,Midweek,The New Saints,Connah's Quay Nomads,North,North,North-North,414.0,footballwebpages,2.0,1.0,Dec,,0,0,56.4,49,<1h,360.1875,1.1494013534617389,233.6875,2.0,1.8,21,,4367321,Christmas,1,,0,0,10.2,3.9,0.0,0.0,0.0,37.5,70.2,100.0,3.0,0.0,"Dry, overcast",2-7°C,Gale (55+),0.0
2024-2025,2024-12-31,Tuesday,17:45,Midweek,Penybont FC,Cardiff Metropolitan University,South,South,South-South,642.0,footballwebpages,2.0,2.0,Dec,,0,1,37.0,43,<1h,618.375,1.038204972710734,284.625,2.0,2.4,21,,4367325,Christmas,1,,0,0,9.8,2.9,0.2,0.2,0.0,42.8,74.9,100.0,51.0,1.0,Rain,2-7°C,Gale (55+),1.0
2024-2025,2025-01-01,Wednesday,14:30,Midweek,Flint Town United,Newtown AFC,North,Mid,Mid-North,342.0,footballwebpages,2.0,0.0,Jan,Christmas/New Year,0,0,108.3,94,1-2h,341.4375,1.00164744645799,333.9375,11.0,1.2,21,,4367323,Christmas,1,,0,1,7.4,2.4,0.0,0.0,0.0,24.0,46.4,31.0,1.0,0.0,Clear,2-7°C,Windy (40-55),0.0
2024-2025,2025-01-01,Wednesday,14:30,Midweek,Haverfordwest County,Aberystwyth Town,South,Mid,Mid-South,1486.0,footballwebpages,1.0,0.0,Jan,Christmas/New Year,0,0,103.9,99,1-2h,519.375,2.8611311672683515,352.4375,3.0,1.4,21,,4367324,Christmas,1,Cardiff City,1,1,7.1,2.0,0.3,0.3,0.0,24.9,43.6,100.0,51.0,0.3,Drizzle,Under 2°C,Windy (40-55),0.0
2024-2025,2025-01-04,Saturday,14:30,Sat afternoon,Haverfordwest County,Briton Ferry Llansawel,South,South,South-South,512.0,footballwebpages,5.0,1.0,Jan,,0,0,98.9,75,1-2h,519.375,0.9858002406738868,548.6875,3.0,1.4,19,,4367374,,0,Swansea City,1,1,2.4,-2.3,0.3,0.3,0.0,18.9,32.0,100.0,51.0,0.5,Drizzle,Under 2°C,Breezy (25-40),0.0
2024-2025,2025-01-04,Saturday,14:30,Sat afternoon,The New Saints,Newtown AFC,North,Mid,Mid-North,374.0,footballwebpages,2.0,1.0,Jan,,0,0,51.5,50,<1h,360.1875,1.0383480825958702,333.9375,1.0,2.4,19,,4367375,,0,Wrexham,1,1,1.3,-1.8,0.0,0.0,0.0,6.3,13.3,100.0,3.0,0.0,"Dry, overcast",Under 2°C,Calm (<25 km/h gusts),0.0
2024-2025,2025-01-04,Saturday,14:30,Sat afternoon,Penybont FC,Connah's Quay Nomads,South,North,North-South,677.0,footballwebpages,1.0,0.0,Jan,,0,0,287.2,239,>3h,618.375,1.0948049322821911,233.6875,2.0,2.0,19,,4367379,,0,Swansea City,1,1,2.1,-2.9,0.0,0.0,0.0,19.1,34.2,100.0,3.0,0.2,Drizzle,Under 2°C,Breezy (25-40),0.0
2024-2025,2025-01-11,Saturday,12:45,Sat lunch,Bala Town,Caernarfon Town,North,North,North-North,421.0,footballwebpages,0.0,2.0,Jan,,0,0,74.4,67,1-2h,271.8,1.5489330389992642,575.75,5.0,1.8,21,,4367320,,0,,0,0,1.4,-2.1,0.0,0.0,0.0,9.2,19.4,100.0,3.0,0.0,"Dry, overcast",Under 2°C,Calm (<25 km/h gusts),0.0
2024-2025,2025-01-11,Saturday,12:45,Sat lunch,Aberystwyth Town,Briton Ferry Llansawel,Mid,South,Mid-South,459.0,footballwebpages,1.0,6.0,Jan,,0,0,122.7,117,1-2h,352.4375,1.3023585742152863,548.6875,12.0,0.8,22,,4367386,,0,,0,0,3.8,-0.7,0.0,0.0,0.0,15.2,25.9,22.0,1.0,0.0,Clear,Under 2°C,Breezy (25-40),0.0
2024-2025,2025-01-14,Tuesday,19:45,Midweek,Barry Town United,Haverfordwest County,South,South,South-South,357.0,footballwebpages,1.0,1.0,Jan,,0,0,156.7,121,2-3h,438.25,0.8146035367940673,519.375,7.0,0.8,22,,4367387,,0,Cardiff City,1,1,9.2,6.8,0.0,0.0,0.0,13.5,26.3,100.0,3.0,0.0,"Dry, overcast",2-7°C,Breezy (25-40),0.0
2024-2025,2025-01-14,Tuesday,19:45,Midweek,Caernarfon Town,Flint Town United,North,North,North-North,729.0,footballwebpages,3.0,0.0,Jan,,0,0,91.7,71,1-2h,575.75,1.2661745549283543,341.4375,5.0,1.4,22,,4367388,,0,,0,1,9.9,7.3,0.0,0.0,0.0,16.8,27.4,100.0,3.0,0.0,"Dry, overcast",7-12°C,Breezy (25-40),0.0
2024-2025,2025-01-14,Tuesday,19:45,Midweek,Cardiff Metropolitan University,The New Saints,South,North,North-South,220.0,footballwebpages,0.0,2.0,Jan,,0,0,199.7,170,2-3h,284.625,0.7729468599033816,360.1875,5.0,1.4,22,,4367389,,0,Cardiff City,1,1,8.8,7.2,0.0,0.0,0.0,7.9,16.6,100.0,3.0,0.0,"Dry, overcast",7-12°C,Calm (<25 km/h gusts),0.0
2024-2025,2025-01-14,Tuesday,19:45,Midweek,Newtown AFC,Penybont FC,Mid,South,Mid-South,192.0,footballwebpages,1.0,2.0,Jan,,0,0,172.5,154,2-3h,333.9375,0.574957888826502,618.375,11.0,0.0,22,,4367391,,0,Cardiff City,1,1,8.9,6.9,0.0,0.0,0.0,11.8,21.2,100.0,3.0,0.0,"Dry, overcast",2-7°C,Calm (<25 km/h gusts),0.0
2024-2025,2025-01-17,Friday,19:45,Fri evening,Connah's Quay Nomads,Bala Town,North,North,North-North,220.0,footballwebpages,0.0,2.0,Jan,,0,0,63.6,67,1-2h,233.6875,0.9414281893554426,271.8,8.0,1.4,22,,4367390,,0,,0,0,6.3,3.9,0.0,0.0,0.0,7.9,14.8,100.0,3.0,0.0,"Dry, overcast",2-7°C,Calm (<25 km/h gusts),0.0
2024-2025,2025-01-24,Friday,19:45,Fri evening,Cardiff Metropolitan University,Penybont FC,South,South,South-South,257.0,footballwebpages,2.0,1.0,Jan,,0,1,40.1,43,<1h,284.625,0.9029424681598596,618.375,6.0,0.8,23,,4540325,,0,Newport County,1,1,6.9,2.6,0.0,0.0,0.0,16.2,35.3,100.0,3.0,0.0,"Dry, overcast",2-7°C,Breezy (25-40),0.0
2024-2025,2025-01-24,Friday,19:45,Fri evening,Newtown AFC,Briton Ferry Llansawel,Mid,South,Mid-South,193.0,footballwebpages,2.0,2.0,Jan,,0,0,151.0,133,2-3h,333.9375,0.57795246116414,548.6875,11.0,0.0,23,,4540327,,0,Newport County,1,1,5.8,-0.1,0.0,0.0,0.0,25.3,47.5,88.0,3.0,0.0,"Dry, overcast",Under 2°C,Windy (40-55),0.0
2024-2025,2025-01-24,Friday,20:00,Fri evening,Aberystwyth Town,Barry Town United,Mid,South,Mid-South,279.0,footballwebpages,1.0,2.0,Jan,,0,0,175.8,159,2-3h,352.4375,0.7916297215818408,438.25,12.0,0.8,23,,4540328,,0,Newport County,1,1,6.4,0.8,0.0,0.0,0.0,25.1,44.3,100.0,3.0,0.1,"Dry, overcast",Under 2°C,Windy (40-55),0.0
2024-2025,2025-01-25,Saturday,14:30,Sat afternoon,Haverfordwest County,Bala Town,South,North,North-South,503.0,footballwebpages,3.0,2.0,Jan,,0,0,180.8,175,2-3h,519.375,0.9684717208182912,271.8,3.0,2.0,23,,4540326,,0,Cardiff City,1,1,7.0,2.2,0.1,0.1,0.0,18.9,31.7,91.0,51.0,0.1,"Dry, overcast",2-7°C,Breezy (25-40),0.0
2024-2025,2025-01-25,Saturday,14:30,Sat afternoon,Flint Town United,Connah's Quay Nomads,North,North,North-North,410.0,footballwebpages,2.0,1.0,Jan,,0,1,5.3,12,<1h,341.4375,1.2008054182683507,233.6875,10.0,1.2,23,,4540329,,0,,0,1,6.4,2.5,0.0,0.0,0.0,11.4,24.8,6.0,0.0,0.0,Clear,2-7°C,Calm (<25 km/h gusts),0.0
2024-2025,2025-01-31,Friday,19:45,Fri evening,Bala Town,Caernarfon Town,North,North,North-North,319.0,footballwebpages,1.0,3.0,Jan,,0,0,74.4,67,1-2h,271.8,1.1736571008094183,575.75,7.0,1.4,24,,4540330,,0,,0,0,3.2,1.3,0.0,0.0,0.0,1.4,11.2,1.0,0.0,0.0,Clear,Under 2°C,Calm (<25 km/h gusts),0.0
2024-2025,2025-02-01,Saturday,12:15,Sat lunch,Penybont FC,Haverfordwest County,South,South,South-South,354.0,footballwebpages,0.0,0.0,Feb,,0,0,123.6,98,1-2h,618.375,0.572468162522741,519.375,2.0,2.0,24,,4540331,,0,"Newport County, Swansea City",1,1,6.2,2.4,0.0,0.0,0.0,16.7,31.3,24.0,1.0,0.0,Clear,2-7°C,Breezy (25-40),0.0
2024-2025,2025-02-01,Saturday,14:30,Sat afternoon,The New Saints,Cardiff Metropolitan University,North,South,North-South,303.0,footballwebpages,3.0,1.0,Feb,,0,0,199.3,169,2-3h,360.1875,0.8412285268089537,284.625,1.0,3.0,24,,4540332,,0,,0,1,5.8,1.0,0.0,0.0,0.0,20.6,40.3,100.0,3.0,0.0,"Dry, overcast",Under 2°C,Windy (40-55),0.0
2024-2025,2025-02-01,Saturday,14:30,Sat afternoon,Barry Town United,Flint Town United,South,North,North-South,468.0,footballwebpages,3.0,1.0,Feb,,0,0,279.0,230,>3h,438.25,1.0678836280661723,341.4375,6.0,1.0,24,,4540333,,0,"Newport County, Swansea City",1,1,7.3,3.7,0.0,0.0,0.0,15.0,30.6,100.0,3.0,0.0,"Dry, overcast",2-7°C,Breezy (25-40),0.0
2024-2025,2025-02-01,Saturday,14:30,Sat afternoon,Briton Ferry Llansawel,Aberystwyth Town,South,Mid,Mid-South,318.0,footballwebpages,2.0,3.0,Feb,,0,0,122.5,116,1-2h,548.6875,0.5795648707142044,352.4375,10.0,1.6,24,,4540334,,0,"Newport County, Swansea City",1,1,7.7,4.1,0.0,0.0,0.0,14.6,33.5,100.0,3.0,0.0,"Dry, overcast",2-7°C,Breezy (25-40),0.0
2024-2025,2025-02-01,Saturday,14:30,Sat afternoon,Connah's Quay Nomads,Newtown AFC,North,Mid,Mid-North,185.0,footballwebpages,1.0,0.0,Feb,,0,0,108.0,96,1-2h,233.6875,0.7916555228670767,333.9375,8.0,0.6,24,,4540335,,0,,0,1,6.6,2.1,0.0,0.0,0.0,19.3,40.7,100.0,3.0,0.0,"Dry, overcast",2-7°C,Windy (40-55),0.0
2024-2025,2025-02-07,Friday,19:45,Fri evening,Flint Town United,Aberystwyth Town,North,Mid,Mid-North,371.0,footballwebpages,2.0,0.0,Feb,,0,0,142.2,142,2-3h,341.4375,1.0865824638477026,352.4375,9.0,1.2,25,,4540339,,0,,0,0,3.4,-0.9,0.0,0.0,0.0,14.5,31.7,97.0,3.0,0.0,"Dry, overcast",Under 2°C,Breezy (25-40),0.0
2024-2025,2025-02-08,Saturday,12:15,Sat lunch,The New Saints,Penybont FC,North,South,North-South,461.0,footballwebpages,4.0,0.0,Feb,,0,0,231.8,192,>3h,360.1875,1.279888946729134,618.375,1.0,3.0,25,,4540336,,0,,0,0,2.2,-1.7,0.0,0.0,0.0,13.0,24.8,100.0,3.0,0.0,"Dry, overcast",Under 2°C,Calm (<25 km/h gusts),0.0
2024-2025,2025-02-08,Saturday,14:30,Sat afternoon,Caernarfon Town,Haverfordwest County,North,South,North-South,364.0,footballwebpages,1.0,1.0,Feb,,0,0,227.1,215,>3h,575.75,0.6322188449848024,519.375,4.0,1.8,25,,4540337,,0,,0,0,4.7,1.3,0.0,0.0,0.0,9.4,17.3,90.0,3.0,0.0,"Dry, overcast",Under 2°C,Calm (<25 km/h gusts),0.0
2024-2025,2025-02-08,Saturday,14:30,Sat afternoon,Cardiff Metropolitan University,Bala Town,South,North,North-South,192.0,footballwebpages,2.0,1.0,Feb,,0,0,215.7,202,>3h,284.625,0.6745718050065876,271.8,6.0,0.8,25,,4540338,,0,,0,0,3.6,-0.7,0.0,0.0,0.0,16.9,32.4,100.0,3.0,0.0,"Dry, overcast",Under 2°C,Breezy (25-40),0.0
2024-2025,2025-02-08,Saturday,14:30,Sat afternoon,Connah's Quay Nomads,Briton Ferry Llansawel,North,South,North-South,185.0,footballwebpages,0.0,1.0,Feb,,0,0,256.3,218,>3h,233.6875,0.7916555228670767,548.6875,8.0,0.6,25,,4540340,,0,,0,0,3.8,0.6,0.0,0.0,0.0,8.2,18.0,100.0,3.0,0.0,"Dry, overcast",Under 2°C,Calm (<25 km/h gusts),0.0
2024-2025,2025-02-08,Saturday,14:30,Sat afternoon,Newtown AFC,Barry Town United,Mid,South,Mid-South,262.0,footballwebpages,1.0,1.0,Feb,,0,0,162.1,147,2-3h,333.9375,0.7845779524611641,438.25,11.0,0.2,25,,4540341,,0,,0,0,2.7,-1.1,0.0,0.0,0.0,13.6,25.2,100.0,3.0,0.0,"Dry, overcast",Under 2°C,Breezy (25-40),0.0
2024-2025,2025-02-11,Tuesday,19:45,Midweek,Caernarfon Town,The New Saints,North,North,North-North,454.0,footballwebpages,0.0,1.0,Feb,,0,0,143.5,105,1-2h,575.75,0.7885366912722536,360.1875,5.0,2.0,23,,4540324,,0,,0,1,5.0,1.7,0.0,0.0,0.0,10.3,19.4,100.0,3.0,0.0,"Dry, overcast",Under 2°C,Calm (<25 km/h gusts),0.0
2024-2025,2025-02-21,Friday,19:45,Fri evening,Bala Town,The New Saints,North,North,North-North,246.0,footballwebpages,0.0,2.0,Feb,,0,0,54.3,50,<1h,271.8,0.9050772626931568,360.1875,7.0,0.6,26,,4540342,February half-term,1,,0,0,9.6,6.3,0.0,0.0,0.0,21.5,54.7,100.0,3.0,0.8999999999999999,Drizzle,2-7°C,Windy (40-55),0.0
2024-2025,2025-02-21,Friday,19:45,Fri evening,Haverfordwest County,Cardiff Metropolitan University,South,South,South-South,1127.0,footballwebpages,1.0,0.0,Feb,,0,0,155.7,125,2-3h,519.375,2.1699157641395908,284.625,3.0,1.8,26,,4540343,February half-term,1,,0,0,9.4,5.9,0.0,0.0,0.0,20.3,34.6,100.0,3.0,0.4,Drizzle,2-7°C,Breezy (25-40),0.0
2024-2025,2025-02-22,Saturday,12:15,Sat lunch,Aberystwyth Town,Newtown AFC,Mid,Mid,Mid-Mid,403.0,footballwebpages,0.0,1.0,Feb,,0,0,68.3,66,1-2h,352.4375,1.1434651533959923,333.9375,12.0,0.6,26,,4540345,February half-term,1,"Newport County, Swansea City",1,1,10.5,6.3,0.0,0.0,0.0,23.9,42.5,8.0,0.0,0.0,Clear,2-7°C,Windy (40-55),0.0
2024-2025,2025-02-22,Saturday,14:30,Sat afternoon,Caernarfon Town,Penybont FC,North,South,North-South,475.0,footballwebpages,3.0,2.0,Feb,,0,0,289.8,254,>3h,575.75,0.8250108554059922,618.375,5.0,2.0,26,,4540344,February half-term,1,,0,1,11.3,6.7,0.1,0.1,0.0,25.9,45.4,15.0,51.0,0.1,Clear,2-7°C,Windy (40-55),0.0
2024-2025,2025-02-22,Saturday,14:30,Sat afternoon,Barry Town United,Connah's Quay Nomads,South,North,North-South,375.0,footballwebpages,0.0,2.0,Feb,,0,0,276.7,231,>3h,438.25,0.8556759840273817,233.6875,6.0,1.8,26,,4540346,February half-term,1,"Newport County, Swansea City",1,1,11.4,7.7,0.1,0.1,0.0,21.0,40.0,13.0,51.0,0.30000000000000004,Drizzle,7-12°C,Breezy (25-40),0.0
2024-2025,2025-02-22,Saturday,14:30,Sat afternoon,Flint Town United,Briton Ferry Llansawel,North,South,North-South,242.0,footballwebpages,3.0,1.0,Feb,,0,0,256.6,216,>3h,341.4375,0.7087680761486362,548.6875,9.0,1.8,26,,4540347,February half-term,1,,0,1,12.2,8.7,0.0,0.0,0.0,15.5,33.8,33.0,1.0,0.0,Clear,7-12°C,Breezy (25-40),0.0
2024-2025,2025-03-07,Friday,19:45,Fri evening,Briton Ferry Llansawel,Barry Town United,South,South,South-South,758.0,footballwebpages,3.0,4.0,Mar,,0,0,59.1,48,<1h,548.6875,1.3814785283061852,438.25,10.0,1.4,27,,4540351,,0,,0,0,11.3,8.9,0.1,0.1,0.0,16.1,34.9,41.0,51.0,0.2,Drizzle,7-12°C,Breezy (25-40),0.0
2024-2025,2025-03-07,Friday,19:45,Fri evening,Connah's Quay Nomads,Aberystwyth Town,North,Mid,Mid-North,210.0,footballwebpages,3.0,0.0,Mar,,0,0,142.6,144,2-3h,233.6875,0.8986359989301952,352.4375,7.0,1.2,27,,4540352,,0,,0,0,12.6,10.2,0.0,0.0,0.0,15.9,31.0,58.0,2.0,0.0,"Dry, overcast",7-12°C,Breezy (25-40),0.0
2024-2025,2025-03-07,Friday,19:45,Fri evening,Newtown AFC,Flint Town United,Mid,North,Mid-North,203.0,footballwebpages,2.0,2.0,Mar,,0,0,109.2,95,1-2h,333.9375,0.6078981845405204,341.4375,11.0,1.0,27,,4540353,,0,,0,0,11.2,8.5,0.0,0.0,0.0,16.3,32.0,100.0,3.0,0.0,"Dry, overcast",7-12°C,Breezy (25-40),0.0
2024-2025,2025-03-08,Saturday,12:15,Sat lunch,The New Saints,Haverfordwest County,North,South,North-South,634.0,footballwebpages,5.0,1.0,Mar,,0,0,228.7,194,>3h,360.1875,1.7601943432240152,519.375,1.0,3.0,27,,4540350,,0,Wrexham,1,1,11.5,9.1,0.0,0.0,0.0,11.1,24.5,93.0,3.0,0.0,"Dry, overcast",7-12°C,Calm (<25 km/h gusts),0.0
2024-2025,2025-03-08,Saturday,14:30,Sat afternoon,Cardiff Metropolitan University,Caernarfon Town,South,North,North-South,487.0,footballwebpages,4.0,2.0,Mar,,0,0,270.5,244,>3h,284.625,1.7110232762406676,575.75,6.0,1.2,27,,4540348,,0,Swansea City,1,1,14.6,11.6,0.0,0.0,0.0,16.4,33.1,100.0,3.0,0.0,"Dry, overcast",7-12°C,Breezy (25-40),0.0
2024-2025,2025-03-08,Saturday,14:30,Sat afternoon,Penybont FC,Bala Town,South,North,North-South,423.0,footballwebpages,3.0,2.0,Mar,,0,0,237.8,213,>3h,618.375,0.6840509399636143,271.8,2.0,0.8,27,,4540349,,0,Swansea City,1,1,14.0,9.7,0.0,0.0,0.0,24.5,46.1,100.0,3.0,0.0,"Dry, overcast",7-12°C,Windy (40-55),0.0
2024-2025,2025-03-11,Tuesday,19:45,Midweek,The New Saints,Caernarfon Town,North,North,North-North,302.0,footballwebpages,2.0,0.0,Mar,,0,0,145.4,108,1-2h,360.1875,0.838452195037307,575.75,1.0,3.0,28,,4540355,,0,,0,1,3.4,-1.2,0.0,0.0,0.0,14.6,31.7,61.0,2.0,0.0,"Dry, overcast",Under 2°C,Breezy (25-40),0.0
2024-2025,2025-03-11,Tuesday,19:45,Midweek,Barry Town United,Aberystwyth Town,South,Mid,Mid-South,286.0,footballwebpages,2.0,1.0,Mar,,0,0,176.5,161,2-3h,438.25,0.652595550484883,352.4375,6.0,2.0,28,,4540357,,0,Cardiff City,1,1,7.0,3.4,0.0,0.0,0.0,9.5,24.1,95.0,3.0,0.0,"Dry, overcast",2-7°C,Calm (<25 km/h gusts),0.0
2024-2025,2025-03-11,Tuesday,19:45,Midweek,Briton Ferry Llansawel,Newtown AFC,South,Mid,Mid-South,792.0,footballwebpages,1.0,1.0,Mar,,0,0,150.7,131,2-3h,548.6875,1.4434445836655656,333.9375,10.0,0.8,28,,4540358,,0,Cardiff City,1,1,6.8,3.4,0.0,0.0,0.0,7.3,24.5,55.0,2.0,0.0,"Dry, overcast",2-7°C,Calm (<25 km/h gusts),0.0
2024-2025,2025-03-11,Tuesday,19:45,Midweek,Connah's Quay Nomads,Flint Town United,North,North,North-North,270.0,footballwebpages,4.0,0.0,Mar,,0,1,5.4,12,<1h,233.6875,1.1553891414816797,341.4375,7.0,1.8,28,,4540359,,0,,0,1,5.1,0.8,0.0,0.0,0.0,13.8,35.3,100.0,3.0,0.0,"Dry, overcast",Under 2°C,Breezy (25-40),0.0
2024-2025,2025-03-14,Friday,19:45,Fri evening,Penybont FC,Cardiff Metropolitan University,South,South,South-South,557.0,footballwebpages,0.0,0.0,Mar,,0,1,37.0,43,<1h,618.375,0.9007479280371944,284.625,2.0,0.8,28,,4540354,,0,,0,0,6.4,2.5,0.0,0.0,0.0,11.7,25.6,83.0,3.0,0.0,"Dry, overcast",2-7°C,Breezy (25-40),0.0
2024-2025,2025-03-15,Saturday,14:30,Sat afternoon,Bala Town,Haverfordwest County,North,South,North-South,160.0,footballwebpages,0.0,0.0,Mar,,0,0,181.6,175,2-3h,271.8,0.5886681383370125,519.375,8.0,0.0,28,,4540356,,0,,0,1,6.3,2.3,0.0,0.0,0.0,12.9,28.8,92.0,3.0,0.2,Drizzle,2-7°C,Breezy (25-40),0.0
2024-2025,2025-03-21,Friday,19:45,Fri evening,Caernarfon Town,Bala Town,North,North,North-North,610.0,footballwebpages,5.0,0.0,Mar,,0,0,74.4,66,1-2h,575.75,1.059487624837169,271.8,6.0,0.8,29,,4540360,,0,,0,0,14.3,12.4,0.0,0.0,0.0,10.9,17.6,100.0,3.0,0.3,Drizzle,12-17°C,Calm (<25 km/h gusts),0.0
2024-2025,2025-03-21,Friday,19:45,Fri evening,Haverfordwest County,Penybont FC,South,South,South-South,697.0,footballwebpages,1.0,2.0,Mar,,0,0,123.9,98,1-2h,519.375,1.3419975932611312,618.375,3.0,1.2,29,,4540361,,0,,0,0,12.0,7.3,0.1,0.1,0.0,29.6,50.4,100.0,51.0,0.30000000000000004,Drizzle,7-12°C,Windy (40-55),0.0
2024-2025,2025-03-21,Friday,19:45,Fri evening,Newtown AFC,Connah's Quay Nomads,Mid,North,Mid-North,238.0,footballwebpages,2.0,3.0,Mar,,0,0,106.8,96,1-2h,333.9375,0.7127082163578514,233.6875,11.0,1.2,29,,4540363,,0,,0,0,13.5,10.9,0.0,0.0,0.0,17.3,33.5,100.0,3.0,0.0,"Dry, overcast",7-12°C,Breezy (25-40),0.0
2024-2025,2025-03-21,Friday,20:00,Fri evening,Aberystwyth Town,Briton Ferry Llansawel,Mid,South,Mid-South,351.0,footballwebpages,0.0,1.0,Mar,,0,0,122.7,117,1-2h,352.4375,0.995921262635219,548.6875,12.0,0.6,29,,4540364,,0,,0,0,13.3,10.1,0.7,0.7,0.0,22.2,37.8,100.0,53.0,0.7999999999999999,Drizzle,7-12°C,Breezy (25-40),0.0
2024-2025,2025-03-22,Saturday,14:30,Sat afternoon,Cardiff Metropolitan University,The New Saints,South,North,North-South,338.0,footballwebpages,0.0,6.0,Mar,,0,0,199.7,170,2-3h,284.625,1.1875274483970135,360.1875,6.0,1.4,29,,4540362,,0,,0,1,15.2,13.3,0.0,0.0,0.0,14.2,33.5,100.0,3.0,0.2,Drizzle,12-17°C,Breezy (25-40),0.0
2024-2025,2025-03-22,Saturday,14:30,Sat afternoon,Flint Town United,Barry Town United,North,South,North-South,324.0,footballwebpages,3.0,2.0,Mar,,0,0,278.2,229,>3h,341.4375,0.9489291598023064,438.25,9.0,1.4,29,,4540365,,0,Wrexham,1,1,16.0,13.1,0.0,0.0,0.0,16.8,40.3,100.0,3.0,0.0,"Dry, overcast",12-17°C,Windy (40-55),0.0
2024-2025,2025-03-28,Friday,19:45,Fri evening,Barry Town United,Newtown AFC,South,Mid,Mid-South,431.0,footballwebpages,2.0,1.0,Mar,,0,0,162.8,148,2-3h,438.25,0.9834569309754706,333.9375,5.0,1.4,30,,4540369,,0,,0,0,8.9,4.2,0.0,0.0,0.0,19.7,42.8,6.0,0.0,0.0,Clear,2-7°C,Windy (40-55),0.0
2024-2025,2025-03-28,Friday,20:00,Fri evening,Aberystwyth Town,Flint Town United,Mid,North,Mid-North,256.0,footballwebpages,1.0,2.0,Mar,,0,0,141.5,143,2-3h,352.4375,0.7263699237453449,341.4375,12.0,0.0,30,,4540370,,0,,0,0,7.0,3.6,0.0,0.0,0.0,13.7,26.3,8.0,0.0,0.1,Clear,2-7°C,Breezy (25-40),0.0
2024-2025,2025-03-29,Saturday,14:30,Sat afternoon,Bala Town,Cardiff Metropolitan University,North,South,North-South,,,0.0,0.0,Mar,,0,0,213.3,202,>3h,271.8,,284.625,9.0,0.2,30,,4540366,,0,,0,1,9.6,3.2,0.0,0.0,0.0,33.5,68.8,100.0,3.0,0.0,"Dry, overcast",2-7°C,Gale (55+),0.0
2024-2025,2025-03-29,Saturday,14:30,Sat afternoon,Haverfordwest County,Caernarfon Town,South,North,North-South,462.0,footballwebpages,1.0,1.0,Mar,,0,0,226.3,215,>3h,519.375,0.8895306859205776,575.75,3.0,1.0,30,,4540367,,0,"Cardiff City, Newport County",1,1,10.2,4.4,0.1,0.1,0.0,32.6,54.7,100.0,51.0,0.1,"Dry, overcast",2-7°C,Windy (40-55),0.0
2024-2025,2025-03-29,Saturday,14:30,Sat afternoon,Penybont FC,The New Saints,South,North,North-South,538.0,footballwebpages,1.0,0.0,Mar,,0,0,231.9,193,>3h,618.375,0.8700222356984031,360.1875,2.0,1.4,30,,4540368,,0,"Cardiff City, Newport County",1,1,10.7,5.9,0.0,0.0,0.0,24.2,46.1,100.0,3.0,0.0,"Dry, overcast",2-7°C,Windy (40-55),0.0
2024-2025,2025-03-29,Saturday,14:30,Sat afternoon,Briton Ferry Llansawel,Connah's Quay Nomads,South,North,North-South,628.0,footballwebpages,1.0,0.0,Mar,,0,0,254.7,216,>3h,548.6875,1.1445494931085545,233.6875,10.0,1.4,30,,4540371,,0,"Cardiff City, Newport County",1,1,11.1,6.4,0.1,0.1,0.0,23.8,49.3,100.0,51.0,0.30000000000000004,Drizzle,2-7°C,Windy (40-55),0.0
2024-2025,2025-04-11,Friday,19:45,Fri evening,Cardiff Metropolitan University,Haverfordwest County,South,South,South-South,282.0,footballwebpages (club page),1.0,1.0,Apr,,0,0,158.6,125,2-3h,284.625,0.9907773386034257,519.375,6.0,1.0,31,,4540372,Easter,1,,0,0,18.3,16.3,0.0,0.0,0.0,8.0,17.6,0.0,0.0,0.0,Clear,12-17°C,Calm (<25 km/h gusts),0.0
2024-2025,2025-04-11,Friday,19:45,Fri evening,The New Saints,Bala Town,North,North,North-North,1234.0,footballwebpages (club page),2.0,1.0,Apr,,0,0,54.7,51,<1h,360.1875,3.4259934062120423,271.8,1.0,2.4,31,,4540373,Easter,1,,0,0,14.8,14.0,0.0,0.0,0.0,4.8,15.1,0.0,0.0,0.0,Clear,12-17°C,Calm (<25 km/h gusts),0.0
2024-2025,2025-04-12,Saturday,12:45,Sat lunch,Newtown AFC,Aberystwyth Town,Mid,Mid,Mid-Mid,502.0,footballwebpages (club page),2.0,3.0,Apr,,0,0,68.2,66,1-2h,333.9375,1.5032753134942916,352.4375,11.0,1.0,31,,4540376,Easter,1,"Cardiff City, Newport County",1,1,14.9,12.7,0.0,0.0,0.0,10.7,23.0,100.0,3.0,0.0,"Dry, overcast",12-17°C,Calm (<25 km/h gusts),0.0
2024-2025,2025-04-12,Saturday,14:30,Sat afternoon,Briton Ferry Llansawel,Flint Town United,South,North,North-South,428.0,footballwebpages (club page),1.0,2.0,Apr,,0,0,257.0,215,>3h,548.6875,0.7800432851121996,341.4375,10.0,1.4,31,,4540375,Easter,1,"Cardiff City, Newport County",1,1,17.1,15.2,0.0,0.0,0.0,7.8,20.2,100.0,3.0,0.0,"Dry, overcast",12-17°C,Calm (<25 km/h gusts),0.0
2024-2025,2025-04-13,Sunday,14:30,Sun afternoon,Penybont FC,Caernarfon Town,South,North,North-South,1235.0,footballwebpages (club page),3.0,1.0,Apr,,0,0,292.7,255,>3h,618.375,1.9971700020214271,575.75,2.0,2.0,31,,4540374,Easter,1,,0,0,9.7,5.7,0.0,0.0,0.0,20.1,42.8,100.0,3.0,0.30000000000000004,Drizzle,2-7°C,Windy (40-55),0.0
2024-2025,2025-04-13,Sunday,14:30,Sun afternoon,Connah's Quay Nomads,Barry Town United,North,South,North-South,269.0,footballwebpages (club page),0.0,2.0,Apr,,0,0,277.9,231,>3h,233.6875,1.1511099224391548,438.25,7.0,2.4,31,,4540377,Easter,1,,0,0,11.7,7.7,0.1,0.1,0.0,15.3,33.8,100.0,51.0,0.4,Drizzle,7-12°C,Breezy (25-40),0.0
2024-2025,2025-04-19,Saturday,12:45,Sat lunch,Bala Town,Penybont FC,North,South,North-South,325.0,footballwebpages (club page),3.0,2.0,Apr,,0,0,235.0,212,>3h,271.8,1.1957321559970566,618.375,9.0,0.4,32,,4540379,Easter,1,,0,0,10.1,6.4,0.2,0.2,0.0,22.6,53.3,100.0,51.0,0.5,Drizzle,2-7°C,Windy (40-55),0.0
2024-2025,2025-04-19,Saturday,12:45,Sat lunch,Caernarfon Town,Cardiff Metropolitan University,North,South,North-South,618.0,footballwebpages (club page),2.0,1.0,Apr,,0,0,268.1,244,>3h,575.75,1.0733825445071643,284.625,5.0,0.8,32,,4540380,Easter,1,,0,0,12.0,9.3,0.1,0.1,0.0,14.9,27.4,100.0,51.0,0.6,Drizzle,7-12°C,Breezy (25-40),0.0
2024-2025,2025-04-19,Saturday,12:45,Sat lunch,Haverfordwest County,The New Saints,South,North,North-South,672.0,footballwebpages (club page),1.0,3.0,Apr,,0,0,228.8,194,>3h,519.375,1.2938628158844765,360.1875,3.0,0.6,32,,4540381,Easter,1,,0,0,10.9,6.4,0.1,0.1,0.0,27.7,52.2,100.0,51.0,1.0,Rain,2-7°C,Windy (40-55),1.0
2024-2025,2025-04-19,Saturday,12:45,Sat lunch,Aberystwyth Town,Connah's Quay Nomads,Mid,North,Mid-North,283.0,footballwebpages (club page),1.0,1.0,Apr,,0,0,142.0,144,2-3h,352.4375,0.8029792516403618,233.6875,12.0,0.6,32,,4540382,Easter,1,,0,0,12.3,8.1,5.1,5.1,0.0,26.4,45.0,100.0,63.0,7.199999999999999,Heavy rain,7-12°C,Windy (40-55),1.0
2024-2025,2025-04-19,Saturday,12:45,Sat lunch,Barry Town United,Briton Ferry Llansawel,South,South,South-South,731.0,footballwebpages (club page),5.0,0.0,Apr,,0,0,58.0,47,<1h,438.25,1.667997718197376,548.6875,4.0,2.4,32,,4540383,Easter,1,,0,0,11.0,7.7,0.1,0.1,0.0,19.6,39.2,100.0,51.0,1.1,Rain,7-12°C,Breezy (25-40),1.0
2024-2025,2025-04-19,Saturday,12:45,Sat lunch,Flint Town United,Newtown AFC,North,Mid,Mid-North,335.0,footballwebpages (club page),4.0,0.0,Apr,,0,0,108.3,94,1-2h,341.4375,0.9811458905363354,333.9375,8.0,2.0,32,,4540384,Easter,1,,0,0,12.3,8.6,0.0,0.0,0.0,20.4,42.1,100.0,3.0,0.0,"Dry, overcast",7-12°C,Windy (40-55),0.0
2025-2026,2025-08-08,Friday,19:45,Fri evening,Bala Town,Flint Town United,North,North,North-North,357.0,footballwebpages,1.0,1.0,Aug,,0,0,63.3,65,1-2h,343.4,1.0396039603960396,325.0625,,,1,,4660725,Summer,1,,0,0,15.8,12.8,0.0,0.0,0.0,23.2,52.6,58.0,2.0,0.0,"Dry, overcast",12-17°C,Windy (40-55),0.0
2025-2026,2025-08-08,Friday,19:45,Fri evening,Haverfordwest County,Penybont FC,South,South,South-South,841.0,footballwebpages,0.0,1.0,Aug,,0,0,123.9,98,1-2h,578.1875,1.4545454545454546,391.125,,,1,,4660726,Summer,1,,0,0,17.0,14.4,0.0,0.0,0.0,22.2,40.0,42.0,1.0,0.0,"Dry, overcast",12-17°C,Breezy (25-40),0.0
2025-2026,2025-08-08,Friday,19:45,Fri evening,Llanelli Town AFC,Barry Town United,South,South,South-South,626.0,footballwebpages,0.0,2.0,Aug,,0,0,87.0,70,1-2h,308.875,2.026709834075273,425.125,,,1,,4660727,Summer,1,,0,0,17.5,15.2,0.0,0.0,0.0,18.3,33.8,78.0,2.0,0.0,"Dry, overcast",12-17°C,Breezy (25-40),0.0
2025-2026,2025-08-09,Saturday,14:30,Sat afternoon,Cardiff Metropolitan University,Caernarfon Town,South,North,North-South,356.0,footballwebpages,2.0,2.0,Aug,,0,0,270.5,244,>3h,322.75,1.1030209140201397,438.8,,,1,,4661621,Summer,1,,0,0,20.6,17.4,0.0,0.0,0.0,24.3,51.8,60.0,2.0,0.0,"Dry, overcast",Over 17°C,Windy (40-55),0.0
2025-2026,2025-08-10,Sunday,14:30,Sun afternoon,The New Saints,Briton Ferry Llansawel,North,South,North-South,408.0,footballwebpages,0.0,3.0,Aug,,0,0,199.8,171,2-3h,438.125,0.931241084165478,502.0625,,,1,,4660728,Summer,1,,0,0,21.4,20.9,0.0,0.0,0.0,8.9,22.0,100.0,3.0,0.0,"Dry, overcast",Over 17°C,Calm (<25 km/h gusts),0.0
2025-2026,2025-08-10,Sunday,17:00,Sun evening,Colwyn Bay,Connah's Quay Nomads,North,North,North-North,1516.0,footballwebpages,1.0,1.0,Aug,,0,0,52.3,46,<1h,1023.4375,1.4812824427480915,341.3125,,,1,,4660730,Summer,1,,0,0,20.5,18.9,0.0,0.0,0.0,18.6,38.5,100.0,3.0,0.0,"Dry, overcast",Over 17°C,Breezy (25-40),0.0
2025-2026,2025-08-15,Friday,19:45,Fri evening,Briton Ferry Llansawel,Cardiff Metropolitan University,South,South,South-South,624.0,footballwebpages,1.0,1.0,Aug,,0,0,58.3,53,<1h,502.0625,1.2428731482634134,322.75,,,2,,4660719,Summer,1,,0,0,24.6,28.1,0.1,0.1,0.0,2.9,9.0,17.0,51.0,0.30000000000000004,Drizzle,Over 17°C,Calm (<25 km/h gusts),0.0
2025-2026,2025-08-16,Saturday,12:30,Sat lunch,Barry Town United,Colwyn Bay,South,North,North-South,331.0,footballwebpages,1.0,1.0,Aug,,0,0,319.2,256,>3h,425.125,0.7785945310202882,1023.4375,,,2,,4660721,Summer,1,"Cardiff City, Swansea City",1,1,23.4,22.4,0.0,0.0,0.0,21.1,43.9,0.0,0.0,0.0,Clear,Over 17°C,Windy (40-55),0.0
2025-2026,2025-08-16,Saturday,14:30,Sat afternoon,Caernarfon Town,Llanelli Town AFC,North,South,North-South,320.0,footballwebpages,6.0,1.0,Aug,,0,0,231.6,224,>3h,438.8,0.7292616226071102,308.875,,,2,,4660722,Summer,1,Wrexham,1,1,24.3,25.9,0.0,0.0,0.0,1.3,9.0,100.0,3.0,0.0,"Dry, overcast",Over 17°C,Calm (<25 km/h gusts),0.0
2025-2026,2025-08-16,Saturday,17:15,Sat evening,Penybont FC,The New Saints,South,North,North-South,545.0,footballwebpages,0.0,2.0,Aug,,0,0,231.9,193,>3h,391.125,1.393416426973474,438.125,,,2,,4660724,Summer,1,"Cardiff City, Swansea City",1,1,23.6,21.7,0.0,0.0,0.0,21.1,43.6,6.0,0.0,0.0,Clear,Over 17°C,Windy (40-55),0.0
2025-2026,2025-08-22,Friday,19:45,Fri evening,Bala Town,Colwyn Bay,North,North,North-North,485.0,footballwebpages,1.0,0.0,Aug,,0,0,56.6,62,1-2h,343.4,1.4123471170646478,1023.4375,,,3,,4660731,Summer,1,,0,0,16.8,16.0,0.0,0.0,0.0,9.4,27.7,44.0,1.0,0.0,"Dry, overcast",12-17°C,Breezy (25-40),0.0
2025-2026,2025-08-22,Friday,19:45,Fri evening,Barry Town United,Penybont FC,South,South,South-South,509.0,footballwebpages,2.0,3.0,Aug,,0,1,32.6,38,<1h,425.125,1.1972949132608055,391.125,,,3,,4660732,Summer,1,,0,0,19.2,16.8,0.0,0.0,0.0,16.3,34.2,40.0,1.0,0.0,"Dry, overcast",12-17°C,Breezy (25-40),0.0
2025-2026,2025-08-22,Friday,19:45,Fri evening,Flint Town United,Caernarfon Town,North,North,North-North,490.0,footballwebpages,2.0,5.0,Aug,,0,0,92.9,73,1-2h,325.0625,1.5074024226110363,438.8,,,3,,4660733,Summer,1,,0,0,17.9,16.0,0.0,0.0,0.0,13.4,34.9,99.0,3.0,0.0,"Dry, overcast",12-17°C,Breezy (25-40),0.0
2025-2026,2025-08-22,Friday,19:45,Fri evening,Haverfordwest County,Cardiff Metropolitan University,South,South,South-South,551.0,footballwebpages,2.0,2.0,Aug,,0,0,155.7,125,2-3h,578.1875,0.9529780564263324,322.75,,,3,,4660734,Summer,1,,0,0,17.9,16.6,0.0,0.0,0.0,8.5,23.0,12.0,0.0,0.0,Clear,12-17°C,Calm (<25 km/h gusts),0.0
2025-2026,2025-08-22,Friday,19:45,Fri evening,Llanelli Town AFC,Briton Ferry Llansawel,South,South,South-South,655.0,footballwebpages,2.0,4.0,Aug,,0,1,29.5,25,<1h,308.875,2.120598947794415,502.0625,,,3,,4660735,Summer,1,,0,0,19.5,18.2,0.0,0.0,0.0,9.0,29.5,29.0,1.0,0.0,Clear,Over 17°C,Breezy (25-40),0.0
2025-2026,2025-08-22,Friday,19:45,Fri evening,The New Saints,Connah's Quay Nomads,North,North,North-North,442.0,footballwebpages,3.0,0.0,Aug,,0,0,56.4,49,<1h,438.125,1.0088445078459345,341.3125,,,3,,4660736,Summer,1,,0,0,17.9,16.4,0.0,0.0,0.0,11.8,27.0,100.0,3.0,0.0,"Dry, overcast",12-17°C,Breezy (25-40),0.0
2025-2026,2025-08-25,Monday,14:30,Midweek,Briton Ferry Llansawel,Haverfordwest County,South,South,South-South,738.0,footballwebpages,0.0,1.0,Aug,August BH,0,0,99.0,76,1-2h,502.0625,1.4699365118884602,578.1875,2.0,2.3333333333333335,4,,4660737,Summer,1,,0,0,24.9,24.6,0.0,0.0,0.0,20.6,44.6,0.0,0.0,0.0,Clear,Over 17°C,Windy (40-55),0.0
2025-2026,2025-08-25,Monday,14:30,Midweek,Caernarfon Town,Bala Town,North,North,North-North,432.0,footballwebpages,2.0,0.0,Aug,August BH,0,0,74.4,66,1-2h,438.8,0.9845031905195988,343.4,1.0,2.3333333333333335,4,,4660738,Summer,1,,0,0,23.5,22.2,0.0,0.0,0.0,26.6,46.4,0.0,0.0,0.0,Clear,Over 17°C,Windy (40-55),0.0
2025-2026,2025-08-25,Monday,14:30,Midweek,Cardiff Metropolitan University,Barry Town United,South,South,South-South,495.0,footballwebpages,1.0,1.0,Aug,August BH,0,1,17.8,29,<1h,322.75,1.5336948102246322,425.125,8.0,1.0,4,,4660739,Summer,1,,0,0,26.3,24.0,0.0,0.0,0.0,23.4,48.6,0.0,0.0,0.0,Clear,Over 17°C,Windy (40-55),0.0
2025-2026,2025-08-25,Monday,14:30,Midweek,Colwyn Bay,The New Saints,North,North,North-North,1006.0,footballwebpages,1.0,1.0,Aug,August BH,0,0,98.2,73,1-2h,1023.4375,0.9829618320610688,438.125,9.0,0.6666666666666666,4,,4660740,Summer,1,,0,0,24.8,22.9,0.0,0.0,0.0,25.3,51.1,36.0,1.0,0.0,Clear,Over 17°C,Windy (40-55),0.0
2025-2026,2025-08-25,Monday,14:30,Midweek,Penybont FC,Llanelli Town AFC,South,South,South-South,557.0,footballwebpages,2.0,0.0,Aug,August BH,0,0,54.3,48,<1h,391.125,1.4240971556407798,308.875,4.0,2.0,4,,4660741,Summer,1,,0,0,24.1,22.8,0.0,0.0,0.0,23.4,44.6,0.0,0.0,0.0,Clear,Over 17°C,Windy (40-55),0.0
2025-2026,2025-08-25,Monday,17:15,Midweek,Connah's Quay Nomads,Flint Town United,North,North,North-North,515.0,footballwebpages,3.0,2.0,Aug,August BH,0,1,5.4,12,<1h,341.3125,1.5088811572971983,325.0625,,,4,,4660742,Summer,1,,0,0,27.6,24.0,0.0,0.0,0.0,23.7,51.5,41.0,1.0,0.0,"Dry, overcast",Over 17°C,Windy (40-55),0.0
2025-2026,2025-08-30,Saturday,14:30,Sat afternoon,Barry Town United,The New Saints,South,North,North-South,448.0,footballwebpages,0.0,0.0,Aug,,0,0,221.4,185,>3h,425.125,1.0538077036165834,438.125,5.0,1.25,5,,4660743,Summer,1,Cardiff City,1,1,18.4,16.8,0.4,0.4,0.0,24.8,51.5,100.0,51.0,1.4,Rain,12-17°C,Windy (40-55),1.0
2025-2026,2025-08-30,Saturday,14:30,Sat afternoon,Colwyn Bay,Briton Ferry Llansawel,North,South,North-South,688.0,footballwebpages,2.0,2.0,Aug,,0,0,296.6,241,>3h,1023.4375,0.6722442748091603,502.0625,10.0,0.75,5,,4660744,Summer,1,,0,1,16.5,13.9,2.5,2.5,0.0,26.1,55.4,100.0,63.0,2.5,Rain,12-17°C,Gale (55+),1.0
2025-2026,2025-08-30,Saturday,14:30,Sat afternoon,Flint Town United,Cardiff Metropolitan University,North,South,North-South,210.0,footballwebpages,4.0,2.0,Aug,,0,0,256.1,214,>3h,325.0625,0.6460296096904441,322.75,11.0,0.3333333333333333,5,,4660745,Summer,1,,0,1,18.6,15.8,0.0,0.0,0.0,22.8,51.8,100.0,3.0,0.1,"Dry, overcast",12-17°C,Windy (40-55),0.0
2025-2026,2025-08-30,Saturday,14:30,Sat afternoon,Llanelli Town AFC,Bala Town,South,North,North-South,203.0,footballwebpages,0.0,1.0,Aug,,0,0,185.0,185,>3h,308.875,0.6572237960339944,343.4,12.0,0.0,5,,4660746,Summer,1,Cardiff City,1,1,16.9,14.8,1.8,1.8,0.0,28.2,50.0,100.0,61.0,3.8,Rain,12-17°C,Windy (40-55),1.0
2025-2026,2025-08-30,Saturday,14:30,Sat afternoon,Penybont FC,Connah's Quay Nomads,South,North,North-South,323.0,footballwebpages,0.0,1.0,Aug,,0,0,287.2,239,>3h,391.125,0.8258229466283158,341.3125,2.0,2.25,5,,4660747,Summer,1,Cardiff City,1,1,17.5,16.4,1.4,1.4,0.0,22.7,41.8,100.0,61.0,4.9,Heavy rain,12-17°C,Windy (40-55),1.0
2025-2026,2025-08-30,Saturday,17:15,Sat evening,Haverfordwest County,Caernarfon Town,South,North,North-South,476.0,footballwebpages,1.0,1.0,Aug,,0,0,226.3,215,>3h,578.1875,0.8232623500162145,438.8,8.0,1.3333333333333333,5,,4660748,Summer,1,Cardiff City,1,1,18.2,15.5,0.1,0.1,0.0,33.0,63.0,66.0,51.0,1.8,Rain,12-17°C,Gale (55+),1.0
2025-2026,2025-09-02,Tuesday,19:45,Midweek,Connah's Quay Nomads,Bala Town,North,North,North-North,266.0,footballwebpages,1.0,3.0,Sep,,0,0,63.6,67,1-2h,341.3125,0.779344442409815,343.4,6.0,1.75,2,,4660720,,0,,0,0,16.6,16.5,0.2,0.2,0.0,7.5,16.6,100.0,51.0,0.30000000000000004,Drizzle,12-17°C,Calm (<25 km/h gusts),0.0
2025-2026,2025-09-06,Saturday,12:30,Sat lunch,Bala Town,Penybont FC,North,South,North-South,326.0,footballwebpages,0.0,0.0,Sep,,0,0,235.0,212,>3h,343.4,0.9493302271403612,391.125,2.0,2.0,6,,4660749,,0,,0,1,17.6,14.7,0.0,0.0,0.0,26.0,55.1,100.0,3.0,0.0,"Dry, overcast",12-17°C,Gale (55+),0.0
2025-2026,2025-09-06,Saturday,12:30,Sat lunch,Cardiff Metropolitan University,Colwyn Bay,South,North,North-South,289.0,footballwebpages,1.0,4.0,Sep,,0,0,297.4,240,>3h,322.75,0.895429899302866,1023.4375,11.0,0.8,6,,4660750,,0,Newport County,1,1,19.4,16.9,0.0,0.0,0.0,23.8,43.6,99.0,3.0,0.0,"Dry, overcast",12-17°C,Windy (40-55),0.0
2025-2026,2025-09-06,Saturday,12:30,Sat lunch,Llanelli Town AFC,Flint Town United,South,North,North-South,271.0,footballwebpages,0.0,5.0,Sep,,0,0,244.6,215,>3h,308.875,0.877377579927155,325.0625,12.0,0.0,6,,4660752,,0,Newport County,1,1,19.2,16.5,0.0,0.0,0.0,26.0,47.9,100.0,3.0,0.0,"Dry, overcast",12-17°C,Windy (40-55),0.0
2025-2026,2025-09-06,Saturday,12:30,Sat lunch,The New Saints,Haverfordwest County,North,South,North-South,426.0,footballwebpages,5.0,0.0,Sep,,0,0,228.7,194,>3h,438.125,0.9723252496433666,578.1875,5.0,1.6,6,,4660753,,0,,0,1,18.1,14.6,0.0,0.0,0.0,26.6,49.3,100.0,3.0,0.0,"Dry, overcast",12-17°C,Windy (40-55),0.0
2025-2026,2025-09-07,Sunday,12:30,Sun lunch,Caernarfon Town,Barry Town United,North,South,North-South,360.0,footballwebpages,3.0,1.0,Sep,,0,0,279.4,247,>3h,438.8,0.8204193254329991,425.125,1.0,2.2,6,,4660754,,0,,0,0,17.6,15.0,0.6,0.6,0.0,27.4,52.6,100.0,53.0,0.8999999999999999,Drizzle,12-17°C,Windy (40-55),0.0
2025-2026,2025-09-13,Saturday,12:30,Sat lunch,Barry Town United,Bala Town,South,North,North-South,326.0,footballwebpages,4.0,0.0,Sep,,0,0,225.3,206,>3h,425.125,0.7668332843281388,343.4,9.0,0.6,7,,4660755,,0,Swansea City,1,1,13.8,9.4,1.1,1.1,0.0,28.7,51.5,89.0,55.0,1.3,Rain,7-12°C,Windy (40-55),1.0
2025-2026,2025-09-13,Saturday,12:30,Sat lunch,Briton Ferry Llansawel,Caernarfon Town,South,North,North-South,292.0,footballwebpages,2.0,5.0,Sep,,0,0,268.0,232,>3h,502.0625,0.5816008963027511,438.8,6.0,1.6,7,,4660756,,0,Swansea City,1,1,13.5,11.4,2.7,2.7,0.0,16.7,40.7,67.0,63.0,5.7,Heavy rain,7-12°C,Windy (40-55),1.0
2025-2026,2025-09-13,Saturday,12:30,Sat lunch,Colwyn Bay,Haverfordwest County,North,South,North-South,659.0,footballwebpages,3.0,0.0,Sep,,0,0,236.9,230,>3h,1023.4375,0.6439083969465649,578.1875,8.0,1.2,7,,4660757,,0,Wrexham,1,1,12.6,8.5,0.1,0.1,0.0,24.5,47.9,42.0,51.0,0.2,Drizzle,7-12°C,Windy (40-55),0.0
2025-2026,2025-09-13,Saturday,12:30,Sat lunch,Connah's Quay Nomads,Cardiff Metropolitan University,North,South,North-South,179.0,footballwebpages,1.0,1.0,Sep,,0,0,255.8,216,>3h,341.3125,0.5244460721479582,322.75,9.0,1.4,7,,4660758,,0,Wrexham,1,1,13.5,10.1,0.0,0.0,0.0,19.5,40.7,98.0,3.0,0.0,"Dry, overcast",7-12°C,Windy (40-55),0.0
2025-2026,2025-09-13,Saturday,12:30,Sat lunch,Penybont FC,Flint Town United,South,North,North-South,215.0,footballwebpages,5.0,0.0,Sep,,0,0,289.5,238,>3h,391.125,0.5496963886225631,325.0625,5.0,1.4,7,,4660759,,0,Swansea City,1,1,12.0,8.4,0.7,0.7,0.0,22.9,49.7,81.0,53.0,1.2,Rain,7-12°C,Windy (40-55),1.0
2025-2026,2025-09-13,Saturday,12:30,Sat lunch,The New Saints,Llanelli Town AFC,North,South,North-South,371.0,footballwebpages,6.0,0.0,Sep,,0,0,187.0,170,2-3h,438.125,0.84679029957204,308.875,3.0,2.2,7,,4660760,,0,Wrexham,1,1,12.9,9.0,0.4,0.4,0.0,22.9,44.6,78.0,51.0,0.4,Drizzle,7-12°C,Windy (40-55),0.0
2025-2026,2025-09-19,Friday,19:45,Fri evening,Bala Town,Briton Ferry Llansawel,North,South,North-South,257.0,footballwebpages,2.0,2.0,Sep,,0,0,213.5,191,>3h,343.4,0.7483983692486896,502.0625,4.0,1.4,8,,4660779,,0,,0,0,16.4,15.8,0.0,0.0,0.0,14.4,31.3,100.0,3.0,1.0,Rain,12-17°C,Breezy (25-40),1.0
2025-2026,2025-09-19,Friday,19:45,Fri evening,Cardiff Metropolitan University,The New Saints,South,North,North-South,405.0,footballwebpages,1.0,3.0,Sep,,0,0,199.7,170,2-3h,322.75,1.254841208365608,438.125,10.0,0.6,8,,4660780,,0,,0,0,16.8,17.4,0.0,0.0,0.0,5.5,20.5,99.0,3.0,0.0,"Dry, overcast",Over 17°C,Calm (<25 km/h gusts),0.0
2025-2026,2025-09-20,Saturday,14:30,Sat afternoon,Flint Town United,Barry Town United,North,South,North-South,215.0,footballwebpages,0.0,0.0,Sep,,0,0,278.2,229,>3h,325.0625,0.6614112670640262,425.125,9.0,1.2,8,,4660782,,0,,0,1,13.2,12.1,1.4,1.4,0.0,12.1,24.5,100.0,61.0,4.9,Heavy rain,12-17°C,Calm (<25 km/h gusts),1.0
2025-2026,2025-09-20,Saturday,14:30,Sat afternoon,Llanelli Town AFC,Colwyn Bay,South,North,North-South,241.0,footballwebpages,0.0,0.0,Sep,,0,0,240.4,240,>3h,308.875,0.7802509105625253,1023.4375,12.0,0.0,8,,4660783,,0,"Cardiff City, Newport County",1,1,17.4,16.4,0.3,0.3,0.0,17.8,38.5,84.0,51.0,2.3,Rain,12-17°C,Breezy (25-40),1.0
2025-2026,2025-09-20,Saturday,14:30,Sat afternoon,Haverfordwest County,Connah's Quay Nomads,South,North,North-South,341.0,footballwebpages,1.0,3.0,Sep,,0,0,284.1,240,>3h,578.1875,0.5897740784780023,341.3125,11.0,1.0,8,,4660784,,0,"Cardiff City, Newport County",1,1,13.5,10.3,0.6,0.6,0.0,26.5,45.4,100.0,53.0,1.7999999999999998,Rain,7-12°C,Windy (40-55),1.0
2025-2026,2025-09-20,Saturday,17:15,Sat evening,Caernarfon Town,Penybont FC,North,South,North-South,347.0,footballwebpages,1.0,2.0,Sep,,0,0,289.8,254,>3h,438.8,0.7907930720145853,391.125,1.0,2.6,8,,4660781,,0,,0,1,11.1,6.9,1.8,1.8,0.0,27.4,49.7,100.0,61.0,5.2,Heavy rain,2-7°C,Windy (40-55),1.0
2025-2026,2025-09-23,Tuesday,19:45,Midweek,Briton Ferry Llansawel,Llanelli Town AFC,South,South,South-South,764.0,footballwebpages,1.0,2.0,Sep,,0,1,29.7,25,<1h,502.0625,1.5217228930661024,308.875,8.0,1.0,9,,4660773,,0,,0,0,12.6,12.0,0.0,0.0,0.0,4.0,15.5,98.0,3.0,0.0,"Dry, overcast",7-12°C,Calm (<25 km/h gusts),0.0
2025-2026,2025-09-23,Tuesday,19:45,Midweek,Cardiff Metropolitan University,Penybont FC,South,South,South-South,738.0,footballwebpages,0.0,4.0,Sep,,0,1,40.1,43,<1h,322.75,2.286599535243997,391.125,10.0,0.4,9,,4660774,,0,,0,0,12.9,11.8,0.0,0.0,0.0,4.2,9.4,10.0,0.0,0.0,Clear,7-12°C,Calm (<25 km/h gusts),0.0
2025-2026,2025-09-23,Tuesday,19:45,Midweek,Colwyn Bay,Bala Town,North,North,North-North,807.0,footballwebpages,0.0,1.0,Sep,,0,0,56.6,62,1-2h,1023.4375,0.7885190839694657,343.4,5.0,1.8,9,,4660775,,0,,0,0,11.2,9.8,0.0,0.0,0.0,4.0,14.0,87.0,3.0,0.0,"Dry, overcast",7-12°C,Calm (<25 km/h gusts),0.0
2025-2026,2025-09-23,Tuesday,19:45,Midweek,Connah's Quay Nomads,Caernarfon Town,North,North,North-North,235.0,footballwebpages,1.0,2.0,Sep,,0,0,98.9,81,1-2h,341.3125,0.6885185863394983,438.8,6.0,2.0,9,,4660776,,0,,0,0,11.0,8.8,0.0,0.0,0.0,7.0,20.9,11.0,0.0,0.0,Clear,7-12°C,Calm (<25 km/h gusts),0.0
2025-2026,2025-09-23,Tuesday,19:45,Midweek,Haverfordwest County,Barry Town United,South,South,South-South,446.0,footballwebpages,2.0,3.0,Sep,,0,0,156.4,120,2-3h,578.1875,0.7713760674521674,425.125,10.0,0.8,9,,4660777,,0,,0,0,11.2,9.6,0.0,0.0,0.0,7.1,16.2,1.0,0.0,0.0,Clear,7-12°C,Calm (<25 km/h gusts),0.0
2025-2026,2025-09-23,Tuesday,19:45,Midweek,The New Saints,Flint Town United,North,North,North-North,336.0,footballwebpages,4.0,2.0,Sep,,0,0,58.8,48,<1h,438.125,0.766904422253923,325.0625,3.0,2.2,9,,4660778,,0,,0,0,11.0,9.5,0.0,0.0,0.0,3.2,8.6,0.0,0.0,0.0,Clear,7-12°C,Calm (<25 km/h gusts),0.0
2025-2026,2025-09-26,Friday,19:45,Fri evening,Bala Town,The New Saints,North,North,North-North,417.0,footballwebpages,0.0,2.0,Sep,,0,0,54.3,50,<1h,343.4,1.2143273150844498,438.125,4.0,1.6,10,,4660803,,0,,0,0,11.3,9.9,0.0,0.0,0.0,6.8,20.9,49.0,1.0,0.0,"Dry, overcast",7-12°C,Calm (<25 km/h gusts),0.0
2025-2026,2025-09-26,Friday,19:45,Fri evening,Llanelli Town AFC,Haverfordwest County,South,South,South-South,508.0,footballwebpages,1.0,0.0,Sep,,0,0,84.7,68,1-2h,308.875,1.6446782679077296,578.1875,12.0,0.8,10,,4660804,,0,,0,0,11.7,9.8,0.0,0.0,0.0,9.0,18.7,100.0,3.0,0.0,"Dry, overcast",7-12°C,Calm (<25 km/h gusts),0.0
2025-2026,2025-09-27,Saturday,14:30,Sat afternoon,Barry Town United,Connah's Quay Nomads,South,North,North-South,333.0,footballwebpages,0.0,0.0,Sep,,0,0,276.7,231,>3h,425.125,0.7832990296971479,341.3125,5.0,1.6,10,,4660805,,0,Swansea City,1,1,16.1,13.3,0.0,0.0,0.0,20.1,40.3,56.0,2.0,0.5,Drizzle,12-17°C,Windy (40-55),0.0
2025-2026,2025-09-27,Saturday,14:30,Sat afternoon,Penybont FC,Colwyn Bay,South,North,North-South,303.0,footballwebpages,1.0,0.0,Sep,,0,0,329.7,263,>3h,391.125,0.7746883988494727,1023.4375,3.0,2.0,10,,4660807,,0,Swansea City,1,1,15.7,12.5,0.0,0.0,0.0,21.7,41.8,27.0,1.0,0.4,Drizzle,12-17°C,Windy (40-55),0.0
2025-2026,2025-09-27,Saturday,17:15,Sat evening,Flint Town United,Briton Ferry Llansawel,North,South,North-South,202.0,footballwebpages,2.0,1.0,Sep,,0,0,256.6,216,>3h,325.0625,0.621418957892713,502.0625,9.0,1.4,10,,4660806,,0,Wrexham,1,1,14.1,11.1,0.0,0.0,0.0,18.8,36.7,77.0,2.0,0.0,"Dry, overcast",7-12°C,Breezy (25-40),0.0
2025-2026,2025-09-28,Sunday,14:30,Sun afternoon,Caernarfon Town,Cardiff Metropolitan University,North,South,North-South,440.0,footballwebpages,0.0,3.0,Sep,,0,0,268.1,244,>3h,438.8,1.0027347310847767,322.75,3.0,2.0,10,,4660808,,0,,0,0,14.6,13.1,0.1,0.1,0.0,10.4,21.6,19.0,51.0,0.1,Clear,12-17°C,Calm (<25 km/h gusts),0.0
2025-2026,2025-10-03,Friday,19:45,Fri evening,Briton Ferry Llansawel,Penybont FC,South,South,South-South,689.0,footballwebpages,0.0,0.0,Oct,,0,1,26.5,26,<1h,502.0625,1.372339101207519,391.125,9.0,0.4,11,,4660785,,0,,0,1,17.4,14.5,0.9,0.9,0.0,36.6,77.0,100.0,53.0,6.2,Heavy rain,12-17°C,Gale (55+),1.0
2025-2026,2025-10-04,Saturday,14:00,Sat afternoon,Connah's Quay Nomads,Llanelli Town AFC,North,South,North-South,189.0,footballwebpages,3.0,0.0,Oct,,0,0,243.5,217,>3h,341.3125,0.5537447353964475,308.875,6.0,1.0,11,,4660787,,0,,0,1,11.8,6.6,0.1,0.1,0.0,32.8,71.3,73.0,51.0,0.8999999999999999,Drizzle,2-7°C,Gale (55+),0.0
2025-2026,2025-10-04,Saturday,14:30,Sat afternoon,Cardiff Metropolitan University,Bala Town,South,North,North-South,212.0,footballwebpages,2.0,0.0,Oct,,0,0,215.7,202,>3h,322.75,0.656855151045701,343.4,10.0,0.8,11,,4660788,,0,"Cardiff City, Newport County, Swansea City",1,1,12.7,7.3,0.3,0.3,0.0,31.1,77.4,58.0,51.0,0.4,Drizzle,7-12°C,Gale (55+),0.0
2025-2026,2025-10-04,Saturday,14:30,Sat afternoon,Haverfordwest County,Flint Town United,South,North,North-South,372.0,footballwebpages,3.0,1.0,Oct,,0,0,286.4,239,>3h,578.1875,0.6433899037941844,325.0625,12.0,0.0,11,,4660789,,0,"Cardiff City, Newport County, Swansea City",1,1,11.8,5.1,0.0,0.0,0.0,38.1,64.8,100.0,3.0,0.0,"Dry, overcast",2-7°C,Gale (55+),0.0
2025-2026,2025-10-04,Saturday,14:30,Sat afternoon,The New Saints,Barry Town United,North,South,North-South,404.0,footballwebpages,4.0,0.0,Oct,,0,0,221.4,185,>3h,438.125,0.922111269614836,425.125,1.0,3.0,11,,4660790,,0,,0,1,11.3,5.8,0.1,0.1,0.0,32.4,64.1,19.0,51.0,2.5,Rain,2-7°C,Gale (55+),1.0
2025-2026,2025-10-04,Saturday,17:15,Sat evening,Colwyn Bay,Caernarfon Town,North,North,North-North,871.0,footballwebpages,1.0,0.0,Oct,,0,1,50.8,43,<1h,1023.4375,0.8510534351145038,438.8,7.0,1.4,11,,4660786,,0,,0,1,11.9,5.8,0.0,0.0,0.0,37.9,78.5,56.0,2.0,0.2,Drizzle,2-7°C,Gale (55+),0.0
2025-2026,2025-10-07,Tuesday,19:45,Midweek,Bala Town,Connah's Quay Nomads,North,North,North-North,245.0,footballwebpages,1.0,3.0,Oct,,0,0,63.7,67,1-2h,343.4,0.7134536983110076,341.3125,5.0,0.8,12,,4660839,,0,,0,0,13.1,11.1,0.0,0.0,0.0,18.8,40.3,100.0,3.0,0.0,"Dry, overcast",7-12°C,Windy (40-55),0.0
2025-2026,2025-10-07,Tuesday,19:45,Midweek,Barry Town United,Briton Ferry Llansawel,South,South,South-South,352.0,footballwebpages,0.0,1.0,Oct,,0,0,58.0,47,<1h,425.125,0.8279917671273155,502.0625,7.0,1.6,12,,4660840,,0,,0,0,14.3,12.7,0.0,0.0,0.0,13.5,29.2,100.0,3.0,0.0,"Dry, overcast",12-17°C,Breezy (25-40),0.0
2025-2026,2025-10-07,Tuesday,19:45,Midweek,Caernarfon Town,The New Saints,North,North,North-North,402.0,footballwebpages,1.0,3.0,Oct,,0,0,143.5,105,1-2h,438.8,0.9161349134001824,438.125,3.0,1.2,12,,4660841,,0,,0,0,14.2,12.5,0.5,0.5,0.0,19.1,33.5,100.0,53.0,1.4,Rain,12-17°C,Breezy (25-40),1.0
2025-2026,2025-10-07,Tuesday,19:45,Midweek,Flint Town United,Colwyn Bay,North,North,North-North,575.0,footballwebpages,0.0,1.0,Oct,,0,1,46.5,39,<1h,325.0625,1.7688905979619305,1023.4375,9.0,0.8,12,,4660842,,0,,0,0,14.4,13.3,0.0,0.0,0.0,10.5,23.0,100.0,3.0,0.0,"Dry, overcast",12-17°C,Calm (<25 km/h gusts),0.0
2025-2026,2025-10-07,Tuesday,19:45,Midweek,Llanelli Town AFC,Cardiff Metropolitan University,South,South,South-South,377.0,footballwebpages,1.0,3.0,Oct,,0,0,86.3,75,1-2h,308.875,1.2205584783488466,322.75,12.0,1.4,12,,4660843,,0,,0,0,14.2,13.1,0.0,0.0,0.0,11.4,19.8,100.0,3.0,0.0,"Dry, overcast",12-17°C,Calm (<25 km/h gusts),0.0
2025-2026,2025-10-07,Tuesday,19:45,Midweek,Penybont FC,Haverfordwest County,South,South,South-South,417.0,footballwebpages,2.0,1.0,Oct,,0,0,123.6,98,1-2h,391.125,1.0661553211888783,578.1875,2.0,2.6,12,,4660844,,0,,0,0,14.2,12.3,0.0,0.0,0.0,15.2,29.5,100.0,3.0,0.1,"Dry, overcast",12-17°C,Breezy (25-40),0.0
2025-2026,2025-10-10,Friday,19:45,Fri evening,Haverfordwest County,Bala Town,South,North,North-South,608.0,footballwebpages,2.0,0.0,Oct,,0,0,180.8,175,2-3h,578.1875,1.0515619932980218,343.4,11.0,0.6,13,,4660833,,0,,0,0,11.5,9.8,0.0,0.0,0.0,9.1,16.2,100.0,3.0,0.0,"Dry, overcast",7-12°C,Calm (<25 km/h gusts),0.0
2025-2026,2025-10-11,Saturday,12:30,Sat lunch,Briton Ferry Llansawel,Connah's Quay Nomads,South,North,North-South,428.0,footballwebpages,0.0,3.0,Oct,,0,0,254.7,216,>3h,502.0625,0.8524835055396489,341.3125,9.0,1.0,13,,4660834,,0,,0,0,15.2,15.0,0.0,0.0,0.0,2.8,12.6,100.0,3.0,0.0,"Dry, overcast",12-17°C,Calm (<25 km/h gusts),0.0
2025-2026,2025-10-11,Saturday,14:30,Sat afternoon,Barry Town United,Caernarfon Town,South,North,North-South,501.0,footballwebpages,2.0,2.0,Oct,,0,0,280.1,248,>3h,425.125,1.1784769185533666,438.8,7.0,1.0,13,,4660835,,0,,0,0,14.0,12.5,0.0,0.0,0.0,9.9,21.6,97.0,3.0,0.0,"Dry, overcast",12-17°C,Calm (<25 km/h gusts),0.0
2025-2026,2025-10-11,Saturday,14:30,Sat afternoon,Flint Town United,Llanelli Town AFC,North,South,North-South,223.0,footballwebpages,4.0,0.0,Oct,,0,0,243.9,215,>3h,325.0625,0.6860219188617573,308.875,10.0,0.8,13,,4660836,,0,,0,0,13.2,11.6,0.0,0.0,0.0,8.6,20.5,100.0,3.0,0.0,"Dry, overcast",7-12°C,Calm (<25 km/h gusts),0.0
2025-2026,2025-10-11,Saturday,14:30,Sat afternoon,Colwyn Bay,Cardiff Metropolitan University,North,South,North-South,927.0,footballwebpages,0.0,0.0,Oct,,0,0,296.1,239,>3h,1023.4375,0.9057709923664122,322.75,5.0,1.4,13,,4660837,,0,,0,0,11.6,10.5,0.0,0.0,0.0,5.0,15.1,100.0,3.0,0.0,"Dry, overcast",7-12°C,Calm (<25 km/h gusts),0.0
2025-2026,2025-10-11,Saturday,17:15,Sat evening,The New Saints,Penybont FC,North,South,North-South,461.0,footballwebpages,6.0,2.0,Oct,,0,0,231.8,192,>3h,438.125,1.0522111269614836,391.125,1.0,3.0,13,,4660838,,0,,0,0,12.6,11.3,0.0,0.0,0.0,6.6,14.4,100.0,3.0,0.0,"Dry, overcast",7-12°C,Calm (<25 km/h gusts),0.0
2025-2026,2025-10-24,Friday,19:45,Fri evening,Llanelli Town AFC,The New Saints,South,North,North-South,360.0,footballwebpages,0.0,4.0,Oct,,0,0,187.1,170,2-3h,308.875,1.1655200323755563,438.125,12.0,1.2,14,,4660797,,0,,0,0,8.5,7.1,0.0,0.0,0.0,5.1,23.8,14.0,0.0,0.4,Drizzle,7-12°C,Calm (<25 km/h gusts),0.0
2025-2026,2025-10-25,Saturday,14:00,Sat afternoon,Connah's Quay Nomads,Haverfordwest County,North,South,North-South,334.0,footballwebpages,3.0,3.0,Oct,,0,0,244.6,240,>3h,341.3125,0.9785753524995422,578.1875,4.0,2.0,14,,4660798,,0,,0,1,9.7,3.3,0.0,0.0,0.0,30.3,62.3,14.0,0.0,0.0,Clear,2-7°C,Gale (55+),0.0
2025-2026,2025-10-25,Saturday,14:30,Sat afternoon,Bala Town,Barry Town United,North,South,North-South,426.0,footballwebpages,0.0,0.0,Oct,,0,0,224.6,205,>3h,343.4,1.240535818287711,425.125,8.0,0.6,14,,4660799,,0,,0,1,7.0,2.3,0.1,0.1,0.0,22.5,52.6,30.0,51.0,1.5,Rain,2-7°C,Windy (40-55),1.0
2025-2026,2025-10-25,Saturday,14:30,Sat afternoon,Briton Ferry Llansawel,Colwyn Bay,South,North,North-South,492.0,footballwebpages,0.0,2.0,Oct,,0,0,297.2,241,>3h,502.0625,0.9799576745923068,1023.4375,10.0,0.8,14,,4660800,,0,Swansea City,1,1,10.1,5.4,0.0,0.0,0.0,22.8,56.2,57.0,2.0,0.0,"Dry, overcast",2-7°C,Gale (55+),0.0
2025-2026,2025-10-25,Saturday,14:30,Sat afternoon,Penybont FC,Caernarfon Town,South,North,North-South,487.0,footballwebpages,0.0,2.0,Oct,,0,0,292.7,255,>3h,391.125,1.245126238414829,438.8,2.0,2.0,14,,4660802,,0,Swansea City,1,1,10.1,4.1,0.0,0.0,0.0,30.5,57.6,39.0,1.0,0.0,Clear,2-7°C,Gale (55+),0.0
2025-2026,2025-10-25,Saturday,17:15,Sat evening,Cardiff Metropolitan University,Flint Town United,South,North,North-South,203.0,footballwebpages,4.0,1.0,Oct,,0,0,257.2,215,>3h,322.75,0.6289697908597986,325.0625,8.0,2.0,14,,4660801,,0,Swansea City,1,1,9.0,4.8,0.0,0.0,0.0,18.1,37.8,7.0,0.0,0.0,Clear,2-7°C,Breezy (25-40),0.0
2025-2026,2025-10-31,Friday,19:45,Fri evening,Bala Town,Llanelli Town AFC,North,South,North-South,83.0,footballwebpages,1.0,0.0,Oct,,0,0,186.0,184,>3h,343.4,0.2417006406523005,308.875,8.0,0.2,15,,4660791,October half-term,1,Wrexham,1,1,11.3,8.4,0.0,0.0,0.0,21.0,55.1,58.0,2.0,0.6,Drizzle,7-12°C,Gale (55+),0.0
2025-2026,2025-11-01,Saturday,14:30,Sat afternoon,Caernarfon Town,Briton Ferry Llansawel,North,South,North-South,394.0,footballwebpages,4.0,1.0,Nov,,0,0,268.3,233,>3h,438.8,0.8979033728350045,502.0625,3.0,0.8,15,,4660792,October half-term,1,,0,0,11.2,6.2,0.1,0.1,0.0,25.5,46.1,100.0,51.0,0.30000000000000004,Drizzle,2-7°C,Windy (40-55),0.0
2025-2026,2025-11-01,Saturday,14:30,Sat afternoon,Cardiff Metropolitan University,Connah's Quay Nomads,South,North,North-South,224.0,footballwebpages,0.0,3.0,Nov,,0,0,254.9,216,>3h,322.75,0.6940356312935708,341.3125,7.0,2.6,15,,4660793,October half-term,1,,0,0,12.2,8.7,0.4,0.4,0.0,19.5,47.9,91.0,51.0,0.5,Drizzle,7-12°C,Windy (40-55),0.0
2025-2026,2025-11-01,Saturday,14:30,Sat afternoon,Flint Town United,Penybont FC,North,South,North-South,320.0,footballwebpages,3.0,4.0,Nov,,0,0,288.6,237,>3h,325.0625,0.9844260719092482,391.125,9.0,1.2,15,,4660794,October half-term,1,,0,0,11.9,8.9,0.0,0.0,0.0,13.4,34.6,22.0,1.0,0.1,Clear,7-12°C,Breezy (25-40),0.0
2025-2026,2025-11-01,Saturday,14:30,Sat afternoon,Haverfordwest County,The New Saints,South,North,North-South,463.0,footballwebpages,2.0,3.0,Nov,,0,0,228.8,194,>3h,578.1875,0.8007782942384607,438.125,11.0,1.4,15,,4660796,October half-term,1,,0,0,9.8,5.5,0.8,0.8,0.0,21.5,39.6,100.0,53.0,0.9,Drizzle,2-7°C,Breezy (25-40),0.0
2025-2026,2025-11-01,Saturday,17:15,Sat evening,Colwyn Bay,Barry Town United,North,South,North-South,711.0,footballwebpages,1.0,4.0,Nov,,0,0,318.2,254,>3h,1023.4375,0.6947175572519084,425.125,5.0,2.0,15,,4660795,October half-term,1,,0,0,9.5,6.0,0.0,0.0,0.0,13.0,29.9,24.0,1.0,0.0,Clear,2-7°C,Breezy (25-40),0.0
2025-2026,2025-11-07,Friday,19:45,Fri evening,Briton Ferry Llansawel,Bala Town,South,North,North-South,373.0,footballwebpages,2.0,0.0,Nov,,0,0,213.1,190,>3h,502.0625,0.7429353915100212,343.4,10.0,0.8,16,,4660827,,0,,0,0,12.2,10.0,0.8,0.8,0.0,18.8,36.0,100.0,53.0,2.4000000000000004,Rain,7-12°C,Breezy (25-40),1.0
2025-2026,2025-11-07,Friday,19:45,Fri evening,The New Saints,Cardiff Metropolitan University,North,South,North-South,361.0,footballwebpages,2.0,3.0,Nov,,0,0,199.3,169,2-3h,438.125,0.8239657631954351,322.75,1.0,3.0,16,,4660828,,0,,0,0,11.6,9.8,0.0,0.0,0.0,13.0,25.2,100.0,3.0,0.1,"Dry, overcast",7-12°C,Breezy (25-40),0.0
2025-2026,2025-11-08,Saturday,14:30,Sat afternoon,Barry Town United,Flint Town United,South,North,North-South,411.0,footballwebpages,0.0,0.0,Nov,,0,0,279.0,230,>3h,425.125,0.966774478094678,325.0625,7.0,1.0,16,,4660830,,0,"Newport County, Swansea City",1,1,13.5,10.9,0.1,0.1,0.0,17.1,32.4,26.0,51.0,0.2,Drizzle,7-12°C,Breezy (25-40),0.0
2025-2026,2025-11-08,Saturday,14:30,Sat afternoon,Caernarfon Town,Haverfordwest County,North,South,North-South,396.0,footballwebpages,2.0,2.0,Nov,,0,0,227.1,215,>3h,438.8,0.902461257976299,578.1875,3.0,1.4,16,,4660831,,0,Wrexham,1,1,12.8,9.9,0.0,0.0,0.0,18.6,33.5,16.0,0.0,0.0,Clear,7-12°C,Breezy (25-40),0.0
2025-2026,2025-11-08,Saturday,14:30,Sat afternoon,Colwyn Bay,Llanelli Town AFC,North,South,North-South,792.0,footballwebpages,3.0,1.0,Nov,,0,0,283.9,240,>3h,1023.4375,0.7738625954198474,308.875,5.0,2.0,16,,4660832,,0,Wrexham,1,1,12.5,10.0,0.0,0.0,0.0,12.7,26.6,12.0,0.0,0.0,Clear,7-12°C,Breezy (25-40),0.0
2025-2026,2025-11-08,Saturday,17:15,Sat evening,Connah's Quay Nomads,Penybont FC,North,South,North-South,254.0,footballwebpages,4.0,0.0,Nov,,0,0,288.3,239,>3h,341.3125,0.7441860465116279,391.125,4.0,2.6,16,,4660829,,0,Wrexham,1,1,11.3,9.8,0.0,0.0,0.0,5.9,16.2,9.0,0.0,0.0,Clear,7-12°C,Calm (<25 km/h gusts),0.0
2025-2026,2025-11-14,Friday,19:45,Fri evening,Flint Town United,The New Saints,North,North,North-North,341.0,footballwebpages,0.0,3.0,Nov,,0,0,58.2,48,<1h,325.0625,1.0490290328782927,438.125,10.0,0.8,17,,4660822,,0,,0,0,7.0,2.0,2.4,2.4,0.0,26.4,55.8,100.0,61.0,5.6,Heavy rain,Under 2°C,Gale (55+),1.0
2025-2026,2025-11-15,Saturday,14:30,Sat afternoon,Haverfordwest County,Colwyn Bay,South,North,North-South,767.0,footballwebpages,1.0,0.0,Nov,,0,0,236.2,231,>3h,578.1875,1.3265592908874717,1023.4375,11.0,1.0,17,,4660824,,0,,0,0,12.5,10.2,0.0,0.0,0.0,16.7,30.6,93.0,3.0,0.0,"Dry, overcast",7-12°C,Breezy (25-40),0.0
2025-2026,2025-11-15,Saturday,14:30,Sat afternoon,Llanelli Town AFC,Caernarfon Town,South,North,North-South,235.0,footballwebpages,1.0,1.0,Nov,,0,0,230.6,225,>3h,308.875,0.7608255766895994,438.8,12.0,0.0,17,,4660825,,0,,0,0,13.5,11.5,0.0,0.0,0.0,13.7,26.6,38.0,1.0,0.0,Clear,7-12°C,Breezy (25-40),0.0
2025-2026,2025-11-15,Saturday,14:30,Sat afternoon,Penybont FC,Bala Town,South,North,North-South,377.0,footballwebpages,2.0,1.0,Nov,,0,0,237.8,213,>3h,391.125,0.963886225631192,343.4,3.0,1.2,17,,4660826,,0,,0,0,12.7,9.4,0.0,0.0,0.0,22.7,42.8,99.0,3.0,0.0,"Dry, overcast",7-12°C,Windy (40-55),0.0
2025-2026,2025-11-28,Friday,19:45,Fri evening,Barry Town United,Haverfordwest County,South,South,South-South,401.0,footballwebpages,4.0,0.0,Nov,,0,0,156.7,121,2-3h,425.125,0.9432519847103792,578.1875,7.0,1.2,18,,4660809,,0,,0,0,10.8,6.6,0.0,0.0,0.0,21.5,47.9,100.0,3.0,0.0,"Dry, overcast",2-7°C,Windy (40-55),0.0
2025-2026,2025-11-28,Friday,19:45,Fri evening,The New Saints,Caernarfon Town,North,North,North-North,548.0,footballwebpages,2.0,0.0,Nov,,0,0,145.4,108,1-2h,438.125,1.2507845934379458,438.8,1.0,2.4,18,,4660810,,0,,0,0,6.4,1.1,0.0,0.0,0.0,23.6,37.8,71.0,2.0,0.0,"Dry, overcast",Under 2°C,Breezy (25-40),0.0
2025-2026,2025-11-29,Saturday,14:30,Sat afternoon,Bala Town,Cardiff Metropolitan University,North,South,North-South,234.0,footballwebpages,2.0,2.0,Nov,,0,0,213.3,202,>3h,343.4,0.6814210832847991,322.75,8.0,0.8,18,,4660811,,0,Wrexham,1,1,6.1,2.3,0.0,0.0,0.0,16.6,35.3,57.0,2.0,0.0,"Dry, overcast",2-7°C,Breezy (25-40),0.0
2025-2026,2025-11-29,Saturday,14:30,Sat afternoon,Briton Ferry Llansawel,Flint Town United,South,North,North-South,268.0,footballwebpages,2.0,2.0,Nov,,0,0,257.0,215,>3h,502.0625,0.5337980829080045,325.0625,9.0,1.2,18,,4660812,,0,"Cardiff City, Newport County",1,1,6.9,3.2,0.9,0.9,0.0,15.4,34.9,80.0,53.0,2.1,Rain,2-7°C,Breezy (25-40),1.0
2025-2026,2025-11-29,Saturday,14:30,Sat afternoon,Colwyn Bay,Penybont FC,North,South,North-South,706.0,footballwebpages,5.0,4.0,Nov,,0,0,328.6,262,>3h,1023.4375,0.6898320610687023,391.125,5.0,1.4,18,,4660813,,0,Wrexham,1,1,6.7,2.5,0.0,0.0,0.0,18.7,35.6,91.0,3.0,0.0,"Dry, overcast",2-7°C,Breezy (25-40),0.0
2025-2026,2025-11-29,Saturday,15:30,Sat afternoon,Llanelli Town AFC,Connah's Quay Nomads,South,North,North-South,65.0,footballwebpages,1.0,2.0,Nov,,0,0,242.3,216,>3h,308.875,0.2104411169566977,341.3125,12.0,0.2,18,,4660814,,0,"Cardiff City, Newport County",1,1,7.4,3.5,0.1,0.1,0.0,15.7,30.2,57.0,51.0,1.6,Rain,2-7°C,Breezy (25-40),1.0
2025-2026,2025-12-05,Friday,19:45,Fri evening,Bala Town,Haverfordwest County,North,South,North-South,202.0,footballwebpages,0.0,2.0,Dec,,0,0,181.6,175,2-3h,343.4,0.5882352941176471,578.1875,8.0,1.0,19,,4660761,,0,,0,0,6.9,1.2,0.5,0.5,0.0,32.6,76.3,100.0,53.0,2.0,Rain,Under 2°C,Gale (55+),1.0
2025-2026,2025-12-05,Friday,19:45,Fri evening,Caernarfon Town,Flint Town United,North,North,North-North,280.0,footballwebpages,1.0,1.0,Dec,,0,0,91.7,71,1-2h,438.8,0.6381039197812215,325.0625,4.0,1.6,19,,4660763,,0,,0,0,8.8,1.7,2.3,2.3,0.0,43.1,81.7,100.0,61.0,2.9,Rain,Under 2°C,Gale (55+),1.0
2025-2026,2025-12-05,Friday,19:45,Fri evening,Cardiff Metropolitan University,Llanelli Town AFC,South,South,South-South,254.0,footballwebpages,2.0,1.0,Dec,,0,0,89.3,75,1-2h,322.75,0.7869868319132456,308.875,7.0,1.6,19,,4660764,,0,,0,0,8.8,3.3,0.2,0.2,0.0,33.4,78.5,100.0,51.0,9.7,Heavy rain,2-7°C,Gale (55+),1.0
2025-2026,2025-12-05,Friday,19:45,Fri evening,Connah's Quay Nomads,Colwyn Bay,North,North,North-North,371.0,footballwebpages,2.0,1.0,Dec,,0,0,52.5,47,<1h,341.3125,1.0869804065189526,1023.4375,3.0,2.6,19,,4660765,,0,,0,0,6.8,0.2,0.3,0.3,0.0,36.9,77.0,100.0,51.0,3.4,Rain,Under 2°C,Gale (55+),1.0
2025-2026,2025-12-09,Tuesday,19:45,Midweek,Briton Ferry Llansawel,The New Saints,South,North,North-South,264.0,footballwebpages,0.0,2.0,Dec,,0,0,199.5,170,2-3h,502.0625,0.5258309473422134,438.125,10.0,0.8,19,,4660762,,0,Swansea City,1,1,11.7,7.4,0.1,0.1,0.0,27.2,70.9,41.0,51.0,2.0,Rain,7-12°C,Gale (55+),1.0
2025-2026,2025-12-09,Tuesday,19:45,Midweek,Penybont FC,Barry Town United,South,South,South-South,327.0,footballwebpages,1.0,1.0,Dec,,0,1,32.5,38,<1h,391.125,0.8360498561840843,425.125,3.0,1.2,19,,4660766,,0,Swansea City,1,1,11.3,5.3,0.1,0.1,0.0,38.2,81.0,30.0,51.0,0.4,Drizzle,2-7°C,Gale (55+),0.0
2025-2026,2025-12-16,Tuesday,19:45,Midweek,Cardiff Metropolitan University,Briton Ferry Llansawel,South,South,South-South,172.0,footballwebpages,2.0,2.0,Dec,,0,0,59.9,51,<1h,322.75,0.5329202168861348,502.0625,6.0,2.0,17,,4660821,,0,,0,0,4.6,1.8,0.0,0.0,0.0,7.7,14.4,0.0,0.0,0.0,Clear,Under 2°C,Calm (<25 km/h gusts),0.0
2025-2026,2025-12-20,Saturday,14:30,Sat afternoon,Flint Town United,Haverfordwest County,North,South,North-South,165.0,footballwebpages,2.0,2.0,Dec,,0,0,244.2,238,>3h,325.0625,0.5075946933282061,578.1875,11.0,0.6,2,,4660723,Christmas,1,,0,0,7.2,3.0,0.0,0.0,0.0,21.4,48.6,73.0,2.0,0.0,"Dry, overcast",2-7°C,Windy (40-55),0.0
2025-2026,2025-12-21,Sunday,12:30,Sun lunch,Connah's Quay Nomads,Briton Ferry Llansawel,North,South,North-South,285.0,footballwebpages,4.0,2.0,Dec,,0,0,256.3,218,>3h,341.3125,0.8350119025819447,502.0625,2.0,2.6,6,,4660751,Christmas,1,,0,0,8.3,5.5,0.0,0.0,0.0,14.1,29.9,100.0,3.0,0.0,"Dry, overcast",2-7°C,Breezy (25-40),0.0
2025-2026,2025-12-26,Friday,12:00,Fri evening,Barry Town United,Cardiff Metropolitan University,South,South,South-South,626.0,footballwebpages,1.0,0.0,Dec,Christmas/New Year,0,1,17.8,30,<1h,425.125,1.472508085857101,322.75,7.0,1.8,20,,4660815,Christmas,1,"Cardiff City, Newport County",1,1,3.7,-2.3,0.0,0.0,0.0,26.2,50.4,100.0,3.0,0.0,"Dry, overcast",Under 2°C,Windy (40-55),0.0
2025-2026,2025-12-26,Friday,14:30,Fri evening,Flint Town United,Connah's Quay Nomads,North,North,North-North,720.0,footballwebpages,0.0,2.0,Dec,Christmas/New Year,0,1,5.3,12,<1h,325.0625,2.2149586617958086,341.3125,10.0,0.8,20,,4660816,Christmas,1,Wrexham,1,1,5.0,2.0,0.0,0.0,0.0,7.2,15.5,0.0,0.0,0.0,Clear,Under 2°C,Calm (<25 km/h gusts),0.0
2025-2026,2025-12-26,Friday,14:30,Fri evening,Haverfordwest County,Llanelli Town AFC,South,South,South-South,991.0,footballwebpages,3.0,0.0,Dec,Christmas/New Year,0,0,84.5,67,1-2h,578.1875,1.71397686736569,308.875,8.0,1.6,20,,4660817,Christmas,1,"Cardiff City, Newport County",1,1,4.3,0.4,0.0,0.0,0.0,13.2,23.4,84.0,3.0,0.0,"Dry, overcast",Under 2°C,Calm (<25 km/h gusts),0.0
2025-2026,2025-12-26,Friday,14:30,Fri evening,Penybont FC,Briton Ferry Llansawel,South,South,South-South,656.0,footballwebpages,1.0,1.0,Dec,Christmas/New Year,0,1,24.9,25,<1h,391.125,1.677213167146053,502.0625,3.0,1.4,20,,4660818,Christmas,1,"Cardiff City, Newport County",1,1,3.9,-1.9,0.0,0.0,0.0,25.3,46.4,91.0,3.0,0.0,"Dry, overcast",Under 2°C,Windy (40-55),0.0
2025-2026,2025-12-27,Saturday,14:30,Sat afternoon,Caernarfon Town,Colwyn Bay,North,North,North-North,1333.0,footballwebpages,1.0,2.0,Dec,Christmas/New Year,0,1,49.6,41,<1h,438.8,3.0378304466727437,1023.4375,4.0,1.2,20,,4660820,Christmas,1,,0,0,6.1,1.2,0.0,0.0,0.0,22.0,37.8,45.0,1.0,0.0,"Dry, overcast",Under 2°C,Breezy (25-40),0.0
2025-2026,2025-12-30,Tuesday,19:45,Midweek,Cardiff Metropolitan University,Haverfordwest County,South,South,South-South,301.0,footballwebpages,0.0,0.0,Dec,,0,0,158.6,125,2-3h,322.75,0.932610379550736,578.1875,7.0,1.6,21,,4660767,Christmas,1,,0,0,3.7,-0.2,0.0,0.0,0.0,12.5,23.8,53.0,2.0,0.0,"Dry, overcast",Under 2°C,Calm (<25 km/h gusts),0.0
2025-2026,2025-12-31,Wednesday,12:30,Midweek,Bala Town,Caernarfon Town,North,North,North-North,685.0,footballwebpages,0.0,1.0,Dec,,0,0,74.4,67,1-2h,343.4,1.994758299359348,438.8,9.0,0.8,21,,4660768,Christmas,1,,0,0,2.1,-0.9,0.0,0.0,0.0,6.3,14.8,42.0,1.0,0.0,"Dry, overcast",Under 2°C,Calm (<25 km/h gusts),0.0
2025-2026,2025-12-31,Wednesday,12:30,Midweek,Briton Ferry Llansawel,Barry Town United,South,South,South-South,958.0,footballwebpages,2.0,1.0,Dec,,0,0,59.1,48,<1h,502.0625,1.9081289680069713,425.125,10.0,0.6,21,,4660769,Christmas,1,,0,0,2.4,-0.1,0.0,0.0,0.0,2.1,8.3,0.0,0.0,0.0,Clear,Under 2°C,Calm (<25 km/h gusts),0.0
2025-2026,2025-12-31,Wednesday,14:30,Midweek,Connah's Quay Nomads,The New Saints,North,North,North-North,796.0,footballwebpages,3.0,1.0,Dec,,0,0,57.9,50,<1h,341.3125,2.3321735945797473,438.125,2.0,3.0,21,,4660770,Christmas,1,,0,0,5.2,0.7,0.0,0.0,0.0,16.8,32.8,91.0,3.0,0.0,"Dry, overcast",Under 2°C,Breezy (25-40),0.0
2025-2026,2026-01-01,Thursday,12:30,Midweek,Colwyn Bay,Flint Town United,North,North,North-North,1564.0,footballwebpages,1.0,2.0,Jan,Christmas/New Year,0,1,46.5,38,<1h,1023.4375,1.5281832061068703,325.0625,5.0,1.8,21,,4660771,Christmas,1,,0,1,5.1,-0.5,0.2,0.2,0.0,26.7,51.5,100.0,51.0,0.8,Drizzle,Under 2°C,Windy (40-55),0.0
2025-2026,2026-01-01,Thursday,14:00,Midweek,Llanelli Town AFC,Penybont FC,South,South,South-South,239.0,footballwebpages,0.0,1.0,Jan,Christmas/New Year,0,0,54.5,48,<1h,308.875,0.7737757992715499,391.125,12.0,0.2,21,,4660772,Christmas,1,Swansea City,1,1,6.7,2.7,0.0,0.0,0.0,17.4,35.3,100.0,3.0,0.1,"Dry, overcast",2-7°C,Breezy (25-40),0.0
2025-2026,2026-01-03,Saturday,14:30,Sat afternoon,Connah's Quay Nomads,Barry Town United,North,South,North-South,285.0,footballwebpages,3.0,1.0,Jan,,0,0,277.9,231,>3h,341.3125,0.8350119025819447,425.125,2.0,3.0,17,,4660823,,0,,0,0,3.4,-2.6,0.0,0.0,0.0,22.9,45.4,41.0,1.0,0.0,"Dry, overcast",Under 2°C,Windy (40-55),0.0
2025-2026,2026-01-06,Tuesday,19:45,Midweek,The New Saints,Bala Town,North,North,North-North,241.0,footballwebpages,2.0,1.0,Jan,,0,0,54.7,51,<1h,438.125,0.5500713266761769,343.4,1.0,1.8,20,,4660819,,0,,0,0,3.0,-2.0,0.3,0.3,0.0,22.3,50.0,99.0,51.0,2.0,Rain,Under 2°C,Windy (40-55),1.0
2025-2026,2026-01-13,Tuesday,19:45,Midweek,Barry Town United,Llanelli Town AFC,South,South,South-South,361.0,footballwebpages,5.0,1.0,Jan,,0,0,87.4,71,1-2h,425.125,0.8491620111731844,308.875,6.0,1.4,22,,4660845,,0,,0,0,6.9,4.1,0.0,0.0,0.0,10.7,16.9,100.0,3.0,0.0,"Dry, overcast",2-7°C,Calm (<25 km/h gusts),0.0
2025-2026,2026-01-13,Tuesday,19:45,Midweek,Caernarfon Town,Connah's Quay Nomads,North,North,North-North,412.0,footballwebpages,2.0,2.0,Jan,,0,0,97.5,78,1-2h,438.8,0.9389243391066544,341.3125,4.0,1.0,22,,4660846,,0,,0,0,3.5,0.9,0.0,0.0,0.0,5.2,11.2,16.0,0.0,0.0,Clear,Under 2°C,Calm (<25 km/h gusts),0.0
2025-2026,2026-01-13,Tuesday,19:45,Midweek,Flint Town United,Bala Town,North,North,North-North,260.0,footballwebpages,0.0,4.0,Jan,,0,0,63.2,65,1-2h,325.0625,0.7998461834262642,343.4,10.0,1.2,22,,4660847,,0,,0,0,4.8,0.6,0.0,0.0,0.0,16.7,31.3,7.0,0.0,0.0,Clear,Under 2°C,Breezy (25-40),0.0
2025-2026,2026-01-13,Tuesday,19:45,Midweek,Haverfordwest County,Briton Ferry Llansawel,South,South,South-South,516.0,footballwebpages,2.0,3.0,Jan,,0,0,98.9,75,1-2h,578.1875,0.8924440601016106,502.0625,8.0,1.6,22,,4660848,,0,,0,0,3.9,0.7,0.0,0.0,0.0,9.2,14.8,2.0,0.0,0.0,Clear,Under 2°C,Calm (<25 km/h gusts),0.0
2025-2026,2026-01-13,Tuesday,19:45,Midweek,Penybont FC,Cardiff Metropolitan University,South,South,South-South,345.0,footballwebpages,1.0,1.0,Jan,,0,1,37.0,43,<1h,391.125,0.8820709491850431,322.75,3.0,1.6,22,,4660849,,0,,0,0,5.9,2.8,0.0,0.0,0.0,10.9,21.2,100.0,3.0,0.0,"Dry, overcast",2-7°C,Calm (<25 km/h gusts),0.0
2025-2026,2026-01-13,Tuesday,19:45,Midweek,The New Saints,Colwyn Bay,North,North,North-North,504.0,footballwebpages,1.0,0.0,Jan,,0,0,99.0,74,1-2h,438.125,1.1503566333808843,1023.4375,1.0,2.4,22,,4660850,,0,,0,0,2.3,-0.9,0.0,0.0,0.0,8.4,15.8,2.0,0.0,0.0,Clear,Under 2°C,Calm (<25 km/h gusts),0.0
2025-2026,2026-01-23,Friday,19:45,Fri evening,Briton Ferry Llansawel,Llanelli Town AFC,South,South,South-South,628.0,footballwebpages,3.0,1.0,Jan,,0,1,29.7,25,<1h,502.0625,1.2508402838292043,308.875,8.0,1.6,23,,4807531,,0,,0,0,7.4,0.9,0.0,0.0,0.0,33.7,69.5,99.0,3.0,0.3,Drizzle,Under 2°C,Gale (55+),0.0
2025-2026,2026-01-23,Friday,19:45,Fri evening,Cardiff Metropolitan University,Haverfordwest County,South,South,South-South,267.0,footballwebpages,0.0,2.0,Jan,,0,0,158.6,125,2-3h,322.75,0.8272656855151046,578.1875,7.0,1.2,23,,4807532,,0,,0,0,6.9,1.4,0.2,0.2,0.0,26.4,50.4,99.0,51.0,0.8,Drizzle,Under 2°C,Windy (40-55),0.0
2025-2026,2026-01-23,Friday,19:45,Fri evening,Bala Town,Flint Town United,North,North,North-North,285.0,footballwebpages,3.0,4.0,Jan,,0,0,63.3,65,1-2h,343.4,0.8299359347699476,325.0625,10.0,0.8,23,,4807536,,0,,0,0,5.3,-0.2,0.0,0.0,0.0,28.6,61.9,100.0,3.0,0.0,"Dry, overcast",Under 2°C,Gale (55+),0.0
2025-2026,2026-01-24,Saturday,14:30,Sat afternoon,Penybont FC,Caernarfon Town,South,North,North-South,293.0,footballwebpages,0.0,0.0,Jan,,0,0,292.7,255,>3h,391.125,0.7491211249600511,438.8,3.0,1.2,23,,4807533,,0,"Cardiff City, Newport County",1,1,7.3,0.3,0.4,0.4,0.0,40.3,76.0,100.0,51.0,0.8,Drizzle,Under 2°C,Gale (55+),0.0
2025-2026,2026-01-24,Saturday,14:30,Sat afternoon,The New Saints,Barry Town United,North,South,North-South,304.0,footballwebpages,1.0,0.0,Jan,,0,0,221.4,185,>3h,438.125,0.6938659058487875,425.125,1.0,2.4,23,,4807534,,0,,0,1,7.0,0.9,0.3,0.3,0.0,31.6,61.2,97.0,51.0,0.3,Drizzle,Under 2°C,Gale (55+),0.0
2025-2026,2026-01-24,Saturday,17:15,Sat evening,Colwyn Bay,Connah's Quay Nomads,North,North,North-North,1612.0,footballwebpages,2.0,2.0,Jan,,0,0,52.3,46,<1h,1023.4375,1.5750839694656489,341.3125,6.0,1.2,23,,4807535,,0,,0,1,6.8,0.4,0.1,0.1,0.0,32.4,67.7,97.0,51.0,0.5,Drizzle,Under 2°C,Gale (55+),0.0
2025-2026,2026-02-06,Friday,19:45,Fri evening,Briton Ferry Llansawel,Haverfordwest County,South,South,South-South,612.0,footballwebpages,0.0,2.0,Feb,,0,0,99.0,76,1-2h,502.0625,1.2189717415660402,578.1875,8.0,2.0,24,,4807537,,0,,0,0,7.7,5.9,0.1,0.1,0.0,8.0,20.9,83.0,51.0,2.3000000000000003,Rain,2-7°C,Calm (<25 km/h gusts),1.0
2025-2026,2026-02-06,Friday,19:45,Fri evening,Connah's Quay Nomads,Caernarfon Town,North,North,North-North,325.0,footballwebpages,1.0,1.0,Feb,,0,0,98.9,81,1-2h,341.3125,0.9522065555759018,438.8,2.0,2.2,24,,4807540,,0,,0,0,4.9,1.6,0.5,0.5,0.0,13.2,24.8,100.0,53.0,1.0,Rain,Under 2°C,Calm (<25 km/h gusts),1.0
2025-2026,2026-02-07,Saturday,12:30,Sat lunch,The New Saints,Penybont FC,North,South,North-South,480.0,footballwebpages,6.0,0.0,Feb,,0,0,231.8,192,>3h,438.125,1.0955777460770328,391.125,1.0,2.4,24,,4807541,,0,Wrexham,1,1,5.4,2.4,1.9,1.9,0.0,12.5,31.0,100.0,61.0,2.8,Rain,2-7°C,Breezy (25-40),1.0
2025-2026,2026-02-07,Saturday,14:30,Sat afternoon,Llanelli Town AFC,Flint Town United,South,North,North-South,202.0,footballwebpages,0.0,2.0,Feb,,0,0,244.6,215,>3h,308.875,0.6539862403885067,325.0625,12.0,0.0,24,,4807539,,0,Newport County,1,1,9.3,5.7,0.1,0.1,0.0,20.3,38.2,100.0,51.0,3.9000000000000004,Rain,2-7°C,Breezy (25-40),1.0
2025-2026,2026-02-07,Saturday,14:30,Sat afternoon,Barry Town United,Colwyn Bay,South,North,North-South,348.0,footballwebpages,0.0,1.0,Feb,,0,0,319.2,256,>3h,425.125,0.818582769773596,1023.4375,6.0,1.2,24,,4807542,,0,Newport County,1,1,10.5,6.7,0.4,0.4,0.0,22.9,38.5,92.0,51.0,1.7000000000000002,Rain,2-7°C,Breezy (25-40),1.0
2025-2026,2026-02-07,Saturday,14:45,Sat afternoon,Bala Town,Cardiff Metropolitan University,North,South,North-South,348.0,footballwebpages,1.0,1.0,Feb,,0,0,213.3,202,>3h,343.4,1.013395457192778,322.75,11.0,0.6,24,,4807538,,0,Wrexham,1,1,7.6,5.0,0.4,0.4,0.0,14.0,28.4,100.0,51.0,0.9,Drizzle,2-7°C,Breezy (25-40),0.0
2025-2026,2026-02-13,Friday,19:45,Fri evening,Cardiff Metropolitan University,Llanelli Town AFC,South,South,South-South,253.0,footballwebpages,1.0,1.0,Feb,,0,0,89.3,75,1-2h,322.75,0.7838884585592564,308.875,8.0,0.6,25,,4807555,,0,,0,0,3.0,-3.1,0.3,0.3,0.0,28.8,60.1,100.0,51.0,0.4,Drizzle,Under 2°C,Gale (55+),0.0
2025-2026,2026-02-13,Friday,19:45,Fri evening,Haverfordwest County,Bala Town,South,North,North-South,379.0,footballwebpages,3.0,0.0,Feb,,0,0,180.8,175,2-3h,578.1875,0.6554967030591288,343.4,7.0,2.0,25,,4807556,,0,,0,0,3.7,-3.3,0.2,0.2,0.0,35.7,60.1,100.0,51.0,4.0,Heavy rain,Under 2°C,Gale (55+),1.0
2025-2026,2026-02-13,Friday,19:45,Fri evening,Colwyn Bay,The New Saints,North,North,North-North,727.0,footballwebpages,0.0,2.0,Feb,,0,0,98.2,73,1-2h,1023.4375,0.710351145038168,438.125,5.0,1.4,25,,4807558,,0,,0,0,2.6,-3.0,0.1,0.1,0.0,23.8,48.2,61.0,51.0,0.2,Drizzle,Under 2°C,Windy (40-55),0.0
2025-2026,2026-02-14,Saturday,12:30,Sat lunch,Penybont FC,Connah's Quay Nomads,South,North,North-South,278.0,footballwebpages,0.0,0.0,Feb,,0,0,287.2,239,>3h,391.125,0.7107702141259188,341.3125,3.0,1.2,25,,4807559,,0,Cardiff City,1,1,3.8,1.0,0.0,0.0,0.0,2.7,13.0,52.0,2.0,0.0,"Dry, overcast",Under 2°C,Calm (<25 km/h gusts),0.0
2025-2026,2026-02-14,Saturday,14:30,Sat afternoon,Flint Town United,Briton Ferry Llansawel,North,South,North-South,325.0,footballwebpages,0.0,0.0,Feb,,0,0,256.6,216,>3h,325.0625,0.9998077292828302,502.0625,10.0,1.8,25,,4807557,,0,,0,1,5.6,2.1,0.0,0.0,0.0,9.0,22.3,100.0,3.0,0.0,"Dry, overcast",2-7°C,Calm (<25 km/h gusts),0.0
2025-2026,2026-02-14,Saturday,14:30,Sat afternoon,Caernarfon Town,Barry Town United,North,South,North-South,247.0,footballwebpages,0.0,2.0,Feb,,0,0,279.4,247,>3h,438.8,0.5628988149498633,425.125,4.0,1.2,25,,4807560,,0,,0,1,5.4,1.2,0.0,0.0,0.0,15.2,27.0,100.0,3.0,0.0,"Dry, overcast",Under 2°C,Breezy (25-40),0.0
2025-2026,2026-02-20,Friday,19:45,Fri evening,Llanelli Town AFC,Haverfordwest County,South,South,South-South,248.0,footballwebpages,0.0,1.0,Feb,,0,0,84.7,68,1-2h,308.875,0.8029138000809389,578.1875,12.0,0.2,26,,4807549,February half-term,1,,0,0,9.5,5.6,0.0,0.0,0.0,19.7,47.5,98.0,3.0,0.0,"Dry, overcast",2-7°C,Windy (40-55),0.0
2025-2026,2026-02-20,Friday,19:45,Fri evening,The New Saints,Caernarfon Town,North,North,North-North,394.0,footballwebpages,2.0,1.0,Feb,,0,0,145.4,108,1-2h,438.125,0.899286733238231,438.8,1.0,3.0,26,,4807552,February half-term,1,,0,0,7.6,2.4,0.0,0.0,0.0,27.7,55.1,100.0,3.0,0.0,"Dry, overcast",2-7°C,Gale (55+),0.0
2025-2026,2026-02-21,Saturday,12:30,Sat lunch,Briton Ferry Llansawel,Bala Town,South,North,North-South,194.0,footballwebpages,2.0,1.0,Feb,,0,0,213.1,190,>3h,502.0625,0.3864060749408689,343.4,9.0,2.0,26,,4807550,February half-term,1,"Newport County, Swansea City",1,1,10.6,7.9,0.1,0.1,0.0,20.0,35.6,100.0,51.0,1.4000000000000001,Rain,7-12°C,Breezy (25-40),1.0
2025-2026,2026-02-21,Saturday,14:30,Sat afternoon,Flint Town United,Cardiff Metropolitan University,North,South,North-South,275.0,footballwebpages,1.0,1.0,Feb,,0,0,256.1,214,>3h,325.0625,0.8459911555470102,322.75,10.0,2.0,26,,4807551,February half-term,1,Wrexham,1,1,13.4,10.6,0.0,0.0,0.0,18.5,40.3,100.0,3.0,0.0,"Dry, overcast",7-12°C,Windy (40-55),0.0
2025-2026,2026-02-21,Saturday,14:30,Sat afternoon,Barry Town United,Connah's Quay Nomads,South,North,North-South,264.0,footballwebpages,1.0,0.0,Feb,,0,0,276.7,231,>3h,425.125,0.6209938253454866,341.3125,7.0,1.2,26,,4807553,February half-term,1,"Newport County, Swansea City",1,1,12.9,10.3,0.2,0.2,0.0,20.9,42.1,100.0,51.0,0.2,Drizzle,7-12°C,Windy (40-55),0.0
2025-2026,2026-02-21,Saturday,14:30,Sat afternoon,Colwyn Bay,Penybont FC,North,South,North-South,724.0,footballwebpages,3.0,1.0,Feb,,0,0,328.6,262,>3h,1023.4375,0.7074198473282443,391.125,7.0,0.8,26,,4807554,February half-term,1,Wrexham,1,1,11.2,7.6,0.0,0.0,0.0,23.5,46.1,100.0,3.0,0.0,"Dry, overcast",7-12°C,Windy (40-55),0.0
2025-2026,2026-02-27,Friday,19:45,Fri evening,Bala Town,Llanelli Town AFC,North,South,North-South,,,0.0,0.0,Feb,,0,0,186.0,184,>3h,343.4,,308.875,11.0,0.8,27,,4807543,,0,,0,0,6.8,3.4,0.0,0.0,0.0,17.2,32.8,100.0,3.0,0.1,"Dry, overcast",2-7°C,Breezy (25-40),0.0
2025-2026,2026-02-27,Friday,19:45,Fri evening,Caernarfon Town,Colwyn Bay,North,North,North-North,,,3.0,0.0,Feb,,0,1,49.6,41,<1h,438.8,,1023.4375,6.0,0.6,27,,4807546,,0,,0,0,7.4,4.2,0.0,0.0,0.0,15.8,23.8,88.0,3.0,0.2,Drizzle,2-7°C,Calm (<25 km/h gusts),0.0
2025-2026,2026-03-01,Sunday,14:30,Sun afternoon,Haverfordwest County,Flint Town United,South,North,North-South,521.0,footballwebpages,1.0,3.0,Mar,,0,0,286.4,239,>3h,578.1875,0.9010917738622852,325.0625,7.0,2.4,27,,4807545,,0,,0,0,10.2,5.4,0.6,0.6,0.0,31.9,54.0,100.0,53.0,1.0,Rain,2-7°C,Windy (40-55),1.0
2025-2026,2026-03-03,Tuesday,19:45,Midweek,Barry Town United,Penybont FC,South,South,South-South,516.0,footballwebpages,1.0,0.0,Mar,,0,1,32.6,38,<1h,425.125,1.2137606586298149,391.125,6.0,1.8,27,,4807547,,0,Newport County,1,1,11.6,9.2,0.0,0.0,0.0,13.5,24.1,98.0,3.0,0.0,"Dry, overcast",7-12°C,Calm (<25 km/h gusts),0.0
2025-2026,2026-03-03,Tuesday,19:45,Midweek,Connah's Quay Nomads,The New Saints,North,North,North-North,287.0,footballwebpages,1.0,2.0,Mar,,0,0,57.9,50,<1h,341.3125,0.8408716352316425,438.125,2.0,0.8,27,,4807548,,0,,0,1,9.2,6.4,0.0,0.0,0.0,9.9,22.3,100.0,3.0,0.0,"Dry, overcast",2-7°C,Calm (<25 km/h gusts),0.0
2025-2026,2026-03-13,Friday,19:45,Fri evening,Haverfordwest County,Cardiff Metropolitan University,South,South,South-South,537.0,footballwebpages,1.0,0.0,Mar,,0,0,155.7,125,2-3h,578.1875,0.9287644578964436,322.75,7.0,2.4,28,,4807562,,0,,0,1,5.4,1.1,0.0,0.0,0.0,14.2,32.0,87.0,3.0,0.0,"Dry, overcast",Under 2°C,Breezy (25-40),0.0
2025-2026,2026-03-13,Friday,19:45,Fri evening,Llanelli Town AFC,Briton Ferry Llansawel,South,South,South-South,245.0,footballwebpages,0.0,2.0,Mar,,0,1,29.5,25,<1h,308.875,0.7932011331444759,502.0625,12.0,0.4,28,,4807563,,0,,0,1,5.4,1.1,0.1,0.1,0.0,14.5,32.4,91.0,51.0,0.1,"Dry, overcast",Under 2°C,Breezy (25-40),0.0
2025-2026,2026-03-13,Friday,19:45,Fri evening,Caernarfon Town,Connah's Quay Nomads,North,North,North-North,257.0,footballwebpages,2.0,4.0,Mar,,0,0,97.5,78,1-2h,438.8,0.5856882406563354,341.3125,4.0,1.0,28,,4807564,,0,Wrexham,1,1,4.7,0.7,0.0,0.0,0.0,15.1,32.4,95.0,3.0,1.2,Rain,Under 2°C,Breezy (25-40),1.0
2025-2026,2026-03-14,Saturday,12:30,Sat lunch,Flint Town United,Bala Town,North,North,North-North,290.0,footballwebpages,1.0,1.0,Mar,,0,0,63.2,65,1-2h,325.0625,0.8921361276677562,343.4,9.0,2.2,28,,4807561,,0,,0,0,8.3,4.3,0.0,0.0,0.0,13.8,31.0,15.0,0.0,0.0,Clear,2-7°C,Breezy (25-40),0.0
2025-2026,2026-03-14,Saturday,14:30,Sat afternoon,Colwyn Bay,Barry Town United,North,South,North-South,708.0,footballwebpages,3.0,1.0,Mar,,0,0,318.2,254,>3h,1023.4375,0.6917862595419847,425.125,7.0,1.4,28,,4807565,,0,,0,0,7.9,3.9,0.0,0.0,0.0,15.5,34.6,25.0,1.0,0.5,Drizzle,2-7°C,Breezy (25-40),0.0
2025-2026,2026-03-14,Saturday,14:30,Sat afternoon,Penybont FC,The New Saints,South,North,North-South,302.0,footballwebpages,1.0,2.0,Mar,,0,0,231.9,193,>3h,391.125,0.7721316714605305,438.125,4.0,0.4,28,,4807566,,0,,0,0,8.8,5.0,0.0,0.0,0.0,14.7,31.0,22.0,1.0,0.1,Clear,2-7°C,Breezy (25-40),0.0
2025-2026,2026-03-16,Monday,19:45,Midweek,Cardiff Metropolitan University,Briton Ferry Llansawel,South,South,South-South,352.0,footballwebpages,0.0,2.0,Mar,,0,0,59.9,51,<1h,322.75,1.0906274206041828,502.0625,10.0,0.6,27,,4807544,,0,,0,0,9.5,6.0,0.3,0.3,0.0,20.9,40.0,100.0,51.0,0.6000000000000001,Drizzle,2-7°C,Breezy (25-40),0.0
2025-2026,2026-03-20,Friday,19:45,Fri evening,The New Saints,Colwyn Bay,North,North,North-North,500.0,footballwebpages,0.0,2.0,Mar,,0,0,99.0,74,1-2h,438.125,1.1412268188302426,1023.4375,1.0,3.0,29,,4831096,,0,,0,0,10.0,8.6,0.0,0.0,0.0,3.4,9.4,100.0,3.0,0.0,"Dry, overcast",7-12°C,Calm (<25 km/h gusts),0.0
2025-2026,2026-03-20,Friday,19:45,Fri evening,Llanelli Town AFC,Cardiff Metropolitan University,South,South,South-South,213.0,footballwebpages,1.0,2.0,Mar,,0,0,86.3,75,1-2h,308.875,0.6895993524888709,322.75,12.0,0.4,29,,4831130,,0,,0,0,10.8,9.7,0.0,0.0,0.0,0.9,10.1,100.0,3.0,0.0,"Dry, overcast",7-12°C,Calm (<25 km/h gusts),0.0
2025-2026,2026-03-21,Saturday,14:30,Sat afternoon,Barry Town United,Caernarfon Town,South,North,North-South,518.0,footballwebpages,2.0,1.0,Mar,,0,0,280.1,248,>3h,425.125,1.2184651573066745,438.8,6.0,1.8,29,,4831097,,0,"Cardiff City, Swansea City",1,1,12.1,11.2,0.0,0.0,0.0,4.0,19.1,15.0,0.0,0.0,Clear,7-12°C,Calm (<25 km/h gusts),0.0
2025-2026,2026-03-21,Saturday,14:30,Sat afternoon,Connah's Quay Nomads,Penybont FC,North,South,North-South,392.0,footballwebpages,2.0,1.0,Mar,,0,0,288.3,239,>3h,341.3125,1.14850759934078,391.125,2.0,1.0,29,,4831098,,0,,0,1,13.3,12.8,0.0,0.0,0.0,2.3,14.8,100.0,3.0,0.0,"Dry, overcast",12-17°C,Calm (<25 km/h gusts),0.0
2025-2026,2026-03-21,Saturday,14:30,Sat afternoon,Briton Ferry Llansawel,Flint Town United,South,North,North-South,389.0,footballwebpages,0.0,0.0,Mar,,0,0,257.0,215,>3h,502.0625,0.7748039337731856,325.0625,8.0,2.0,29,,4831131,,0,"Cardiff City, Swansea City",1,1,14.4,13.3,0.0,0.0,0.0,8.0,22.3,17.0,0.0,0.0,Clear,12-17°C,Calm (<25 km/h gusts),0.0
2025-2026,2026-03-21,Saturday,17:15,Sat evening,Bala Town,Haverfordwest County,North,South,North-South,316.0,footballwebpages,1.0,0.0,Mar,,0,0,181.6,175,2-3h,343.4,0.9202096680256262,578.1875,11.0,0.6,29,,4831129,,0,,0,1,15.3,14.3,0.0,0.0,0.0,3.3,11.9,29.0,1.0,0.0,Clear,12-17°C,Calm (<25 km/h gusts),0.0
2025-2026,2026-03-27,Friday,19:45,Fri evening,Caernarfon Town,The New Saints,North,North,North-North,228.0,footballwebpages,0.0,4.0,Mar,,0,0,143.5,105,1-2h,438.8,0.5195989061075661,438.125,6.0,0.6,30,,4831093,Easter,1,,0,0,7.2,4.0,0.8,0.8,0.0,12.2,33.1,16.0,53.0,1.0,Rain,2-7°C,Breezy (25-40),1.0
2025-2026,2026-03-28,Saturday,12:30,Sat lunch,Haverfordwest County,Briton Ferry Llansawel,South,South,South-South,620.0,footballwebpages,1.0,0.0,Mar,,0,0,98.9,75,1-2h,578.1875,1.0723165063236406,502.0625,7.0,1.8,30,,4831132,Easter,1,Newport County,1,1,6.9,0.6,0.1,0.1,0.0,30.9,53.6,30.0,51.0,0.1,Clear,Under 2°C,Windy (40-55),0.0
2025-2026,2026-03-28,Saturday,14:30,Sat afternoon,Penybont FC,Colwyn Bay,South,North,North-South,387.0,footballwebpages,0.0,0.0,Mar,,0,0,329.7,263,>3h,391.125,0.9894534995206136,1023.4375,6.0,0.2,30,,4831094,Easter,1,Newport County,1,1,8.1,2.2,0.0,0.0,0.0,28.3,57.6,22.0,1.0,0.0,Clear,2-7°C,Gale (55+),0.0
2025-2026,2026-03-28,Saturday,14:30,Sat afternoon,Cardiff Metropolitan University,Bala Town,South,North,North-South,247.0,footballwebpages,2.0,1.0,Mar,,0,0,215.7,202,>3h,322.75,0.7652982184353214,343.4,9.0,1.0,30,,4831133,Easter,1,Newport County,1,1,9.0,3.8,0.0,0.0,0.0,22.8,48.6,15.0,0.0,0.0,Clear,2-7°C,Windy (40-55),0.0
2025-2026,2026-03-28,Saturday,14:30,Sat afternoon,Flint Town United,Llanelli Town AFC,North,South,North-South,255.0,footballwebpages,1.0,2.0,Mar,,0,0,243.9,215,>3h,325.0625,0.7844645260526821,308.875,10.0,1.4,30,,4831134,Easter,1,,0,1,7.5,0.5,0.3,0.3,0.0,33.6,69.1,35.0,51.0,0.4,Drizzle,Under 2°C,Gale (55+),0.0
2025-2026,2026-03-29,Sunday,14:30,Sun afternoon,Connah's Quay Nomads,Barry Town United,North,South,North-South,253.0,footballwebpages,1.0,1.0,Mar,,0,0,277.9,231,>3h,341.3125,0.741256180186779,425.125,2.0,1.4,30,,4831095,Easter,1,,0,0,8.5,2.9,0.8,0.8,0.0,32.0,58.7,100.0,53.0,3.3,Rain,2-7°C,Gale (55+),1.0
2025-2026,2026-04-03,Friday,14:30,Fri evening,Colwyn Bay,Caernarfon Town,North,North,North-North,2357.0,footballwebpages (club page),0.0,2.0,Apr,,0,1,50.8,43,<1h,1023.4375,2.303022900763359,438.8,3.0,2.0,31,,4831099,Easter,1,,0,1,11.9,7.2,0.5,0.5,0.0,31.3,66.2,100.0,53.0,0.6,Drizzle,7-12°C,Gale (55+),0.0
2025-2026,2026-04-03,Friday,14:30,Fri evening,Penybont FC,Barry Town United,South,South,South-South,446.0,footballwebpages (club page),0.0,2.0,Apr,,0,1,32.5,38,<1h,391.125,1.1403004154682006,425.125,7.0,0.2,31,,4831100,Easter,1,Newport County,1,1,10.8,5.0,0.1,0.1,0.0,40.0,68.4,100.0,51.0,0.1,"Dry, overcast",2-7°C,Gale (55+),0.0
2025-2026,2026-04-03,Friday,14:30,Fri evening,The New Saints,Connah's Quay Nomads,North,North,North-North,830.0,footballwebpages (club page),2.0,1.0,Apr,,0,0,56.4,49,<1h,438.125,1.8944365192582029,341.3125,1.0,2.4,31,,4831101,Easter,1,,0,1,12.9,7.1,0.0,0.0,0.0,39.6,70.6,100.0,3.0,0.2,Drizzle,7-12°C,Gale (55+),0.0
2025-2026,2026-04-03,Friday,14:30,Fri evening,Briton Ferry Llansawel,Cardiff Metropolitan University,South,South,South-South,320.0,footballwebpages (club page),3.0,1.0,Apr,,0,0,58.3,53,<1h,502.0625,0.6373708452632889,322.75,8.0,2.0,31,,4831126,Easter,1,Newport County,1,1,11.8,8.5,0.3,0.3,0.0,25.0,56.2,100.0,51.0,0.5,Drizzle,7-12°C,Gale (55+),0.0
2025-2026,2026-04-03,Friday,14:30,Fri evening,Flint Town United,Haverfordwest County,North,South,North-South,335.0,footballwebpages (club page),0.0,1.0,Apr,,0,0,244.2,238,>3h,325.0625,1.0305710440299942,578.1875,10.0,1.2,31,,4831127,Easter,1,,0,1,14.2,9.3,0.1,0.1,0.0,33.8,66.6,96.0,51.0,0.1,"Dry, overcast",7-12°C,Gale (55+),0.0
2025-2026,2026-04-03,Friday,14:30,Fri evening,Llanelli Town AFC,Bala Town,South,North,North-South,254.0,footballwebpages (club page),0.0,5.0,Apr,,0,0,185.0,185,>3h,308.875,0.8223391339538648,343.4,12.0,0.8,31,,4831128,Easter,1,Newport County,1,1,11.5,8.5,0.1,0.1,0.0,21.5,50.4,100.0,51.0,0.2,Drizzle,7-12°C,Windy (40-55),0.0
2025-2026,2026-04-18,Saturday,17:15,Sat evening,Barry Town United,The New Saints,South,North,North-South,557.0,footballwebpages (club page),0.0,1.0,Apr,,0,0,221.4,185,>3h,425.125,1.3102028815054396,438.125,3.0,2.0,32,,4831102,,0,Swansea City,1,1,11.7,7.9,0.0,0.0,0.0,22.6,46.4,38.0,1.0,0.2,Drizzle,7-12°C,Windy (40-55),0.0
2025-2026,2026-04-18,Saturday,17:15,Sat evening,Connah's Quay Nomads,Colwyn Bay,North,North,North-North,495.0,footballwebpages (club page),1.0,1.0,Apr,,0,0,52.5,47,<1h,341.3125,1.4502838308002195,1023.4375,2.0,1.4,32,,4831103,,0,Wrexham,1,1,10.8,6.1,0.0,0.0,0.0,23.9,49.3,37.0,1.0,0.0,Clear,2-7°C,Windy (40-55),0.0
2025-2026,2026-04-18,Saturday,17:15,Sat evening,Caernarfon Town,Penybont FC,North,South,North-South,734.0,footballwebpages (club page),2.0,0.0,Apr,,0,0,289.8,254,>3h,438.8,1.6727438468550593,391.125,6.0,1.2,32,,4831104,,0,Wrexham,1,1,10.6,7.4,1.0,1.0,0.0,15.9,34.9,26.0,55.0,1.2,Rain,7-12°C,Breezy (25-40),1.0
2025-2026,2026-04-18,Saturday,17:15,Sat evening,Bala Town,Briton Ferry Llansawel,North,South,North-South,485.0,footballwebpages (club page),1.0,2.0,Apr,,0,0,213.5,191,>3h,343.4,1.4123471170646478,502.0625,11.0,1.6,32,,4831135,,0,Wrexham,1,1,11.0,7.2,0.2,0.2,0.0,18.9,42.8,36.0,51.0,0.6000000000000001,Drizzle,7-12°C,Windy (40-55),0.0
2025-2026,2026-04-18,Saturday,17:15,Sat evening,Cardiff Metropolitan University,Flint Town United,South,North,North-South,396.0,footballwebpages (club page),2.0,2.0,Apr,,0,0,257.2,215,>3h,322.75,1.2269558481797056,325.0625,9.0,1.2,32,,4831136,,0,Swansea City,1,1,13.4,10.1,0.1,0.1,0.0,12.7,28.1,52.0,51.0,0.5,Drizzle,7-12°C,Breezy (25-40),0.0
2025-2026,2026-04-18,Saturday,17:15,Sat evening,Haverfordwest County,Llanelli Town AFC,South,South,South-South,822.0,footballwebpages (club page),6.0,0.0,Apr,,0,0,84.5,67,1-2h,578.1875,1.4216841422548914,308.875,6.0,1.8,32,,4831137,,0,Swansea City,1,1,11.5,7.8,0.0,0.0,0.0,18.1,33.5,16.0,0.0,0.4,Drizzle,7-12°C,Breezy (25-40),0.0
2026-2027,2026-07-31,Friday,19:45,Fri evening,Barry Town United,Cambrian United,South,South,South-South,823.0,footballwebpages,2.0,1.0,Jul,,0,1,34.5,37,<1h,760.0,1.0828947368421054,899.0,,,1,,4918292,Summer,1,,0,0,18.7,14.6,0.0,0.0,0.0,27.2,53.3,4.0,0.0,0.0,Clear,12-17°C,Windy (40-55),0.0
2026-2027,2026-07-31,Friday,19:45,Fri evening,Briton Ferry Llansawel,Ammanford AFC,South,South,South-South,1185.0,footballwebpages,2.0,1.0,Jul,,0,1,35.3,31,<1h,844.3333333333334,1.403474141334386,637.6666666666666,,,1,,4918293,Summer,1,,0,0,19.3,16.9,0.0,0.0,0.0,12.6,33.5,91.0,3.0,0.0,"Dry, overcast",12-17°C,Breezy (25-40),0.0
2026-2027,2026-07-31,Friday,19:45,Fri evening,Colwyn Bay,Trefelin Boys & Girls Club,North,South,North-South,1039.0,footballwebpages,2.0,0.0,Jul,,0,0,302.1,246,>3h,1381.3333333333333,0.7521718146718147,518.3333333333334,,,1,,4918294,Summer,1,,0,0,16.7,13.9,0.0,0.0,0.0,15.2,35.6,27.0,1.0,0.0,Clear,12-17°C,Breezy (25-40),0.0
2026-2027,2026-07-31,Friday,19:45,Fri evening,Llandudno FC,Flint Town United,North,North,North-North,614.0,footballwebpages,3.0,2.0,Jul,,0,0,57.5,49,<1h,515.5,1.1910766246362754,505.6666666666667,,,1,,4918295,Summer,1,,0,0,17.7,15.2,0.0,0.0,0.0,15.2,35.6,27.0,1.0,0.0,Clear,12-17°C,Breezy (25-40),0.0
2026-2027,2026-08-01,Saturday,14:30,Sat afternoon,Cardiff Metropolitan University,Holywell Town,South,North,North-South,342.0,footballwebpages,6.0,1.0,Aug,,0,0,259.8,212,>3h,315.5,1.0839936608557843,600.0,,,1,,4918296,Summer,1,,0,0,22.1,20.9,0.0,0.0,0.0,12.1,29.5,43.0,1.0,0.0,"Dry, overcast",Over 17°C,Breezy (25-40),0.0
2026-2027,2026-08-01,Saturday,14:30,Sat afternoon,Haverfordwest County,Airbus UK Broughton,South,North,North-South,603.0,footballwebpages,0.0,1.0,Aug,,0,0,269.4,224,>3h,663.5,0.908816880180859,319.6666666666667,,,1,,4918297,Summer,1,,0,0,18.4,17.4,0.0,0.0,0.0,15.0,31.0,23.0,1.0,0.0,Clear,Over 17°C,Breezy (25-40),0.0
2026-2027,2026-08-02,Sunday,14:30,Sun afternoon,Connah's Quay Nomads,Caernarfon Town,North,North,North-North,603.0,footballwebpages,1.0,2.0,Aug,,0,0,98.9,81,1-2h,327.0,1.8440366972477065,1330.5,,,1,,4918298,Summer,1,,0,0,21.9,20.7,0.0,0.0,0.0,5.5,19.4,99.0,3.0,0.0,"Dry, overcast",Over 17°C,Calm (<25 km/h gusts),0.0
2026-2027,2026-08-02,Sunday,14:30,Sun afternoon,Penybont FC,The New Saints,South,North,North-South,875.0,footballwebpages,0.0,0.0,Aug,,0,0,231.9,193,>3h,622.0,1.4067524115755627,393.75,,,1,,4918299,Summer,1,,0,0,23.3,21.5,0.0,0.0,0.0,9.6,24.8,100.0,3.0,0.0,"Dry, overcast",Over 17°C,Calm (<25 km/h gusts),0.0
2026-2027,2026-08-07,Friday,19:45,Fri evening,Airbus UK Broughton,Cardiff Metropolitan University,North,South,North-South,260.0,footballwebpages,0.0,2.0,Aug,,0,0,239.9,200,>3h,319.6666666666667,0.8133472367049009,315.5,,,2,,4920517,Summer,1,,0,0,19.4,17.2,0.0,0.0,0.0,13.4,33.1,2.0,0.0,0.0,Clear,Over 17°C,Breezy (25-40),0.0
2026-2027,2026-08-07,Friday,19:45,Fri evening,Ammanford AFC,Colwyn Bay,South,North,North-South,812.0,footballwebpages,2.0,2.0,Aug,,0,0,265.5,226,>3h,637.6666666666666,1.273392577104025,1381.3333333333333,,,2,,4920518,Summer,1,,0,0,18.8,17.4,0.0,0.0,0.0,7.8,18.4,5.0,0.0,0.0,Clear,Over 17°C,Calm (<25 km/h gusts),0.0
2026-2027,2026-08-07,Friday,19:45,Fri evening,Caernarfon Town,Penybont FC,North,South,North-South,1379.0,footballwebpages,1.0,2.0,Aug,,0,0,289.8,254,>3h,1330.5,1.0364524614806463,622.0,,,2,,4920519,Summer,1,,0,0,18.1,15.9,0.0,0.0,0.0,13.7,27.0,10.0,0.0,0.0,Clear,12-17°C,Breezy (25-40),0.0
2026-2027,2026-08-07,Friday,19:45,Fri evening,Cambrian United,Briton Ferry Llansawel,South,South,South-South,847.0,footballwebpages,1.0,1.0,Aug,,0,0,45.7,48,<1h,899.0,0.9421579532814238,844.3333333333334,,,2,,4920520,Summer,1,,0,0,18.2,16.8,0.0,0.0,0.0,8.7,21.6,12.0,0.0,0.0,Clear,12-17°C,Calm (<25 km/h gusts),0.0
2026-2027,2026-08-07,Friday,19:45,Fri evening,Flint Town United,Barry Town United,North,South,North-South,434.0,footballwebpages,2.0,3.0,Aug,,0,0,278.2,229,>3h,505.6666666666667,0.8582729070533949,760.0,,,2,,4920521,Summer,1,,0,0,18.5,17.3,0.0,0.0,0.0,8.4,22.7,4.0,0.0,0.0,Clear,Over 17°C,Calm (<25 km/h gusts),0.0
2026-2027,2026-08-07,Friday,19:45,Fri evening,The New Saints,Haverfordwest County,North,South,North-South,301.0,footballwebpages,2.0,0.0,Aug,,0,0,228.7,194,>3h,393.75,0.7644444444444445,663.5,,,2,,4920522,Summer,1,,0,0,20.1,18.1,0.0,0.0,0.0,10.1,23.0,7.0,0.0,0.0,Clear,Over 17°C,Calm (<25 km/h gusts),0.0
2026-2027,2026-08-07,Friday,19:45,Fri evening,Trefelin Boys & Girls Club,Llandudno FC,South,North,North-South,578.0,footballwebpages,0.0,4.0,Aug,,0,0,287.7,254,>3h,518.3333333333334,1.115112540192926,515.5,,,2,,4920523,Summer,1,,0,0,18.7,17.0,0.0,0.0,0.0,8.5,22.7,4.0,0.0,0.0,Clear,12-17°C,Calm (<25 km/h gusts),0.0
2026-2027,2026-08-07,Friday,19:45,Fri evening,Holywell Town,Connah's Quay Nomads,North,North,North-North,1001.0,footballwebpages,1.0,3.0,Aug,,0,1,14.9,18,<1h,600.0,1.6683333333333332,327.0,,,2,,4920720,Summer,1,,0,0,19.0,18.2,0.0,0.0,0.0,4.4,15.5,8.0,0.0,0.0,Clear,Over 17°C,Calm (<25 km/h gusts),0.0
2026-2027,2026-08-14,Friday,19:45,Fri evening,Airbus UK Broughton,Ammanford AFC,North,South,North-South,264.0,footballwebpages,2.0,0.0,Aug,,0,0,208.5,186,>3h,319.6666666666667,0.8258602711157456,637.6666666666666,,,3,,4920524,Summer,1,,0,0,19.6,17.5,0.0,0.0,0.0,17.1,41.8,98.0,3.0,0.0,"Dry, overcast",Over 17°C,Windy (40-55),0.0
2026-2027,2026-08-14,Friday,19:45,Fri evening,Cambrian United,Flint Town United,South,North,North-South,750.0,footballwebpages,1.0,0.0,Aug,,0,0,249.6,221,>3h,899.0,0.8342602892102335,505.6666666666667,,,3,,4920527,Summer,1,,0,0,22.7,23.7,0.0,0.0,0.0,12.5,29.9,98.0,3.0,0.0,"Dry, overcast",Over 17°C,Breezy (25-40),0.0
2026-2027,2026-08-14,Friday,19:45,Fri evening,Haverfordwest County,Penybont FC,South,South,South-South,794.0,footballwebpages,0.0,3.0,Aug,,0,0,123.9,98,1-2h,663.5,1.196684250188395,622.0,,,3,,4920528,Summer,1,,0,0,19.5,18.9,0.0,0.0,0.0,18.4,33.8,100.0,3.0,0.0,"Dry, overcast",Over 17°C,Breezy (25-40),0.0
2026-2027,2026-08-14,Friday,19:45,Fri evening,Llandudno FC,Holywell Town,North,North,North-North,721.0,footballwebpages,3.0,1.0,Aug,,0,1,53.2,42,<1h,515.5,1.3986420950533462,600.0,,,3,,4920529,Summer,1,,0,0,18.2,17.9,0.0,0.0,0.0,9.2,22.7,100.0,3.0,0.0,"Dry, overcast",Over 17°C,Calm (<25 km/h gusts),0.0
2026-2027,2026-08-14,Friday,19:45,Fri evening,The New Saints,Briton Ferry Llansawel,North,South,North-South,261.0,footballwebpages,1.0,0.0,Aug,,0,0,199.8,171,2-3h,393.75,0.6628571428571428,844.3333333333334,,,3,,4920530,Summer,1,,0,0,19.1,17.3,0.0,0.0,0.0,19.0,41.4,99.0,3.0,0.0,"Dry, overcast",Over 17°C,Windy (40-55),0.0
2026-2027,2026-08-14,Friday,19:45,Fri evening,Connah's Quay Nomads,Trefelin Boys & Girls Club,North,South,North-South,223.0,footballwebpages,6.0,0.0,Aug,,0,0,261.7,222,>3h,327.0,0.6819571865443425,518.3333333333334,,,3,,4920721,Summer,1,,0,0,18.7,16.7,0.0,0.0,0.0,17.1,39.6,99.0,3.0,0.0,"Dry, overcast",12-17°C,Breezy (25-40),0.0
2026-2027,2026-08-15,Saturday,12:30,Sat lunch,Barry Town United,Cardiff Metropolitan University,South,South,South-South,788.0,footballwebpages,1.0,0.0,Aug,,0,1,17.8,30,<1h,760.0,1.0368421052631578,315.5,,,3,,4920525,Summer,1,Newport County,1,1,24.5,25.3,0.0,0.0,0.0,3.4,20.9,42.0,1.0,0.0,"Dry, overcast",Over 17°C,Calm (<25 km/h gusts),0.0
2026-2027,2026-08-15,Saturday,17:15,Sat evening,Caernarfon Town,Colwyn Bay,North,North,North-North,1352.0,footballwebpages,3.0,0.0,Aug,,0,1,49.6,41,<1h,1330.5,1.0161593385945134,1381.3333333333333,,,3,,4920526,Summer,1,,0,1,17.7,15.4,0.0,0.0,0.0,13.8,29.2,48.0,1.0,0.0,"Dry, overcast",12-17°C,Breezy (25-40),0.0
2026-2027,2026-08-21,Friday,19:45,Fri evening,Cardiff Metropolitan University,The New Saints,South,North,North-South,321.0,footballwebpages,0.0,5.0,Aug,,0,0,199.7,170,2-3h,315.5,1.01743264659271,393.75,6.0,2.0,4,,4920531,Summer,1,,0,0,16.2,15.4,0.1,0.1,0.0,8.3,27.4,28.0,51.0,0.1,Clear,12-17°C,Breezy (25-40),0.0
2026-2027,2026-08-21,Friday,19:45,Fri evening,Colwyn Bay,Airbus UK Broughton,North,North,North-North,1068.0,footballwebpages,1.0,0.0,Aug,,0,0,58.3,46,<1h,1381.3333333333333,0.7731660231660232,319.6666666666667,11.0,1.3333333333333333,4,,4920532,Summer,1,,0,0,15.3,13.0,0.0,0.0,0.0,13.2,31.0,20.0,1.0,0.0,Clear,12-17°C,Breezy (25-40),0.0
2026-2027,2026-08-21,Friday,19:45,Fri evening,Flint Town United,Briton Ferry Llansawel,North,South,North-South,320.0,footballwebpages,0.0,1.0,Aug,,0,0,256.6,216,>3h,505.6666666666667,0.6328279499011206,844.3333333333334,13.0,0.0,4,,4920533,Summer,1,,0,0,16.3,14.2,0.0,0.0,0.0,12.0,32.8,23.0,1.0,0.0,Clear,12-17°C,Breezy (25-40),0.0
2026-2027,2026-08-21,Friday,19:45,Fri evening,Haverfordwest County,Cambrian United,South,South,South-South,554.0,footballwebpages,0.0,3.0,Aug,,0,0,145.1,121,2-3h,663.5,0.8349660889223813,899.0,14.0,0.0,4,,4920534,Summer,1,,0,0,15.6,14.5,0.0,0.0,0.0,11.9,28.8,18.0,0.0,0.30000000000000004,Drizzle,12-17°C,Breezy (25-40),0.0
2026-2027,2026-08-21,Friday,19:45,Fri evening,Holywell Town,Barry Town United,North,South,North-South,387.0,footballwebpages,1.0,3.0,Aug,,0,0,280.9,226,>3h,600.0,0.645,760.0,14.0,0.0,4,,4920535,Summer,1,,0,0,16.0,13.4,0.0,0.0,0.0,14.2,31.0,27.0,1.0,0.0,Clear,12-17°C,Breezy (25-40),0.0
2026-2027,2026-08-21,Friday,19:45,Fri evening,Penybont FC,Llandudno FC,South,North,North-South,622.0,footballwebpages,2.0,1.0,Aug,,0,0,340.4,273,>3h,622.0,1.0,515.5,4.0,2.3333333333333335,4,,4920536,Summer,1,,0,0,15.6,15.3,0.2,0.2,0.0,5.2,20.2,16.0,51.0,0.8999999999999999,Drizzle,12-17°C,Calm (<25 km/h gusts),0.0
2026-2027,2026-08-21,Friday,19:45,Fri evening,Trefelin Boys & Girls Club,Caernarfon Town,South,North,North-South,317.0,footballwebpages,0.0,2.0,Aug,,0,0,273.1,236,>3h,518.3333333333334,0.6115755627009646,1330.5,16.0,0.0,4,,4920537,Summer,1,,0,0,15.1,14.9,0.1,0.1,0.0,7.3,22.0,18.0,51.0,0.6,Drizzle,12-17°C,Calm (<25 km/h gusts),0.0
2026-2027,2026-08-22,Saturday,12:30,Sat lunch,Ammanford AFC,Connah's Quay Nomads,South,North,North-South,512.0,footballwebpages,0.0,2.0,Aug,,0,0,223.0,201,>3h,637.6666666666666,0.8029273392577104,327.0,12.0,0.3333333333333333,4,,4920722,Summer,1,Swansea City,1,1,17.6,17.5,0.0,0.0,0.0,6.0,17.6,0.0,0.0,0.0,Clear,Over 17°C,Calm (<25 km/h gusts),0.0
2026-2027,2026-08-28,Friday,19:45,Fri evening,Barry Town United,Airbus UK Broughton,South,North,North-South,669.0,footballwebpages,4.0,2.0,Aug,,0,0,262.0,216,>3h,760.0,0.8802631578947369,319.6666666666667,1.0,3.0,5,,4920538,Summer,1,,0,1,18.3,16.8,0.2,0.2,0.0,22.9,48.6,16.0,51.0,1.0999999999999999,Rain,12-17°C,Windy (40-55),1.0
2026-2027,2026-08-28,Friday,19:45,Fri evening,Cardiff Metropolitan University,Briton Ferry Llansawel,South,South,South-South,240.0,footballwebpages,3.0,0.0,Aug,,0,0,59.9,51,<1h,315.5,0.7606973058637084,844.3333333333334,10.0,1.5,5,,4920539,Summer,1,,0,1,17.7,17.3,0.0,0.0,0.0,15.8,34.6,15.0,0.0,0.2,Drizzle,Over 17°C,Breezy (25-40),0.0
2026-2027,2026-08-28,Friday,19:45,Fri evening,Holywell Town,Caernarfon Town,North,North,North-North,610.0,footballwebpages,3.0,5.0,Aug,,0,0,87.5,66,1-2h,600.0,1.0166666666666666,1330.5,15.0,0.0,5,,4920540,Summer,1,Wrexham,1,1,17.3,17.1,0.1,0.1,0.0,13.4,30.2,3.0,51.0,0.2,Drizzle,Over 17°C,Breezy (25-40),0.0
2026-2027,2026-08-28,Friday,19:45,Fri evening,Llandudno FC,Haverfordwest County,North,South,North-South,403.0,footballwebpages,2.0,0.0,Aug,,0,0,241.6,233,>3h,515.5,0.7817652764306499,663.5,6.0,2.25,5,,4920541,Summer,1,Wrexham,1,1,18.3,18.3,0.0,0.0,0.0,14.2,31.7,4.0,0.0,0.2,Drizzle,Over 17°C,Breezy (25-40),0.0
2026-2027,2026-08-28,Friday,19:45,Fri evening,Penybont FC,Flint Town United,South,North,North-South,550.0,footballwebpages,1.0,1.0,Aug,,0,0,289.5,238,>3h,622.0,0.8842443729903537,505.6666666666667,5.0,2.5,5,,4920542,Summer,1,,0,1,17.5,15.9,0.0,0.0,0.0,23.3,48.2,27.0,1.0,1.0,Rain,12-17°C,Windy (40-55),1.0
2026-2027,2026-08-28,Friday,19:45,Fri evening,The New Saints,Colwyn Bay,North,North,North-North,601.0,footballwebpages,5.0,1.0,Aug,,0,0,99.0,74,1-2h,393.75,1.5263492063492063,1381.3333333333333,5.0,2.5,5,,4920543,Summer,1,Wrexham,1,1,17.6,17.1,0.0,0.0,0.0,14.4,29.9,5.0,0.0,0.1,Clear,Over 17°C,Breezy (25-40),0.0
2026-2027,2026-08-28,Friday,19:45,Fri evening,Trefelin Boys & Girls Club,Ammanford AFC,South,South,South-South,660.0,footballwebpages,1.0,1.0,Aug,,0,1,40.5,35,<1h,518.3333333333334,1.2733118971061093,637.6666666666666,16.0,0.0,5,,4920544,Summer,1,,0,1,17.1,16.8,0.1,0.1,0.0,14.2,30.2,27.0,51.0,0.7999999999999999,Drizzle,12-17°C,Breezy (25-40),0.0
2026-2027,2026-08-28,Friday,19:45,Fri evening,Connah's Quay Nomads,Cambrian United,North,South,North-South,220.0,footballwebpages,3.0,0.0,Aug,,0,0,248.6,223,>3h,327.0,0.672782874617737,899.0,6.0,2.25,5,,4920723,Summer,1,Wrexham,1,1,17.6,17.4,0.0,0.0,0.0,14.0,32.0,5.0,0.0,0.1,Clear,Over 17°C,Breezy (25-40),0.0
2026-2027,2026-08-31,Monday,14:30,Midweek,Airbus UK Broughton,Holywell Town,North,North,North-North,435.0,footballwebpages,6.0,2.0,Aug,August BH,0,1,21.2,18,<1h,319.6666666666667,1.3607924921793535,600.0,11.0,1.2,6,,4920545,Summer,1,,0,0,18.0,15.9,0.1,0.1,0.0,24.2,51.8,30.0,51.0,0.4,Drizzle,12-17°C,Windy (40-55),0.0
2026-2027,2026-08-31,Monday,14:30,Midweek,Ammanford AFC,Cardiff Metropolitan University,South,South,South-South,589.0,footballwebpages,0.0,5.0,Aug,August BH,0,0,92.3,81,1-2h,637.6666666666666,0.9236800836382646,315.5,12.0,0.4,6,,4920546,Summer,1,,0,0,18.0,16.7,0.2,0.2,0.0,20.1,39.2,94.0,51.0,0.4,Drizzle,12-17°C,Breezy (25-40),0.0
2026-2027,2026-08-31,Monday,14:30,Midweek,Briton Ferry Llansawel,Barry Town United,South,South,South-South,927.0,footballwebpages,1.0,4.0,Aug,August BH,0,0,59.1,48,<1h,844.3333333333334,1.0979076194236084,760.0,10.0,1.4,6,,4920547,Summer,1,,0,0,18.2,17.1,0.5,0.5,0.0,18.8,40.3,90.0,53.0,1.3,Rain,Over 17°C,Windy (40-55),1.0
2026-2027,2026-08-31,Monday,14:30,Midweek,Cambrian United,Penybont FC,South,South,South-South,1100.0,footballwebpages,2.0,2.0,Aug,August BH,0,1,28.1,39,<1h,899.0,1.2235817575083423,622.0,9.0,1.4,6,,4920549,Summer,1,,0,0,17.7,16.1,0.1,0.1,0.0,19.1,41.8,85.0,51.0,0.30000000000000004,Drizzle,12-17°C,Windy (40-55),0.0
2026-2027,2026-08-31,Monday,14:30,Midweek,Haverfordwest County,Trefelin Boys & Girls Club,South,South,South-South,703.0,footballwebpages,2.0,1.0,Aug,August BH,0,0,104.4,80,1-2h,663.5,1.0595327807083648,518.3333333333334,15.0,0.0,6,,4920551,Summer,1,,0,0,16.9,15.0,0.0,0.0,0.0,20.7,38.2,97.0,3.0,0.0,"Dry, overcast",12-17°C,Breezy (25-40),0.0
2026-2027,2026-08-31,Monday,14:30,Midweek,Flint Town United,Connah's Quay Nomads,North,North,North-North,763.0,footballwebpages,1.0,2.0,Aug,August BH,0,1,5.3,12,<1h,505.6666666666667,1.5088991430454846,327.0,14.0,0.2,6,,4920724,Summer,1,,0,0,17.2,14.8,0.1,0.1,0.0,25.7,53.3,29.0,51.0,0.5,Drizzle,12-17°C,Windy (40-55),0.0
2026-2027,2026-08-31,Monday,15:00,Midweek,Caernarfon Town,The New Saints,North,North,North-North,1392.0,footballwebpages,2.0,3.0,Aug,August BH,0,0,143.5,105,1-2h,1330.5,1.0462232243517475,393.75,6.0,2.4,6,,4920548,Summer,1,,0,0,16.8,14.3,0.1,0.1,0.0,21.9,40.0,92.0,51.0,0.30000000000000004,Drizzle,12-17°C,Breezy (25-40),0.0
2026-2027,2026-08-31,Monday,17:15,Midweek,Colwyn Bay,Llandudno FC,North,North,North-North,2037.0,footballwebpages,2.0,0.0,Aug,August BH,0,1,15.2,19,<1h,1381.3333333333333,1.4746621621621625,515.5,10.0,1.4,6,,4920550,Summer,1,,0,0,15.7,12.7,0.0,0.0,0.0,21.6,49.3,88.0,3.0,0.8,Drizzle,12-17°C,Windy (40-55),0.0
2026-2027,2026-09-04,Friday,19:45,Fri evening,Briton Ferry Llansawel,Airbus UK Broughton,South,North,North-South,421.0,footballwebpages,0.0,2.0,Sep,,0,0,240.0,201,>3h,844.3333333333334,0.4986182392420055,319.6666666666667,11.0,0.8,7,,4920552,,0,,0,0,16.3,14.6,0.0,0.0,0.0,16.0,42.1,31.0,1.0,0.0,Clear,12-17°C,Windy (40-55),0.0
2026-2027,2026-09-04,Friday,19:45,Fri evening,Caernarfon Town,Flint Town United,North,North,North-North,1199.0,footballwebpages,3.0,0.0,Sep,,0,0,91.7,71,1-2h,1330.5,0.9011649755730928,505.6666666666667,6.0,1.8,7,,4920553,,0,,0,0,15.6,12.9,0.4,0.4,0.0,24.0,41.4,72.0,51.0,0.9,Drizzle,12-17°C,Windy (40-55),0.0
2026-2027,2026-09-04,Friday,19:45,Fri evening,Cardiff Metropolitan University,Cambrian United,South,South,South-South,359.0,footballwebpages,2.0,2.0,Sep,,0,1,36.4,41,<1h,315.5,1.1378763866877972,899.0,5.0,1.8,7,,4920554,,0,,0,0,15.9,13.9,0.0,0.0,0.0,16.8,34.6,16.0,0.0,0.0,Clear,12-17°C,Breezy (25-40),0.0
2026-2027,2026-09-04,Friday,19:45,Fri evening,Holywell Town,Trefelin Boys & Girls Club,North,South,North-South,402.0,footballwebpages,1.0,1.0,Sep,,0,0,264.7,217,>3h,600.0,0.67,518.3333333333334,16.0,0.0,7,,4920555,,0,,0,0,15.8,13.1,0.0,0.0,0.0,21.0,43.2,23.0,1.0,0.0,Clear,12-17°C,Windy (40-55),0.0
2026-2027,2026-09-04,Friday,19:45,Fri evening,Llandudno FC,Ammanford AFC,North,South,North-South,324.0,footballwebpages,2.0,0.0,Sep,,0,0,220.3,229,>3h,515.5,0.6285160038797284,637.6666666666666,6.0,1.8,7,,4920556,,0,,0,0,16.3,13.7,0.1,0.1,0.0,22.9,50.8,39.0,51.0,0.4,Drizzle,12-17°C,Windy (40-55),0.0
2026-2027,2026-09-04,Friday,19:45,Fri evening,Connah's Quay Nomads,Haverfordwest County,North,South,North-South,262.0,footballwebpages,1.0,1.0,Sep,,0,0,244.6,240,>3h,327.0,0.8012232415902141,663.5,3.0,3.0,7,,4920725,,0,,0,0,16.4,14.0,0.0,0.0,0.0,19.3,41.8,14.0,0.0,0.0,Clear,12-17°C,Windy (40-55),0.0
2026-2027,2026-09-05,Saturday,12:30,Sat lunch,Penybont FC,Colwyn Bay,South,North,North-South,441.0,footballwebpages,1.0,0.0,Sep,,0,0,329.7,263,>3h,622.0,0.7090032154340836,1381.3333333333333,7.0,2.2,7,,4920557,,0,Swansea City,1,1,16.5,14.3,0.0,0.0,0.0,14.0,28.8,100.0,3.0,0.0,"Dry, overcast",12-17°C,Breezy (25-40),0.0
2026-2027,2026-09-05,Saturday,17:15,Sat evening,The New Saints,Barry Town United,North,South,North-South,412.0,footballwebpages,1.0,0.0,Sep,,0,0,221.4,185,>3h,393.75,1.0463492063492064,760.0,3.0,3.0,7,,4920558,,0,,0,1,17.4,15.3,0.0,0.0,0.0,12.2,23.8,55.0,2.0,0.0,"Dry, overcast",12-17°C,Calm (<25 km/h gusts),0.0
